1,1,515.33,577.53,225.2199999999999,63.639999999999986,1,2,1.0
1,2,587.72,625.07,65.88,21.729999999999905,1,1,1.0
1,3,534.6,632.18,43.99000000000001,23.020000000000095,1,1,1.0
2,1,512.0,578.79,231.86,60.41000000000008,1,2,1.0
2,2,591.05,623.5,68.55000000000007,26.5,1,1,1.0
2,3,538.1,629.6,46.289999999999964,21.899999999999977,1,1,1.0
3,1,513.0,580.83,229.39999999999998,58.26999999999998,1,2,1.0
3,2,591.05,624.5,65.35000000000002,25.269999999999982,1,1,1.0
3,3,535.7,629.12,51.58999999999992,23.779999999999973,1,1,1.0
4,1,511.9,585.0,227.58000000000004,51.89999999999998,1,2,1.0
4,2,591.66,622.55,57.639999999999986,27.550000000000068,1,1,1.0
4,3,541.5,627.5,51.59000000000003,25.159999999999968,1,1,1.0
5,1,513.64,584.1,225.06000000000006,55.35000000000002,1,2,1.0
5,2,587.31,623.68,59.59000000000003,25.620000000000005,1,1,1.0
5,3,542.95,628.64,51.58999999999992,23.779999999999973,1,1,1.0
6,1,509.5,589.56,220.57000000000005,45.84000000000003,1,2,1.0
6,2,584.66,622.87,59.04000000000008,25.629999999999995,1,1,1.0
6,3,549.11,628.27,51.59000000000003,23.779999999999973,1,1,1.0
7,1,508.9,595.94,209.02999999999997,39.3599999999999,1,2,1.0
7,2,585.53,624.52,58.76999999999998,28.379999999999995,1,1,1.0
7,3,555.27,627.91,51.59000000000003,23.780000000000086,1,1,1.0
8,1,505.8,596.52,211.70999999999998,38.77999999999997,1,2,1.0
8,2,587.6,622.4,57.129999999999995,22.0,1,1,1.0
8,3,561.43,627.55,51.59000000000003,23.780000000000086,1,1,1.0
9,1,504.4,598.04,210.56000000000006,35.56000000000006,1,2,1.0
9,2,586.82,623.65,57.67999999999995,23.950000000000045,1,1,1.0
9,3,567.59,634.2,40.00999999999999,17.09999999999991,1,1,1.0
10,1,504.7,598.2,211.57,34.19999999999993,1,2,1.0
10,2,582.72,622.9,63.72000000000003,26.940000000000055,1,1,1.0
10,3,569.04,636.5,42.75999999999999,15.919999999999959,1,1,1.0
11,1,504.5,597.75,213.94000000000005,36.450000000000045,1,2,1.0
11,2,586.58,624.66,65.53999999999996,22.410000000000082,1,1,1.0
11,3,572.42,634.2,52.680000000000064,16.769999999999982,1,1,1.0
12,1,504.9,603.9,205.60000000000002,31.0,1,2,1.0
12,2,584.33,626.37,48.969999999999914,23.950000000000045,1,1,1.0
13,1,506.5,602.6,207.5,31.399999999999977,1,2,1.0
13,2,585.54,627.3,43.360000000000014,22.56000000000006,1,1,1.0
13,3,610.18,624.84,39.16000000000008,18.360000000000014,1,1,1.0
14,1,506.0,604.1,203.60000000000002,30.199999999999932,1,2,1.0
14,2,586.15,627.3,46.14999999999998,24.170000000000073,1,1,1.0
14,3,613.32,624.12,41.77999999999997,20.779999999999973,1,1,1.0
15,1,503.3,602.8,209.49999999999994,30.100000000000023,1,2,1.0
15,2,584.9,628.2,52.39999999999998,21.34999999999991,1,1,1.0
15,3,611.39,622.91,41.77999999999997,20.780000000000086,1,1,1.0
16,1,507.75,601.5,205.14999999999998,34.99000000000001,1,2,1.0
16,2,583.88,626.1,51.22000000000003,22.139999999999986,1,1,1.0
16,3,609.7,623.6,38.879999999999995,17.67999999999995,1,1,1.0
17,1,505.81,600.7,208.48999999999995,36.24000000000001,1,2,1.0
17,2,586.29,626.3,46.50999999999999,22.5,1,1,1.0
17,3,605.83,621.67,38.879999999999995,17.670000000000073,1,1,1.0
18,1,505.03,599.9,208.67000000000007,36.08000000000004,1,2,1.0
18,2,586.46,627.0,51.83999999999992,21.870000000000005,1,1,1.0
18,3,607.77,620.94,38.879999999999995,17.67999999999995,1,1,1.0
19,1,506.6,603.3,207.89999999999998,30.100000000000023,1,2,1.0
19,2,584.91,627.7,50.690000000000055,16.899999999999977,1,1,1.0
19,3,612.63,620.4,41.870000000000005,16.700000000000045,1,1,1.0
20,1,506.9,599.0,210.10000000000002,34.60000000000002,1,2,1.0
20,2,584.58,625.0,55.799999999999955,20.940000000000055,1,1,1.0
20,3,603.7,618.7,56.27999999999997,15.799999999999955,1,1,1.0
21,1,506.7,598.0,209.40000000000003,35.60000000000002,1,2,1.0
21,2,584.89,618.35,63.65999999999997,27.480000000000018,1,1,1.0
21,3,610.1,617.62,58.24000000000001,17.779999999999973,1,1,1.0
22,1,505.6,599.0,213.60000000000002,36.0,1,2,1.0
22,2,582.96,620.94,61.67999999999995,25.50999999999999,1,1,1.0
22,3,622.5,617.62,45.84000000000003,15.879999999999995,1,1,1.0
23,1,506.0,600.3,208.39999999999998,32.200000000000045,1,2,1.0
23,2,577.88,622.15,65.32000000000005,24.629999999999995,1,1,1.0
23,4,532.68,639.76,23.260000000000105,11.81000000000006,1,1,1.0
23,3,627.2,615.19,53.129999999999995,18.209999999999923,1,1,1.0
24,1,507.74,596.2,213.26,40.569999999999936,1,2,1.0
24,2,586.12,626.58,53.77999999999997,19.449999999999932,1,1,1.0
24,4,534.4,637.58,25.399999999999977,14.919999999999959,1,1,1.0
24,3,628.0,615.6,49.5,15.0,1,1,1.0
25,1,504.6,597.7,216.5,36.39999999999998,1,2,1.0
25,2,590.1,625.6,47.0,17.209999999999923,1,1,1.0
25,4,533.41,640.68,25.019999999999982,16.440000000000055,1,1,1.0
25,3,634.07,614.25,49.5,15.0,1,1,1.0
26,1,507.2,593.8,221.00000000000006,43.200000000000045,1,2,1.0
26,2,588.4,629.88,47.0,11.720000000000027,1,1,1.0
26,4,534.04,638.66,27.790000000000077,17.06000000000006,1,1,1.0
26,3,628.54,614.0,57.66000000000008,14.0,1,1,1.0
27,1,506.1,595.7,211.39999999999998,41.39999999999998,1,2,1.0
27,2,589.92,629.2,43.379999999999995,10.799999999999955,1,1,1.0
27,4,534.37,640.41,29.769999999999982,16.920000000000073,1,1,1.0
27,3,636.36,613.33,57.65999999999997,14.0,1,1,1.0
28,1,506.03,595.8,215.37,41.79000000000008,1,2,1.0
28,4,537.3,639.93,27.960000000000036,18.670000000000073,1,1,1.0
28,3,637.44,613.19,57.65999999999997,14.0,1,1,1.0
29,1,508.1,593.7,214.79999999999995,42.09999999999991,1,2,1.0
29,4,541.1,642.8,28.090000000000032,17.600000000000023,1,1,1.0
29,3,639.86,614.0,57.65999999999997,14.0,1,1,1.0
30,1,511.48,595.1,210.01999999999998,43.90999999999997,1,2,1.0
30,4,535.7,644.7,39.49000000000001,15.599999999999909,1,1,1.0
30,3,641.88,611.71,57.65999999999997,14.0,1,1,1.0
31,1,510.25,592.9,214.75,46.59000000000003,1,2,1.0
31,4,537.6,643.11,42.01999999999998,19.68999999999994,1,1,1.0
31,3,645.93,609.82,57.66000000000008,14.0,1,1,1.0
32,1,512.0,593.7,208.60000000000002,44.19999999999993,1,2,1.0
32,4,537.0,641.29,45.289999999999964,21.00999999999999,1,1,1.0
32,3,652.33,610.94,52.569999999999936,11.3599999999999,1,1,1.0
32,5,523.64,627.91,31.74000000000001,13.57000000000005,1,1,1.0
33,1,511.4,593.9,208.10000000000002,44.80000000000007,1,2,1.0
33,4,545.4,639.72,42.389999999999986,21.279999999999973,1,1,1.0
33,3,658.73,612.07,46.569999999999936,8.42999999999995,1,1,1.0
33,5,523.4,628.95,30.100000000000023,12.549999999999955,1,1,1.0
34,1,508.4,593.9,214.89999999999998,45.0,1,2,1.0
34,4,545.5,632.87,56.41999999999996,29.629999999999995,1,1,1.0
34,3,674.9,612.07,30.700000000000045,8.729999999999905,1,1,1.0
34,5,523.4,627.91,32.60000000000002,12.990000000000009,1,1,1.0
35,1,510.1,594.7,213.89999999999998,43.0,1,2,1.0
35,4,547.0,636.86,54.15999999999997,23.539999999999964,1,1,1.0
35,3,680.74,611.39,26.559999999999945,9.009999999999991,1,1,1.0
35,5,525.9,626.03,39.5,16.970000000000027,1,1,1.0
36,1,507.12,593.8,217.38,43.6400000000001,1,2,1.0
36,4,547.7,637.75,54.229999999999905,23.75,1,1,1.0
36,3,689.39,610.86,18.50999999999999,8.240000000000009,1,1,1.0
36,5,527.4,626.86,36.120000000000005,20.340000000000032,1,1,1.0
37,1,505.5,593.32,218.29999999999995,43.879999999999995,1,2,1.0
37,4,546.7,636.55,59.65999999999997,27.450000000000045,1,1,1.0
37,3,684.06,610.67,22.24000000000001,6.830000000000041,1,1,1.0
37,5,525.5,624.98,45.950000000000045,20.519999999999982,1,1,1.0
38,1,507.1,594.9,216.60000000000002,41.60000000000002,1,2,1.0
38,4,555.4,634.68,59.31000000000006,25.32000000000005,1,1,1.0
38,3,692.4,610.06,13.5,7.940000000000055,1,1,1.0
38,5,529.26,626.24,45.950000000000045,20.50999999999999,1,1,1.0
39,1,509.3,596.7,211.90000000000003,40.0,1,2,1.0
39,4,558.5,635.18,63.049999999999955,26.120000000000005,1,1,1.0
39,5,533.1,624.2,48.26999999999998,24.199999999999932,1,1,1.0
40,1,509.7,597.3,210.59999999999997,39.5,1,2,1.0
40,4,561.3,636.05,68.65000000000009,25.350000000000023,1,1,1.0
40,5,533.85,624.1,53.85000000000002,25.379999999999995,1,1,1.0
41,1,507.9,597.9,215.80000000000007,37.30000000000007,1,2,1.0
41,4,569.9,635.06,66.35000000000002,26.540000000000077,1,1,1.0
41,5,534.34,623.3,60.25999999999999,22.690000000000055,1,1,1.0
42,1,508.7,600.6,206.00000000000006,37.10000000000002,1,2,1.0
42,4,571.0,635.58,74.76999999999998,26.120000000000005,1,1,1.0
42,5,545.83,622.4,46.069999999999936,17.74000000000001,1,1,1.0
43,1,509.52,601.4,209.27999999999997,38.02999999999997,1,2,1.0
43,4,571.7,634.73,83.3599999999999,29.569999999999936,1,1,1.0
43,5,543.11,622.6,55.889999999999986,16.289999999999964,1,1,1.0
44,1,510.07,602.7,203.22999999999996,36.629999999999995,1,2,1.0
44,4,587.2,635.8,69.7299999999999,23.600000000000023,1,1,1.0
44,5,547.9,624.06,46.92000000000007,12.340000000000032,1,1,1.0
45,1,508.8,602.7,205.2,33.19999999999993,1,2,1.0
45,4,599.9,634.32,59.72000000000003,24.879999999999995,1,1,1.0
45,5,552.08,622.6,46.91999999999996,12.340000000000032,1,1,1.0
46,1,508.5,603.8,204.89999999999998,31.600000000000023,1,2,1.0
46,4,602.29,633.62,62.91000000000008,23.480000000000018,1,1,1.0
46,5,560.6,623.64,44.65999999999997,10.659999999999968,1,1,1.0
47,1,506.6,604.8,205.10000000000002,33.700000000000045,1,2,1.0
47,4,601.4,634.82,64.77999999999997,22.379999999999995,1,1,1.0
47,5,564.2,623.85,35.00999999999999,11.049999999999955,1,1,1.0
48,1,508.4,605.5,198.60000000000002,32.700000000000045,1,2,1.0
48,4,603.8,632.82,60.879999999999995,24.17999999999995,1,1,1.0
48,5,556.1,623.85,43.110000000000014,19.649999999999977,1,1,1.0
49,1,508.4,605.2,201.0,33.5,1,2,1.0
49,4,602.9,632.01,62.89999999999998,25.090000000000032,1,1,1.0
49,5,563.2,627.82,38.09999999999991,12.979999999999905,1,1,1.0
50,1,510.2,606.7,198.3,32.5,1,2,1.0
50,4,631.34,636.55,34.860000000000014,20.75,1,1,1.0
50,5,561.32,628.65,38.09999999999991,12.980000000000018,1,1,1.0
51,1,508.4,607.6,202.10000000000002,32.799999999999955,1,2,1.0
51,4,638.62,639.83,26.379999999999995,17.469999999999914,1,1,1.0
52,1,512.13,606.9,198.26999999999998,31.75,1,2,1.0
52,4,648.83,643.01,18.469999999999914,11.789999999999964,1,1,1.0
53,1,511.2,606.0,198.3,33.799999999999955,1,2,1.0
53,4,653.91,646.15,9.290000000000077,7.9500000000000455,1,1,1.0
54,1,512.6,606.2,198.0,33.09999999999991,1,2,1.0
54,4,655.36,644.22,9.289999999999964,7.949999999999932,1,1,1.0
55,1,512.82,604.4,199.27999999999997,34.700000000000045,1,2,1.0
56,1,511.3,603.1,202.7,39.10000000000002,1,2,1.0
57,1,513.9,604.6,198.10000000000002,37.19999999999993,1,2,1.0
58,1,512.9,605.8,198.20000000000005,34.30000000000007,1,2,1.0
59,1,514.2,606.2,197.5,32.89999999999998,1,2,1.0
60,1,513.8,607.4,189.4000000000001,33.89999999999998,1,2,1.0
61,1,513.3,606.5,196.0,33.0,1,2,1.0
62,1,511.34,608.2,193.95999999999998,32.18999999999994,1,2,1.0
63,1,511.17,610.9,191.53000000000003,28.909999999999968,1,2,1.0
64,1,511.15,612.5,189.35000000000002,27.159999999999968,1,2,1.0
65,1,511.68,611.7,187.61999999999995,29.459999999999923,1,2,1.0
66,1,507.0,611.4,195.20000000000005,26.58000000000004,1,2,1.0
67,1,505.35,612.7,191.85000000000002,26.719999999999914,1,2,1.0
68,1,505.54,611.9,191.66000000000003,22.659999999999968,1,2,1.0
69,1,505.44,613.1,193.66000000000003,21.279999999999973,1,2,1.0
70,1,504.46,611.1,195.33999999999997,22.090000000000032,1,2,1.0
71,1,501.59,610.7,195.81,22.92999999999995,1,2,1.0
72,1,501.05,611.3,198.05,22.730000000000018,1,2,1.0
73,1,502.21,609.8,198.58999999999997,22.49000000000001,1,2,1.0
74,1,504.04,608.0,195.25999999999993,22.200000000000045,1,2,1.0
75,1,502.8,608.9,197.3,23.58000000000004,1,2,1.0
76,1,499.99,608.5,200.90999999999997,22.700000000000045,1,2,1.0
77,1,499.1,609.1,200.5,22.41999999999996,1,2,1.0
78,1,498.73,608.7,202.26999999999998,24.199999999999932,1,2,1.0
79,1,498.71,606.3,203.19,26.470000000000027,1,2,1.0
80,1,495.17,606.4,208.72999999999996,24.690000000000055,1,2,1.0
81,1,501.13,606.7,205.87,23.519999999999982,1,2,1.0
82,1,495.62,605.8,213.08000000000004,23.83000000000004,1,2,1.0
83,1,489.83,603.3,214.57,26.190000000000055,1,2,1.0
84,1,490.25,605.4,212.25,24.730000000000018,1,2,1.0
85,1,491.57,603.1,213.43,23.399999999999977,1,2,1.0
86,1,493.76,602.6,208.64,24.00999999999999,1,2,1.0
87,1,493.08,602.0,213.12000000000006,24.840000000000032,1,2,1.0
88,1,492.91,603.2,212.38999999999993,23.269999999999982,1,2,1.0
89,1,492.65,603.0,211.64999999999998,22.860000000000014,1,2,1.0
90,1,492.15,602.7,212.55000000000007,20.629999999999995,1,2,1.0
91,1,491.5,602.0,215.5,21.840000000000032,1,2,1.0
91,6,540.05,643.94,17.879999999999995,11.259999999999991,1,1,1.0
92,1,489.96,600.7,219.44,23.769999999999982,1,2,1.0
92,6,539.5,641.79,18.399999999999977,14.210000000000036,1,1,1.0
93,1,490.42,598.5,218.57999999999998,24.860000000000014,1,2,1.0
93,6,540.2,640.47,22.539999999999964,14.129999999999995,1,1,1.0
94,1,495.37,596.9,218.52999999999997,25.57000000000005,1,2,1.0
94,6,542.2,644.06,22.370000000000005,13.040000000000077,1,1,1.0
95,1,492.15,597.1,223.45000000000005,23.409999999999968,1,2,1.0
95,6,545.5,642.11,20.450000000000045,13.889999999999986,1,1,1.0
96,1,485.06,599.1,227.04000000000002,23.25999999999999,1,2,1.0
96,6,553.1,643.08,12.269999999999982,9.620000000000005,1,1,1.0
97,1,485.11,598.8,232.28999999999996,23.230000000000018,1,2,1.0
97,6,544.7,644.38,20.019999999999982,12.919999999999959,1,1,1.0
98,1,490.44,598.2,224.66000000000003,23.699999999999932,1,2,1.0
98,6,551.9,640.04,25.159999999999968,15.360000000000014,1,1,1.0
99,1,488.75,598.6,231.14999999999998,23.079999999999927,1,2,1.0
99,6,572.5,638.11,22.659999999999968,8.789999999999964,1,1,1.0
100,1,492.36,594.4,219.43999999999994,28.529999999999973,1,2,1.0
100,6,572.1,637.49,27.039999999999964,9.009999999999991,1,1,1.0
101,1,492.12,595.9,222.58000000000004,27.519999999999982,1,2,1.0
102,1,488.25,595.7,227.25,27.16999999999996,1,2,1.0
103,1,492.2,595.9,226.09999999999997,30.090000000000032,1,2,1.0
104,1,489.81,595.9,224.48999999999995,29.840000000000032,1,2,1.0
105,1,489.38,595.9,227.41999999999996,27.790000000000077,1,2,1.0
106,1,491.49,595.5,227.61,26.879999999999995,1,2,1.0
107,1,489.95,596.6,228.34999999999997,27.659999999999968,1,2,1.0
107,6,606.6,631.29,28.16999999999996,10.910000000000082,1,1,1.0
107,7,543.94,643.94,19.42999999999995,15.529999999999973,1,1,1.0
108,1,494.97,597.2,221.92999999999995,25.870000000000005,1,2,1.0
108,7,543.9,645.17,21.58000000000004,17.730000000000018,1,1,1.0
109,1,493.88,596.9,222.62,25.850000000000023,1,2,1.0
109,6,627.6,632.29,23.059999999999945,7.810000000000059,1,1,1.0
109,7,544.1,645.05,22.590000000000032,20.850000000000023,1,1,1.0
110,1,494.83,596.2,223.87000000000006,28.659999999999968,1,2,1.0
110,6,647.4,629.31,15.730000000000018,10.090000000000032,1,1,1.0
110,7,538.2,643.69,35.479999999999905,22.50999999999999,1,1,1.0
111,1,500.73,595.0,214.87,27.970000000000027,1,2,1.0
111,6,650.0,630.97,23.019999999999982,9.329999999999927,1,1,1.0
111,7,541.1,643.42,38.40999999999997,23.379999999999995,1,1,1.0
112,1,489.2,594.9,228.90000000000003,28.81000000000006,1,2,1.0
112,6,656.83,630.68,21.469999999999914,8.720000000000027,1,1,1.0
112,7,540.2,641.55,42.33999999999992,26.65000000000009,1,1,1.0
113,1,492.77,596.8,220.13,25.129999999999995,1,2,1.0
113,6,657.28,630.17,22.220000000000027,10.930000000000064,1,1,1.0
113,7,542.2,636.54,47.43999999999994,32.860000000000014,1,1,1.0
114,1,489.11,595.5,227.68999999999994,28.460000000000036,1,2,1.0
114,6,656.21,630.16,21.99000000000001,10.139999999999986,1,1,1.0
114,7,545.61,633.85,54.23000000000002,35.75,1,1,1.0
115,1,492.26,597.1,222.84000000000003,25.730000000000018,1,2,1.0
115,6,656.6,630.74,21.799999999999955,7.860000000000014,1,1,1.0
115,7,551.97,630.69,49.42999999999995,40.26999999999998,1,1,1.0
116,1,494.95,597.9,221.05,26.279999999999973,1,2,1.0
116,7,554.4,631.6,55.0,35.799999999999955,1,1,1.0
117,1,493.9,597.2,227.10000000000002,26.17999999999995,1,2,1.0
117,7,555.71,632.25,77.58999999999992,30.049999999999955,1,1,1.0
118,1,495.99,597.5,223.90999999999997,27.450000000000045,1,2,1.0
118,7,559.3,630.18,78.75999999999999,32.32000000000005,1,1,1.0
119,1,491.06,596.0,227.04000000000002,29.149999999999977,1,2,1.0
119,7,571.8,630.38,72.55000000000007,31.720000000000027,1,1,1.0
120,1,490.5,598.3,227.10000000000002,25.450000000000045,1,2,1.0
120,7,580.1,630.93,73.79999999999995,31.970000000000027,1,1,1.0
121,1,490.35,595.2,224.35000000000002,30.49000000000001,1,2,1.0
121,7,595.9,628.05,65.40999999999997,27.850000000000023,1,1,1.0
122,1,488.39,598.0,228.21000000000004,25.139999999999986,1,2,1.0
122,7,599.1,630.36,67.11000000000001,25.74000000000001,1,1,1.0
122,8,520.1,627.19,16.49000000000001,12.1099999999999,1,1,1.0
123,1,484.55,598.9,218.15000000000003,24.75,1,2,1.0
123,7,601.6,630.7,66.88,26.59999999999991,1,1,1.0
123,8,519.5,619.64,21.909999999999968,18.75999999999999,1,1,1.0
124,1,473.7,591.8,223.85999999999996,33.25999999999999,1,2,1.0
124,7,600.9,632.99,67.44000000000005,24.809999999999945,1,1,1.0
124,8,518.3,630.36,10.900000000000091,7.639999999999986,1,1,1.0
125,1,470.5,591.3,233.32000000000005,35.56000000000006,1,2,1.0
125,7,622.8,633.57,47.97000000000003,24.42999999999995,1,1,1.0
125,8,520.5,627.56,22.909999999999968,11.540000000000077,1,1,1.0
126,1,477.1,599.9,227.02999999999997,25.149999999999977,1,2,1.0
126,7,638.06,637.19,32.04000000000008,22.809999999999945,1,1,1.0
126,8,526.6,633.7,9.809999999999945,8.0,1,1,1.0
127,1,470.6,590.3,233.85000000000002,36.690000000000055,1,2,1.0
127,7,638.79,635.31,32.710000000000036,24.3900000000001,1,1,1.0
128,1,477.3,592.7,225.83999999999997,33.67999999999995,1,2,1.0
128,7,639.25,635.88,28.149999999999977,19.41999999999996,1,1,1.0
129,1,473.0,590.4,230.01999999999998,36.47000000000003,1,2,1.0
129,7,644.29,635.5,26.31000000000006,20.0,1,1,1.0
129,9,538.22,643.9,15.949999999999932,10.220000000000027,1,1,1.0
130,1,469.9,590.6,232.75,37.01999999999998,1,2,1.0
130,7,641.54,637.84,23.660000000000082,16.959999999999923,1,1,1.0
130,9,533.3,639.5,17.410000000000082,15.600000000000023,1,1,1.0
131,1,473.5,587.7,227.19000000000005,39.039999999999964,1,2,1.0
131,7,651.42,646.82,10.780000000000086,6.67999999999995,1,1,1.0
131,9,532.3,640.68,30.210000000000036,17.420000000000073,1,1,1.0
132,1,473.5,585.4,226.86,43.25,1,2,1.0
132,7,651.42,646.82,10.780000000000086,6.67999999999995,1,1,1.0
132,9,534.5,639.16,22.600000000000023,17.940000000000055,1,1,1.0
133,1,470.8,585.9,228.82999999999998,43.639999999999986,1,2,1.0
133,8,509.48,623.33,16.220000000000027,9.669999999999959,1,1,1.0
133,9,531.7,639.88,30.219999999999914,16.120000000000005,1,1,1.0
134,1,474.8,588.8,222.84999999999997,44.210000000000036,1,2,1.0
134,8,511.0,623.53,11.25,6.769999999999982,1,1,1.0
134,9,529.3,636.38,30.770000000000095,19.220000000000027,1,1,1.0
135,1,470.5,584.1,227.69000000000005,46.50999999999999,1,2,1.0
135,8,511.7,621.2,10.95999999999998,11.399999999999977,1,1,1.0
135,9,532.8,636.19,30.210000000000036,20.50999999999999,1,1,1.0
136,1,471.8,585.4,224.75999999999993,45.960000000000036,1,2,1.0
136,8,512.6,620.08,15.329999999999927,12.419999999999959,1,1,1.0
136,9,527.6,635.02,39.60000000000002,22.480000000000018,1,1,1.0
137,1,472.4,584.9,223.98000000000002,46.25,1,2,1.0
137,8,513.4,626.06,8.649999999999977,6.440000000000055,1,1,1.0
137,9,529.3,636.38,42.17000000000007,20.91999999999996,1,1,1.0
138,1,469.9,583.5,227.47000000000003,48.549999999999955,1,2,1.0
138,9,530.0,635.54,49.690000000000055,20.460000000000036,1,1,1.0
139,1,470.9,586.9,226.44000000000005,45.440000000000055,1,2,1.0
139,9,531.7,634.58,46.67999999999995,22.019999999999982,1,1,1.0
140,1,472.8,586.6,221.58999999999997,45.74000000000001,1,2,1.0
140,9,530.0,632.66,43.09000000000003,23.540000000000077,1,1,1.0
141,1,469.2,587.3,230.07,44.29000000000008,1,2,1.0
141,9,528.6,631.46,46.139999999999986,25.639999999999986,1,1,1.0
142,1,467.9,584.4,226.75,46.690000000000055,1,2,1.0
142,9,533.1,632.45,57.77999999999997,24.949999999999932,1,1,1.0
143,1,468.4,583.8,227.21000000000004,49.00999999999999,1,2,1.0
143,9,528.6,632.49,63.559999999999945,25.00999999999999,1,1,1.0
144,1,459.7,581.6,234.93,51.14999999999998,1,2,1.0
144,9,535.2,631.96,65.38,23.839999999999918,1,1,1.0
145,1,466.8,583.4,227.24999999999994,48.51999999999998,1,2,1.0
145,9,536.4,631.33,62.55000000000007,25.370000000000005,1,1,1.0
146,1,467.1,583.1,225.53999999999996,51.25,1,2,1.0
146,9,539.7,630.02,56.40999999999997,27.180000000000064,1,1,1.0
147,1,460.8,582.9,233.46999999999997,50.09000000000003,1,2,1.0
147,9,544.7,630.52,54.40999999999997,26.180000000000064,1,1,1.0
148,1,460.5,582.0,236.89999999999998,50.639999999999986,1,2,1.0
148,9,544.5,630.14,56.99000000000001,27.25999999999999,1,1,1.0
149,1,464.8,584.4,234.14000000000004,49.0,1,2,1.0
149,9,551.0,631.38,50.309999999999945,19.82000000000005,1,1,1.0
150,1,470.5,583.8,228.40999999999997,48.66000000000008,1,2,1.0
150,9,559.1,631.57,47.549999999999955,18.629999999999995,1,1,1.0
151,1,463.8,585.3,235.78000000000003,43.31000000000006,1,2,1.0
151,9,559.76,626.27,51.039999999999964,23.029999999999973,1,1,1.0
152,1,468.1,586.5,231.35000000000002,42.120000000000005,1,2,1.0
152,9,567.53,631.13,45.57000000000005,17.269999999999982,1,1,1.0
153,1,463.4,584.3,236.77999999999997,45.05000000000007,1,2,1.0
153,9,571.11,630.1,42.68999999999994,17.600000000000023,1,1,1.0
154,1,466.0,585.8,234.51,42.3900000000001,1,2,1.0
154,9,575.3,632.75,29.370000000000005,15.649999999999977,1,1,1.0
155,1,470.2,586.3,232.99000000000007,40.04000000000008,1,2,1.0
155,9,582.9,630.05,29.710000000000036,16.450000000000045,1,1,1.0
156,1,469.3,585.6,236.2,38.47000000000003,1,2,1.0
156,9,589.08,632.83,30.219999999999914,9.870000000000005,1,1,1.0
157,1,471.0,584.8,234.80999999999995,38.72000000000003,1,2,1.0
157,9,588.91,631.58,37.49000000000001,10.219999999999914,1,1,1.0
158,1,471.0,585.7,237.73000000000002,36.33999999999992,1,2,1.0
158,9,599.86,627.6,12.93999999999994,8.899999999999977,1,1,1.0
159,1,477.0,585.5,236.85000000000002,33.799999999999955,1,2,1.0
159,9,601.72,624.97,11.480000000000018,8.730000000000018,1,1,1.0
160,1,476.2,586.1,238.12000000000006,32.809999999999945,1,2,1.0
160,9,602.22,624.01,18.980000000000018,9.789999999999964,1,1,1.0
161,1,480.3,586.9,233.69,33.35000000000002,1,2,1.0
162,1,482.9,586.0,237.46000000000004,30.49000000000001,1,2,1.0
163,1,484.0,588.6,239.32000000000005,26.289999999999964,1,2,1.0
164,1,487.5,587.0,239.13,32.559999999999945,1,2,1.0
165,1,489.7,587.4,236.35999999999996,29.860000000000014,1,2,1.0
166,1,488.48,579.8,253.01999999999998,38.8900000000001,1,2,1.0
167,1,487.93,578.9,252.67000000000002,40.610000000000014,1,2,1.0
168,1,487.93,579.7,252.96999999999997,40.75999999999999,1,2,1.0
169,1,490.91,577.2,253.69,43.620000000000005,1,2,1.0
170,1,491.83,575.1,252.17000000000002,48.049999999999955,1,2,1.0
171,1,491.17,574.5,253.82999999999998,47.690000000000055,1,2,1.0
172,1,493.08,571.3,252.52000000000004,51.379999999999995,1,2,1.0
172,10,693.61,597.62,23.25999999999999,19.68999999999994,1,1,1.0
173,1,495.14,569.85,255.78999999999996,54.51999999999998,1,2,1.0
173,10,693.29,592.54,30.00999999999999,23.460000000000036,1,1,1.0
174,1,496.15,570.2,261.15,54.82999999999993,1,2,1.0
174,10,692.22,601.53,23.279999999999973,15.970000000000027,1,1,1.0
175,1,496.53,566.97,262.55000000000007,59.33999999999992,1,2,1.0
175,10,693.04,604.0,21.460000000000036,13.450000000000045,1,1,1.0
176,1,494.0,574.23,254.15999999999997,53.16999999999996,1,2,1.0
176,10,691.0,603.0,22.639999999999986,15.299999999999955,1,1,1.0
177,1,496.27,574.36,251.42000000000007,51.94999999999993,1,2,1.0
177,10,691.9,611.23,11.850000000000023,9.870000000000005,1,1,1.0
178,1,497.02,577.4,243.38,50.860000000000014,1,2,1.0
179,1,499.46,579.4,242.14000000000004,47.879999999999995,1,2,1.0
180,1,496.39,582.3,240.90999999999997,45.360000000000014,1,2,1.0
181,1,500.24,585.5,237.65999999999997,42.91999999999996,1,2,1.0
182,1,496.91,587.5,238.29000000000002,38.26999999999998,1,2,1.0
183,1,498.25,593.4,223.95000000000005,32.700000000000045,1,2,1.0
184,1,498.64,593.5,222.36,33.47000000000003,1,2,1.0
185,1,497.22,595.0,216.77999999999997,32.0,1,2,1.0
186,1,497.94,596.7,218.06,30.659999999999968,1,2,1.0
187,1,498.13,598.4,216.26999999999998,26.029999999999973,1,2,1.0
187,11,570.95,641.48,15.779999999999973,5.909999999999968,1,1,1.0
188,1,494.38,600.7,222.12,22.399999999999977,1,2,1.0
188,11,580.27,629.5,21.83000000000004,19.149999999999977,1,1,1.0
189,1,493.75,598.4,219.95000000000005,26.840000000000032,1,2,1.0
189,11,580.1,630.04,20.91999999999996,17.160000000000082,1,1,1.0
190,1,497.91,599.8,217.29000000000002,26.420000000000073,1,2,1.0
190,11,579.7,632.2,21.0,15.0,1,1,1.0
190,12,539.39,644.56,18.450000000000045,9.540000000000077,1,1,1.0
191,1,497.51,598.0,219.28999999999996,27.58000000000004,1,2,1.0
191,11,584.72,629.87,39.77999999999997,14.330000000000041,1,1,1.0
191,12,540.0,642.15,20.33000000000004,12.25,1,1,1.0
192,1,496.73,598.8,219.06999999999994,27.980000000000018,1,2,1.0
192,11,595.65,632.92,34.950000000000045,12.879999999999995,1,1,1.0
192,12,541.2,641.36,22.91999999999996,15.639999999999986,1,1,1.0
193,1,494.67,598.3,220.72999999999996,27.75999999999999,1,2,1.0
193,11,597.6,634.6,42.120000000000005,10.259999999999991,1,1,1.0
193,12,537.6,640.64,26.379999999999995,18.460000000000036,1,1,1.0
194,1,497.92,598.5,219.97999999999996,27.279999999999973,1,2,1.0
194,11,614.69,633.6,33.70999999999992,12.5,1,1,1.0
194,12,537.1,641.84,27.43999999999994,19.75999999999999,1,1,1.0
195,1,495.45,600.0,220.34999999999997,25.49000000000001,1,2,1.0
195,11,604.63,632.33,46.870000000000005,13.370000000000005,1,1,1.0
195,12,539.6,641.45,26.539999999999964,20.049999999999955,1,1,1.0
196,1,496.96,600.1,216.24000000000007,25.66999999999996,1,2,1.0
196,11,596.1,632.41,62.299999999999955,14.490000000000009,1,1,1.0
196,12,539.19,640.26,28.839999999999918,22.81000000000006,1,1,1.0
197,1,496.94,599.8,219.45999999999998,26.090000000000032,1,2,1.0
197,11,611.37,630.28,54.23000000000002,17.019999999999982,1,1,1.0
197,12,538.74,644.39,32.960000000000036,25.909999999999968,1,1,1.0
198,1,496.18,595.4,217.21999999999997,31.5,1,2,1.0
198,11,606.7,630.98,63.33999999999992,19.620000000000005,1,1,1.0
198,12,541.18,641.96,28.420000000000073,27.039999999999964,1,1,1.0
199,1,498.65,597.2,211.75,29.24000000000001,1,2,1.0
199,11,625.25,631.01,49.549999999999955,17.889999999999986,1,1,1.0
199,12,542.5,641.97,34.690000000000055,26.029999999999973,1,1,1.0
200,1,496.77,596.9,213.83000000000004,27.980000000000018,1,2,1.0
200,11,621.77,630.31,52.33000000000004,14.690000000000055,1,1,1.0
200,12,543.7,638.08,32.879999999999995,31.120000000000005,1,1,1.0
201,1,496.94,598.8,212.66000000000003,27.08000000000004,1,2,1.0
201,11,644.98,630.15,31.120000000000005,15.450000000000045,1,1,1.0
201,12,545.2,639.68,34.92999999999995,31.420000000000073,1,1,1.0
202,1,502.28,600.3,206.62,25.520000000000095,1,2,1.0
202,11,645.11,629.2,33.49000000000001,16.59999999999991,1,1,1.0
202,12,544.1,638.04,41.569999999999936,34.360000000000014,1,1,1.0
203,1,501.87,599.8,206.02999999999997,27.690000000000055,1,2,1.0
203,11,646.29,631.77,29.81000000000006,13.430000000000064,1,1,1.0
203,12,546.7,634.88,42.639999999999986,35.91999999999996,1,1,1.0
204,1,498.69,598.8,209.91000000000003,27.50999999999999,1,2,1.0
204,11,652.44,631.05,23.75999999999999,13.550000000000068,1,1,1.0
204,12,547.8,635.75,48.8900000000001,36.64999999999998,1,1,1.0
205,1,498.84,602.5,205.36000000000007,24.159999999999968,1,2,1.0
205,11,664.99,633.2,12.809999999999945,7.899999999999977,1,1,1.0
205,12,552.6,635.7,47.539999999999964,35.39999999999998,1,1,1.0
206,1,502.59,601.6,199.31,27.66999999999996,1,2,1.0
206,11,665.56,630.61,14.6400000000001,10.68999999999994,1,1,1.0
206,12,555.1,635.17,46.5,31.930000000000064,1,1,1.0
207,1,498.74,602.9,203.36,27.210000000000036,1,2,1.0
207,11,668.01,629.06,11.289999999999964,9.1400000000001,1,1,1.0
207,12,560.4,635.51,49.10000000000002,29.190000000000055,1,1,1.0
208,1,501.31,600.9,204.08999999999997,28.610000000000014,1,2,1.0
208,11,667.11,626.19,13.490000000000009,11.309999999999945,1,1,1.0
208,12,561.9,637.08,48.450000000000045,27.519999999999982,1,1,1.0
209,1,492.69,605.0,208.41000000000003,27.67999999999995,1,2,1.0
209,12,566.3,637.97,47.80000000000007,26.230000000000018,1,1,1.0
210,1,493.42,604.3,203.18,28.940000000000055,1,2,1.0
210,12,568.16,640.2,55.54000000000008,22.899999999999977,1,1,1.0
210,13,531.18,637.34,12.950000000000045,8.639999999999986,1,1,1.0
211,1,488.6,603.7,208.22000000000003,29.3599999999999,1,2,1.0
211,12,583.9,641.01,41.22000000000003,19.49000000000001,1,1,1.0
211,13,530.7,635.05,22.120000000000005,12.450000000000045,1,1,1.0
212,1,486.1,600.9,206.11,32.25,1,2,1.0
212,12,590.1,640.28,52.870000000000005,23.620000000000005,1,1,1.0
212,13,532.0,633.82,25.149999999999977,13.379999999999995,1,1,1.0
213,1,484.1,599.0,207.14999999999998,37.23000000000002,1,2,1.0
213,12,604.96,639.36,42.33999999999992,18.840000000000032,1,1,1.0
213,13,531.4,635.02,26.440000000000055,14.580000000000041,1,1,1.0
214,1,481.9,599.5,209.67000000000007,36.10000000000002,1,2,1.0
214,12,606.46,640.37,48.039999999999964,22.529999999999973,1,1,1.0
214,13,530.38,637.08,50.01999999999998,15.620000000000005,1,1,1.0
215,1,473.4,594.7,216.85000000000002,43.26999999999998,1,2,1.0
215,12,619.86,640.46,34.539999999999964,20.24000000000001,1,1,1.0
215,13,531.17,636.67,49.73000000000002,13.530000000000086,1,1,1.0
216,1,471.1,590.6,216.45999999999992,48.289999999999964,1,2,1.0
216,12,625.69,639.82,29.809999999999945,19.779999999999973,1,1,1.0
216,13,529.39,636.0,39.50999999999999,12.799999999999955,1,1,1.0
217,1,467.2,587.1,222.59999999999997,52.19999999999993,1,2,1.0
217,12,635.26,645.2,18.639999999999986,13.099999999999909,1,1,1.0
217,13,528.3,634.6,34.440000000000055,16.600000000000023,1,1,1.0
218,1,458.8,582.2,229.66000000000003,56.539999999999964,1,2,1.0
218,12,638.79,647.63,15.509999999999991,11.470000000000027,1,1,1.0
218,13,531.0,631.33,31.539999999999964,20.569999999999936,1,1,1.0
219,1,467.8,584.0,220.08999999999997,55.629999999999995,1,2,1.0
219,13,531.7,627.13,41.789999999999964,25.57000000000005,1,1,1.0
219,14,498.79,611.52,13.680000000000007,11.779999999999973,1,1,1.0
220,1,467.2,583.9,222.18,54.55000000000007,1,2,1.0
220,13,529.9,629.04,41.89999999999998,24.00999999999999,1,1,1.0
220,14,497.0,610.22,16.24000000000001,12.279999999999973,1,1,1.0
221,1,458.8,579.5,227.8,59.210000000000036,1,2,1.0
221,13,529.4,632.76,43.17000000000007,22.639999999999986,1,1,1.0
221,14,497.9,607.68,17.480000000000018,12.120000000000005,1,1,1.0
222,1,458.7,578.2,230.06,59.979999999999905,1,2,1.0
222,13,531.5,636.17,38.379999999999995,15.530000000000086,1,1,1.0
222,14,483.24,601.41,30.360000000000014,17.99000000000001,1,1,1.0
223,1,480.7,582.6,211.57,54.00999999999999,1,2,1.0
223,13,527.77,635.53,64.23000000000002,20.57000000000005,1,1,1.0
223,14,491.0,603.17,29.91999999999996,15.129999999999995,1,1,1.0
224,1,476.9,580.4,215.23000000000002,57.05000000000007,1,2,1.0
224,13,528.72,634.07,42.67999999999995,17.729999999999905,1,1,1.0
224,14,488.34,601.85,36.36000000000007,17.549999999999955,1,1,1.0
225,1,477.2,582.3,217.85999999999996,55.190000000000055,1,2,1.0
225,13,529.8,638.19,35.10000000000002,13.809999999999945,1,1,1.0
225,14,487.72,601.07,34.379999999999995,21.129999999999995,1,1,1.0
226,1,446.6,569.2,249.90999999999997,67.65999999999997,1,2,1.0
226,13,528.73,637.21,35.069999999999936,15.789999999999964,1,1,1.0
226,14,486.76,604.48,35.440000000000055,15.919999999999959,1,1,1.0
227,1,486.4,584.0,212.14,51.33000000000004,1,2,1.0
227,13,526.35,635.18,35.35000000000002,16.520000000000095,1,1,1.0
227,14,487.71,604.17,42.490000000000066,18.629999999999995,1,1,1.0
228,1,458.3,573.7,242.82,61.299999999999955,1,2,1.0
228,13,531.24,633.64,26.960000000000036,14.960000000000036,1,1,1.0
228,14,493.1,606.73,39.10000000000002,19.069999999999936,1,1,1.0
229,1,457.8,576.6,244.40000000000003,55.639999999999986,1,2,1.0
229,13,529.14,636.68,20.960000000000036,12.120000000000005,1,1,1.0
229,14,493.42,607.41,39.079999999999984,18.590000000000032,1,1,1.0
230,1,484.1,585.5,213.89,44.710000000000036,1,2,1.0
230,13,526.5,632.18,29.269999999999982,21.020000000000095,1,1,1.0
230,14,496.5,607.18,42.14999999999998,21.520000000000095,1,1,1.0
231,1,458.1,580.6,247.09000000000003,49.26999999999998,1,2,1.0
231,13,526.6,632.27,29.379999999999995,20.529999999999973,1,1,1.0
231,14,492.91,607.73,42.48999999999995,21.970000000000027,1,1,1.0
232,1,464.8,584.6,238.91000000000003,43.94999999999993,1,2,1.0
232,13,533.9,639.39,11.700000000000045,10.009999999999991,1,1,1.0
232,14,497.31,611.34,24.689999999999998,17.059999999999945,1,1,1.0
233,1,469.4,584.0,236.48000000000002,44.059999999999945,1,2,1.0
233,13,534.2,635.14,23.870000000000005,16.960000000000036,1,1,1.0
233,14,497.41,611.22,26.79000000000002,18.17999999999995,1,1,1.0
234,1,469.1,584.7,237.0,41.789999999999964,1,2,1.0
234,14,497.2,606.99,26.500000000000057,21.610000000000014,1,1,1.0
235,1,470.4,586.6,238.21000000000004,39.99000000000001,1,2,1.0
235,14,499.8,613.03,19.390000000000043,15.269999999999982,1,1,1.0
236,1,470.9,587.2,236.76999999999998,38.51999999999998,1,2,1.0
236,14,498.6,612.18,18.389999999999986,13.580000000000041,1,1,1.0
237,1,477.4,595.1,230.84000000000003,30.720000000000027,1,2,1.0
237,14,499.36,611.16,20.870000000000005,14.960000000000036,1,1,1.0
238,1,471.8,588.4,236.86999999999995,36.389999999999986,1,2,1.0
238,14,501.3,612.4,15.499999999999943,12.600000000000023,1,1,1.0
239,1,469.8,592.4,236.17000000000002,25.08000000000004,1,2,1.0
239,14,497.99,611.6,30.110000000000014,17.129999999999995,1,1,1.0
240,1,478.1,595.0,232.64999999999998,27.629999999999995,1,2,1.0
240,14,504.6,616.22,14.959999999999923,10.779999999999973,1,1,1.0
241,1,482.3,595.2,228.94,25.6099999999999,1,2,1.0
241,14,507.4,612.23,21.399999999999977,16.569999999999936,1,1,1.0
242,1,488.8,595.4,226.57,24.49000000000001,1,2,1.0
242,14,507.8,612.02,24.27000000000004,17.379999999999995,1,1,1.0
243,1,480.6,593.8,233.01999999999998,28.370000000000005,1,2,1.0
243,14,508.78,620.59,12.350000000000023,10.459999999999923,1,1,1.0
244,1,481.5,594.7,231.73000000000002,29.319999999999936,1,2,1.0
245,1,483.2,595.2,231.39000000000004,27.449999999999932,1,2,1.0
245,14,510.4,623.85,7.850000000000023,6.149999999999977,1,1,1.0
246,1,482.1,595.1,233.45999999999992,26.829999999999927,1,2,1.0
247,1,482.7,595.6,232.64000000000004,25.230000000000018,1,2,1.0
248,1,477.3,595.0,239.2,24.639999999999986,1,2,1.0
249,1,479.4,594.9,237.61,25.100000000000023,1,2,1.0
250,1,480.0,597.8,236.73000000000002,24.0,1,2,1.0
251,1,475.7,595.8,239.20999999999998,23.100000000000023,1,2,1.0
252,1,483.35,592.5,237.75,26.940000000000055,1,2,1.0
253,1,485.53,591.9,237.57000000000005,26.75,1,2,1.0
254,1,484.55,593.6,237.55,24.549999999999955,1,2,1.0
255,1,483.01,592.1,242.39,27.470000000000027,1,2,1.0
256,1,483.62,595.9,234.48000000000002,25.379999999999995,1,2,1.0
257,1,484.24,595.5,233.36,28.0,1,2,1.0
258,1,483.25,596.6,234.35000000000002,23.319999999999936,1,2,1.0
259,1,485.88,596.2,231.22000000000003,24.839999999999918,1,2,1.0
260,1,480.7,596.2,238.3,24.229999999999905,1,2,1.0
261,1,487.75,593.7,234.14999999999998,29.329999999999927,1,2,1.0
262,1,488.59,593.1,234.51000000000005,30.68999999999994,1,2,1.0
263,1,491.16,596.9,230.33999999999997,27.00999999999999,1,2,1.0
264,1,489.2,595.8,232.2,28.15000000000009,1,2,1.0
265,1,490.62,596.9,230.98000000000002,26.75,1,2,1.0
266,1,493.28,597.5,228.12,27.350000000000023,1,2,1.0
267,1,492.14,601.4,224.96000000000004,24.74000000000001,1,2,1.0
268,1,493.98,601.9,219.81999999999994,23.899999999999977,1,2,1.0
269,1,491.32,603.3,219.28000000000003,22.83000000000004,1,2,1.0
270,1,491.71,602.3,219.08999999999997,26.220000000000027,1,2,1.0
271,1,493.65,604.0,213.55000000000007,24.440000000000055,1,2,1.0
272,1,492.07,603.1,217.93,25.17999999999995,1,2,1.0
273,1,493.78,604.2,214.72000000000003,23.6099999999999,1,2,1.0
274,1,493.81,603.6,213.48999999999995,24.100000000000023,1,2,1.0
275,1,494.28,605.9,210.92000000000007,26.33000000000004,1,2,1.0
276,1,489.4,606.6,220.60000000000002,23.980000000000018,1,2,1.0
277,1,492.46,604.6,219.74000000000007,25.100000000000023,1,2,1.0
278,1,494.73,606.3,210.56999999999994,23.83000000000004,1,2,1.0
279,1,493.59,605.8,213.31,25.670000000000073,1,2,1.0
280,1,490.37,604.3,213.42999999999995,25.980000000000018,1,2,1.0
281,1,489.1,603.2,213.69999999999993,26.68999999999994,1,2,1.0
282,1,489.76,603.4,213.64,26.75999999999999,1,2,1.0
283,1,496.82,606.6,210.28000000000003,22.649999999999977,1,2,1.0
284,1,492.0,604.8,213.69000000000005,25.75999999999999,1,2,1.0
285,1,493.1,604.2,211.73000000000002,24.309999999999945,1,2,1.0
286,1,494.6,603.2,205.69999999999993,26.719999999999914,1,2,1.0
287,1,492.5,603.0,209.95000000000005,25.549999999999955,1,2,1.0
288,1,491.8,602.3,210.48999999999995,27.690000000000055,1,2,1.0
289,1,491.2,604.3,214.46999999999997,25.550000000000068,1,2,1.0
290,1,496.0,605.3,207.95000000000005,24.110000000000014,1,2,1.0
291,1,491.9,602.4,214.0,26.100000000000023,1,2,1.0
292,1,496.8,607.5,207.45,20.409999999999968,1,2,1.0
293,1,497.9,606.2,212.09000000000003,22.75,1,2,1.0
294,1,496.7,602.5,218.67000000000002,28.309999999999945,1,2,1.0
295,1,498.8,598.5,221.16000000000003,34.32000000000005,1,2,1.0
296,1,500.24,598.2,218.46000000000004,34.70999999999992,1,2,1.0
297,1,501.78,595.1,216.42000000000007,38.94999999999993,1,2,1.0
298,1,502.12,593.6,218.17999999999995,39.97000000000003,1,2,1.0
299,1,503.96,593.8,216.04000000000002,41.17000000000007,1,2,1.0
300,1,503.7,589.8,223.8,44.6400000000001,1,2,1.0
301,1,503.06,588.89,225.46999999999997,46.31000000000006,1,2,1.0
302,1,505.53,592.3,218.07000000000005,43.55000000000007,1,2,1.0
303,1,505.82,591.68,217.77000000000004,44.379999999999995,1,2,1.0
304,1,505.35,592.4,218.01,44.379999999999995,1,2,1.0
305,1,507.9,593.26,212.33000000000004,43.960000000000036,1,2,1.0
306,1,509.95,594.2,216.65000000000003,44.479999999999905,1,2,1.0
307,1,509.38,599.1,199.01999999999998,40.02999999999997,1,2,1.0
308,1,509.33,598.8,208.37000000000006,40.15000000000009,1,2,1.0
309,1,510.86,603.2,201.34000000000003,36.27999999999997,1,2,1.0
310,1,509.31,604.4,191.39000000000004,37.08000000000004,1,2,1.0
311,1,508.52,606.7,193.38,35.68999999999994,1,2,1.0
312,1,509.38,608.2,191.91999999999996,33.139999999999986,1,2,1.0
313,1,507.44,610.7,193.76000000000005,27.549999999999955,1,2,1.0
314,1,514.02,611.9,185.68000000000006,25.950000000000045,1,2,1.0
315,1,507.16,613.5,191.23999999999995,24.74000000000001,1,2,1.0
316,1,511.19,613.4,188.41000000000003,24.450000000000045,1,2,1.0
317,1,508.75,612.8,190.85000000000002,25.129999999999995,1,2,1.0
318,1,504.75,611.2,194.85000000000002,25.99000000000001,1,2,1.0
319,1,506.45,611.1,194.55,26.360000000000014,1,2,1.0
320,1,509.38,611.4,191.51999999999998,25.399999999999977,1,2,1.0
321,1,508.53,611.2,191.37,25.899999999999977,1,2,1.0
322,1,505.8,610.6,194.90000000000003,27.17999999999995,1,2,1.0
323,1,505.6,609.6,197.19999999999993,27.079999999999927,1,2,1.0
324,1,508.04,609.5,194.25999999999993,25.809999999999945,1,2,1.0
325,1,510.18,609.9,191.61999999999995,24.100000000000023,1,2,1.0
326,1,509.27,608.9,191.93000000000006,26.5,1,2,1.0
327,1,506.66,609.2,198.63999999999993,26.74000000000001,1,2,1.0
328,1,507.87,609.6,194.83000000000004,25.75,1,2,1.0
329,1,510.76,608.5,192.24,29.0,1,2,1.0
330,1,506.99,610.1,196.30999999999995,28.67999999999995,1,2,1.0
331,1,511.63,607.8,192.16999999999996,32.16000000000008,1,2,1.0
332,1,511.32,608.8,193.97999999999996,31.370000000000005,1,2,1.0
333,1,507.88,609.2,192.51999999999998,31.16999999999996,1,2,1.0
334,1,509.34,610.2,190.36000000000007,28.6099999999999,1,2,1.0
335,1,511.61,611.6,188.68999999999994,25.789999999999964,1,2,1.0
336,1,506.59,613.1,188.41000000000003,23.559999999999945,1,2,1.0
337,1,508.35,613.4,186.04999999999995,24.930000000000064,1,2,1.0
338,1,509.39,614.8,185.90999999999997,21.75,1,2,1.0
339,1,506.67,612.0,192.22999999999996,27.07000000000005,1,2,1.0
340,1,505.8,614.6,190.59999999999997,28.909999999999968,1,2,1.0
341,1,503.12,615.2,192.77999999999997,22.91999999999996,1,2,1.0
342,1,504.96,612.6,192.74000000000007,26.870000000000005,1,2,1.0
343,1,506.92,611.3,189.97999999999996,23.550000000000068,1,2,1.0
344,1,503.08,610.9,195.12000000000006,25.24000000000001,1,2,1.0
345,1,501.72,611.0,195.38,24.029999999999973,1,2,1.0
346,1,502.96,611.2,196.54000000000002,27.959999999999923,1,2,1.0
347,1,504.45,611.0,193.75000000000006,27.879999999999995,1,2,1.0
348,1,495.08,606.6,204.82,27.019999999999982,1,2,1.0
349,1,490.6,605.8,202.20999999999992,29.770000000000095,1,2,1.0
350,1,488.7,602.9,206.97999999999996,31.649999999999977,1,2,1.0
351,1,490.2,606.1,201.49000000000007,28.289999999999964,1,2,1.0
352,1,490.1,600.6,206.49,35.52999999999997,1,2,1.0
353,1,490.3,603.4,205.98999999999995,30.159999999999968,1,2,1.0
354,1,491.2,602.5,206.79000000000002,33.889999999999986,1,2,1.0
355,1,488.6,602.8,208.74,30.610000000000014,1,2,1.0
356,1,486.5,601.5,207.27999999999997,30.659999999999968,1,2,1.0
357,1,487.7,600.6,208.00000000000006,31.039999999999964,1,2,1.0
358,1,489.8,601.6,208.92000000000002,32.069999999999936,1,2,1.0
359,1,487.7,603.5,210.42000000000002,27.039999999999964,1,2,1.0
360,1,483.5,599.4,215.09000000000003,31.860000000000014,1,2,1.0
361,1,481.3,598.0,215.65000000000003,33.40999999999997,1,2,1.0
362,1,485.1,601.5,213.0,30.690000000000055,1,2,1.0
363,1,478.6,595.3,222.47000000000003,36.47000000000003,1,2,1.0
364,1,481.7,599.7,221.01000000000005,28.870000000000005,1,2,1.0
365,1,484.0,598.7,216.07000000000005,29.43999999999994,1,2,1.0
366,1,484.7,600.7,218.93,29.979999999999905,1,2,1.0
367,1,486.5,599.2,216.37,29.729999999999905,1,2,1.0
368,1,487.8,600.8,215.85999999999996,26.980000000000018,1,2,1.0
369,1,481.0,597.9,222.20000000000005,28.779999999999973,1,2,1.0
370,1,483.4,598.5,222.79000000000008,29.289999999999964,1,2,1.0
371,1,485.6,599.5,218.54999999999995,26.50999999999999,1,2,1.0
372,1,484.3,597.7,218.90000000000003,32.19999999999993,1,2,1.0
373,1,484.1,597.4,220.90999999999997,30.769999999999982,1,2,1.0
374,1,483.2,599.1,222.79000000000002,27.519999999999982,1,2,1.0
375,1,483.6,600.2,220.59000000000003,26.84999999999991,1,2,1.0
376,1,483.4,601.1,224.42000000000007,25.100000000000023,1,2,1.0
377,1,477.5,596.8,230.67999999999995,28.910000000000082,1,2,1.0
378,1,475.0,593.4,232.08000000000004,30.970000000000027,1,2,1.0
379,1,484.5,598.9,221.73000000000002,25.629999999999995,1,2,1.0
380,1,474.6,594.7,234.76999999999998,30.529999999999973,1,2,1.0
381,1,474.5,595.5,236.01999999999998,29.379999999999995,1,2,1.0
382,1,474.4,593.0,233.19000000000005,31.75,1,2,1.0
383,1,475.8,588.5,236.08999999999997,36.5,1,2,1.0
384,1,478.2,588.2,233.18,37.789999999999964,1,2,1.0
385,1,478.5,588.5,235.01,35.210000000000036,1,2,1.0
386,1,478.2,588.0,237.38000000000005,35.97000000000003,1,2,1.0
387,1,479.4,590.5,238.64,34.110000000000014,1,2,1.0
388,1,479.2,589.9,240.70999999999998,33.190000000000055,1,2,1.0
389,1,480.0,588.3,238.52999999999997,36.960000000000036,1,2,1.0
390,1,479.6,586.2,242.12,38.40999999999997,1,2,1.0
391,1,478.8,591.5,240.10999999999996,31.019999999999982,1,2,1.0
392,1,478.0,590.2,238.45000000000005,32.389999999999986,1,2,1.0
393,1,478.7,589.5,238.18,33.57000000000005,1,2,1.0
394,1,484.6,592.4,233.57999999999993,29.0,1,2,1.0
395,1,485.6,593.4,232.78999999999996,30.860000000000014,1,2,1.0
396,1,486.0,590.2,232.53999999999996,31.66999999999996,1,2,1.0
396,15,668.48,626.1,16.220000000000027,12.549999999999955,1,1,1.0
397,1,472.0,592.6,244.55999999999995,29.5,1,2,1.0
397,15,665.8,625.68,21.57000000000005,16.32000000000005,1,1,1.0
398,1,485.7,594.6,237.21999999999997,26.42999999999995,1,2,1.0
398,15,665.5,625.85,23.059999999999945,17.279999999999973,1,1,1.0
399,1,469.0,592.1,254.42999999999995,32.549999999999955,1,2,1.0
399,15,664.2,624.69,22.979999999999905,15.009999999999991,1,1,1.0
400,1,485.2,591.8,235.79000000000002,30.720000000000027,1,2,1.0
400,15,665.8,622.48,24.670000000000073,17.819999999999936,1,1,1.0
401,1,476.9,590.6,232.89999999999998,32.10000000000002,1,2,1.0
401,15,665.3,623.86,21.120000000000005,15.139999999999986,1,1,1.0
402,1,481.9,593.6,233.20000000000005,30.0,1,2,1.0
402,15,661.1,625.59,23.559999999999945,15.610000000000014,1,1,1.0
403,1,476.7,592.3,238.74000000000007,28.090000000000032,1,2,1.0
403,15,654.82,624.62,30.579999999999927,14.580000000000041,1,1,1.0
404,1,475.6,593.7,236.07999999999993,30.709999999999923,1,2,1.0
404,15,653.13,624.38,33.57000000000005,13.919999999999959,1,1,1.0
405,1,477.8,594.8,234.67000000000002,32.80000000000007,1,2,1.0
405,15,650.83,623.5,33.76999999999998,16.0,1,1,1.0
406,1,478.5,594.9,236.98000000000002,30.730000000000018,1,2,1.0
406,15,651.8,624.08,34.5,17.41999999999996,1,1,1.0
407,1,478.9,594.5,237.08000000000004,33.64999999999998,1,2,1.0
407,15,649.76,623.37,34.940000000000055,17.730000000000018,1,1,1.0
408,1,477.7,596.2,234.8,30.00999999999999,1,2,1.0
408,15,646.84,623.03,40.860000000000014,17.670000000000073,1,1,1.0
409,1,483.6,594.8,231.01999999999998,31.75999999999999,1,2,1.0
409,15,647.94,623.15,39.15999999999997,17.350000000000023,1,1,1.0
410,1,482.5,595.0,232.52999999999997,34.49000000000001,1,2,1.0
410,15,645.99,621.39,40.50999999999999,16.710000000000036,1,1,1.0
411,1,484.4,595.1,230.74,33.16999999999996,1,2,1.0
411,15,643.59,623.66,43.809999999999945,15.340000000000032,1,1,1.0
412,1,483.1,596.2,234.34000000000003,32.889999999999986,1,2,1.0
412,15,642.59,623.3,46.40999999999997,13.600000000000023,1,1,1.0
413,1,485.2,597.5,228.51000000000005,31.809999999999945,1,2,1.0
413,15,644.33,623.09,42.969999999999914,14.009999999999991,1,1,1.0
414,1,488.6,599.0,226.59000000000003,29.090000000000032,1,2,1.0
414,15,644.61,622.36,41.18999999999994,16.539999999999964,1,1,1.0
415,1,487.4,598.6,225.96000000000004,31.18999999999994,1,2,1.0
415,15,644.55,622.48,40.05000000000007,14.620000000000005,1,1,1.0
416,1,488.4,600.4,230.74,31.430000000000064,1,2,1.0
416,15,638.0,620.28,44.700000000000045,17.32000000000005,1,1,1.0
417,1,488.7,598.6,229.29000000000002,31.129999999999995,1,2,1.0
417,15,643.52,622.38,38.98000000000002,13.919999999999959,1,1,1.0
418,1,490.1,598.7,220.85000000000002,30.039999999999964,1,2,1.0
418,15,637.41,622.01,48.59000000000003,14.289999999999964,1,1,1.0
419,1,488.9,600.6,222.08000000000004,28.74000000000001,1,2,1.0
419,15,640.93,619.91,43.97000000000003,15.590000000000032,1,1,1.0
420,1,493.7,601.2,216.78000000000003,24.029999999999973,1,2,1.0
420,15,642.03,621.38,45.57000000000005,11.82000000000005,1,1,1.0
421,1,488.6,598.8,229.81999999999994,29.06000000000006,1,2,1.0
421,15,648.77,623.53,36.629999999999995,9.470000000000027,1,1,1.0
422,1,490.5,599.2,217.96000000000004,28.719999999999914,1,2,1.0
422,15,650.6,620.74,27.480000000000018,12.860000000000014,1,1,1.0
423,1,492.2,597.9,220.84999999999997,29.99000000000001,1,2,1.0
423,15,650.97,622.17,22.529999999999973,10.830000000000041,1,1,1.0
424,1,493.4,598.3,215.71000000000004,29.24000000000001,1,2,1.0
424,15,651.11,621.3,21.590000000000032,11.200000000000045,1,1,1.0
425,1,488.1,601.6,227.16999999999996,23.579999999999927,1,2,1.0
425,15,659.4,624.26,14.300000000000068,10.139999999999986,1,1,1.0
426,1,492.5,598.4,222.44000000000005,26.960000000000036,1,2,1.0
427,1,491.9,598.4,217.76999999999998,29.81000000000006,1,2,1.0
428,1,492.6,596.4,218.84000000000003,31.960000000000036,1,2,1.0
429,1,490.7,597.5,225.67000000000002,30.850000000000023,1,2,1.0
430,1,490.6,597.9,217.40999999999997,30.460000000000036,1,2,1.0
431,1,490.6,598.3,221.39999999999998,30.160000000000082,1,2,1.0
432,1,490.0,596.4,222.63,32.98000000000002,1,2,1.0
433,1,488.4,595.4,222.17000000000007,31.090000000000032,1,2,1.0
434,1,488.2,594.2,224.04000000000002,31.84999999999991,1,2,1.0
435,1,492.3,594.5,224.74999999999994,34.32000000000005,1,2,1.0
436,1,493.0,595.6,227.32000000000005,31.43999999999994,1,2,1.0
437,1,487.4,594.6,232.64999999999998,35.09000000000003,1,2,1.0
438,1,487.8,594.6,233.64000000000004,34.59000000000003,1,2,1.0
439,1,489.3,594.4,231.58999999999997,35.33000000000004,1,2,1.0
440,1,489.1,593.8,231.36,33.3900000000001,1,2,1.0
441,1,486.5,593.0,233.58000000000004,34.440000000000055,1,2,1.0
442,1,485.5,594.1,230.70000000000005,33.289999999999964,1,2,1.0
443,1,488.4,593.8,233.64999999999998,34.97000000000003,1,2,1.0
444,1,485.2,591.1,232.57999999999998,37.35000000000002,1,2,1.0
445,1,484.49,592.5,236.21000000000004,32.98000000000002,1,2,1.0
446,1,487.38,590.8,231.32000000000005,36.860000000000014,1,2,1.0
447,1,485.59,588.7,231.51000000000005,36.77999999999997,1,2,1.0
448,1,485.43,590.1,234.07,33.15999999999997,1,2,1.0
449,1,489.03,588.2,241.97000000000003,34.90999999999997,1,2,1.0
450,1,488.55,588.1,233.45,35.69999999999993,1,2,1.0
451,1,484.52,585.5,233.68000000000006,34.200000000000045,1,2,1.0
452,1,485.8,585.6,240.3,34.75,1,2,1.0
453,1,479.44,586.6,243.76000000000005,33.860000000000014,1,2,1.0
454,1,483.91,584.6,240.88999999999993,33.45999999999992,1,2,1.0
455,1,483.31,583.1,244.58999999999997,36.549999999999955,1,2,1.0
456,1,479.75,582.1,249.54999999999995,35.49000000000001,1,2,1.0
457,1,483.78,584.2,247.32000000000005,40.08999999999992,1,2,1.0
458,1,479.3,579.2,258.59999999999997,35.639999999999986,1,2,1.0
459,1,478.98,579.3,260.22,36.09000000000003,1,2,1.0
460,1,477.83,579.1,253.77000000000004,35.559999999999945,1,2,1.0
461,1,477.75,579.0,262.95000000000005,32.50999999999999,1,2,1.0
462,1,483.29,576.9,256.81,33.29000000000008,1,2,1.0
463,1,483.13,576.4,253.76999999999998,32.01999999999998,1,2,1.0
464,1,482.26,575.5,259.03999999999996,31.690000000000055,1,2,1.0
465,1,478.41,575.2,260.69,31.709999999999923,1,2,1.0
466,1,475.34,573.0,275.86000000000007,32.370000000000005,1,2,1.0
466,16,508.0,606.86,30.649999999999977,19.659999999999968,1,1,1.0
467,1,476.32,568.7,277.38000000000005,38.32999999999993,1,2,1.0
467,16,508.2,617.85,20.430000000000007,11.75,1,1,1.0
468,1,475.84,575.4,268.36000000000007,29.980000000000018,1,2,1.0
468,16,508.8,608.98,30.430000000000007,21.019999999999982,1,1,1.0
469,1,476.06,571.5,273.54,34.10000000000002,1,2,1.0
469,16,510.9,610.26,31.300000000000068,28.440000000000055,1,1,1.0
470,1,481.69,567.6,260.60999999999996,39.84000000000003,1,2,1.0
470,16,509.6,615.04,32.809999999999945,23.360000000000014,1,1,1.0
470,17,513.23,607.74,15.549999999999955,10.080000000000041,1,1,1.0
471,1,475.22,567.7,273.5799999999999,39.299999999999955,1,2,1.0
471,16,507.2,614.6,36.94,23.899999999999977,1,1,1.0
471,17,512.22,607.31,18.980000000000018,9.3900000000001,1,1,1.0
472,1,474.57,569.3,274.83,35.08000000000004,1,2,1.0
472,16,508.5,614.42,35.02999999999997,23.08000000000004,1,1,1.0
472,17,509.92,606.01,18.97999999999996,9.389999999999986,1,1,1.0
473,1,467.72,569.1,279.88,34.41999999999996,1,2,1.0
473,16,509.0,612.6,35.789999999999964,25.199999999999932,1,1,1.0
473,17,512.8,606.73,18.0,10.569999999999936,1,1,1.0
474,1,466.98,567.5,283.31999999999994,35.389999999999986,1,2,1.0
474,16,508.2,611.44,38.06999999999999,28.8599999999999,1,1,1.0
474,17,513.09,604.43,18.0,10.57000000000005,1,1,1.0
475,1,467.95,566.4,282.05,36.02999999999997,1,2,1.0
475,16,513.7,611.65,39.370000000000005,22.149999999999977,1,1,1.0
475,18,523.23,630.57,17.92999999999995,11.759999999999991,1,1,1.0
475,17,516.26,603.71,18.0,10.569999999999936,1,1,1.0
476,1,467.11,561.9,294.09000000000003,41.30000000000007,1,2,1.0
476,16,510.8,611.42,42.69999999999999,25.180000000000064,1,1,1.0
476,18,524.39,628.16,29.159999999999968,18.840000000000032,1,1,1.0
476,17,510.79,601.12,25.609999999999957,11.980000000000018,1,1,1.0
477,1,466.98,562.7,293.62,37.819999999999936,1,2,1.0
477,16,513.4,609.12,49.73000000000002,26.17999999999995,1,1,1.0
477,18,525.7,627.39,26.299999999999955,18.610000000000014,1,1,1.0
477,17,511.07,602.99,27.930000000000007,10.409999999999968,1,1,1.0
478,1,466.17,566.3,283.93,35.6400000000001,1,2,1.0
478,16,516.4,608.0,53.58000000000004,30.0,1,1,1.0
478,18,526.7,630.22,26.079999999999927,16.079999999999927,1,1,1.0
478,17,513.38,601.69,23.91999999999996,12.409999999999968,1,1,1.0
479,1,465.58,563.0,292.92,39.190000000000055,1,2,1.0
479,16,513.8,603.88,59.770000000000095,34.32000000000005,1,1,1.0
479,18,528.25,631.77,26.07000000000005,16.08000000000004,1,1,1.0
479,17,514.38,601.4,21.32000000000005,12.0,1,1,1.0
480,1,466.51,564.7,288.69000000000005,35.19999999999993,1,2,1.0
480,16,516.9,605.3,68.60000000000002,33.5,1,1,1.0
480,18,528.0,626.35,35.10000000000002,20.949999999999932,1,1,1.0
480,17,513.38,597.08,22.41999999999996,12.620000000000005,1,1,1.0
481,1,462.68,566.1,292.61999999999995,32.370000000000005,1,2,1.0
481,16,518.6,602.1,63.19999999999993,35.299999999999955,1,1,1.0
481,18,528.62,626.04,35.10000000000002,20.950000000000045,1,1,1.0
481,17,509.63,600.11,30.16999999999996,11.590000000000032,1,1,1.0
482,1,461.85,562.1,293.85,35.41999999999996,1,2,1.0
482,16,520.3,602.6,73.94000000000005,35.39999999999998,1,1,1.0
482,18,530.9,622.32,32.82000000000005,25.279999999999973,1,1,1.0
482,17,510.06,599.24,35.64000000000004,11.860000000000014,1,1,1.0
483,1,463.08,565.7,296.52000000000004,31.719999999999914,1,2,1.0
483,16,525.5,602.3,70.67999999999995,33.5,1,1,1.0
483,18,529.7,621.24,36.02999999999997,25.860000000000014,1,1,1.0
483,17,517.26,596.22,29.639999999999986,13.480000000000018,1,1,1.0
484,1,459.14,565.0,297.56000000000006,30.139999999999986,1,2,1.0
484,16,524.2,602.75,76.71999999999991,33.64999999999998,1,1,1.0
484,18,530.3,625.17,48.950000000000045,23.629999999999995,1,1,1.0
484,17,520.43,596.51,31.07000000000005,13.289999999999964,1,1,1.0
485,1,453.18,565.6,303.21999999999997,29.319999999999936,1,2,1.0
485,16,536.2,601.78,74.45999999999992,26.019999999999982,1,1,1.0
485,18,535.5,626.5,50.700000000000045,22.090000000000032,1,1,1.0
485,17,522.88,595.64,34.51999999999998,12.259999999999991,1,1,1.0
486,1,452.02,565.6,296.58000000000004,26.610000000000014,1,2,1.0
486,16,543.0,599.25,72.35000000000002,27.049999999999955,1,1,1.0
486,18,537.3,620.64,57.24000000000001,28.460000000000036,1,1,1.0
486,17,529.5,594.21,33.700000000000045,13.68999999999994,1,1,1.0
487,1,441.89,565.2,308.11,27.219999999999914,1,2,1.0
487,16,540.6,599.5,79.75999999999999,23.100000000000023,1,1,1.0
487,18,555.9,619.17,37.76999999999998,15.430000000000064,1,1,1.0
487,17,535.7,591.9,32.5,13.700000000000045,1,1,1.0
488,1,446.7,564.6,301.8,29.579999999999927,1,2,1.0
488,16,542.2,601.12,80.34999999999991,22.480000000000018,1,1,1.0
488,18,556.6,618.86,37.49000000000001,12.240000000000009,1,1,1.0
488,17,533.25,589.45,40.549999999999955,13.949999999999932,1,1,1.0
489,1,442.04,562.0,307.46,32.47000000000003,1,2,1.0
489,16,541.8,597.57,91.04000000000008,22.229999999999905,1,1,1.0
489,18,563.65,619.17,32.450000000000045,10.930000000000064,1,1,1.0
489,17,538.58,588.88,43.719999999999914,14.220000000000027,1,1,1.0
490,1,429.9,555.2,317.02,38.559999999999945,1,2,1.0
490,16,573.8,598.25,64.43000000000006,24.450000000000045,1,1,1.0
490,18,564.42,617.93,9.879999999999995,7.670000000000073,1,1,1.0
490,17,547.22,588.73,33.379999999999995,12.769999999999982,1,1,1.0
491,1,418.6,548.2,326.61,49.15999999999997,1,2,1.0
491,16,568.7,596.97,85.59999999999991,26.329999999999927,1,1,1.0
491,17,546.78,586.29,50.22000000000003,14.910000000000082,1,1,1.0
491,19,482.27,599.53,15.770000000000039,10.930000000000064,1,1,1.0
492,1,416.8,543.4,328.49999999999994,51.120000000000005,1,2,1.0
492,16,575.3,598.61,82.57000000000005,24.090000000000032,1,1,1.0
492,17,558.45,586.72,48.14999999999998,15.480000000000018,1,1,1.0
492,19,482.6,595.05,27.269999999999982,15.25,1,1,1.0
493,1,415.6,537.0,324.77,59.57000000000005,1,2,1.0
493,16,591.49,597.82,72.71000000000004,24.579999999999927,1,1,1.0
493,17,559.97,581.65,46.42999999999995,18.850000000000023,1,1,1.0
493,19,482.9,594.61,31.590000000000032,13.590000000000032,1,1,1.0
494,1,410.3,534.5,331.67,62.58000000000004,1,2,1.0
494,16,590.18,597.61,83.5200000000001,22.389999999999986,1,1,1.0
494,17,564.25,580.23,60.950000000000045,22.470000000000027,1,1,1.0
494,19,485.4,590.75,41.129999999999995,19.549999999999955,1,1,1.0
494,20,516.75,626.51,18.730000000000018,10.039999999999964,1,1,1.0
495,1,422.3,530.4,319.49999999999994,66.17000000000007,1,2,1.0
495,16,611.81,597.63,73.69000000000005,24.66999999999996,1,1,1.0
495,17,563.03,576.39,63.17000000000007,26.31000000000006,1,1,1.0
495,19,488.88,589.62,41.91999999999996,20.779999999999973,1,1,1.0
495,20,516.7,626.3,21.909999999999968,10.030000000000086,1,1,1.0
496,1,402.1,525.4,340.63,70.56000000000006,1,2,1.0
496,16,626.09,596.49,59.90999999999997,24.809999999999945,1,1,1.0
496,17,573.93,577.06,50.67000000000007,25.340000000000032,1,1,1.0
496,19,496.37,584.33,41.129999999999995,19.16999999999996,1,1,1.0
496,20,506.86,620.39,38.24000000000001,15.409999999999968,1,1,1.0
497,1,406.8,522.5,328.59,75.19000000000005,1,2,1.0
497,16,630.52,597.84,63.98000000000002,24.059999999999945,1,1,1.0
497,17,574.5,575.97,58.700000000000045,27.329999999999927,1,1,1.0
497,19,504.04,584.09,44.85999999999996,14.409999999999968,1,1,1.0
497,20,509.76,617.05,36.039999999999964,14.550000000000068,1,1,1.0
498,1,386.6,517.8,349.06999999999994,79.49000000000001,1,2,1.0
498,16,634.6,595.62,61.10000000000002,24.379999999999995,1,1,1.0
498,17,579.71,573.49,53.389999999999986,28.110000000000014,1,1,1.0
498,19,504.52,583.83,45.879999999999995,20.66999999999996,1,1,1.0
498,20,506.66,617.59,37.73999999999995,14.009999999999991,1,1,1.0
499,1,378.9,514.3,361.96000000000004,79.85000000000002,1,2,1.0
499,16,641.77,594.76,60.02999999999997,30.840000000000032,1,1,1.0
499,17,585.7,573.46,54.799999999999955,27.839999999999918,1,1,1.0
499,19,503.07,583.29,58.03000000000003,22.910000000000082,1,1,1.0
499,20,521.4,617.61,23.800000000000068,14.18999999999994,1,1,1.0
500,1,424.1,522.4,317.74,70.27999999999997,1,2,1.0
500,16,640.34,592.55,61.14999999999998,32.72000000000003,1,1,1.0
500,17,582.19,571.49,55.40999999999997,28.110000000000014,1,1,1.0
500,19,504.53,580.08,57.870000000000005,15.519999999999982,1,1,1.0
500,20,526.1,618.12,21.329999999999927,14.779999999999973,1,1,1.0
501,1,385.8,516.9,358.45,77.82000000000005,1,2,1.0
501,16,646.55,593.47,59.05000000000007,26.629999999999995,1,1,1.0
501,17,580.1,571.27,55.799999999999955,27.730000000000018,1,1,1.0
501,19,503.82,581.87,60.079999999999984,14.029999999999973,1,1,1.0
501,20,519.3,619.2,28.25999999999999,15.699999999999932,1,1,1.0
502,1,385.7,520.3,361.35999999999996,73.36000000000001,1,2,1.0
502,16,646.67,597.73,58.530000000000086,19.370000000000005,1,1,1.0
502,17,573.18,569.6,65.42000000000007,29.5,1,1,1.0
502,19,495.6,582.94,64.88999999999999,16.3599999999999,1,1,1.0
502,20,517.7,620.6,27.5,15.799999999999955,1,1,1.0
503,1,408.0,525.8,340.86,63.90000000000009,1,2,1.0
503,16,645.24,597.65,56.559999999999945,21.75,1,1,1.0
503,17,570.11,571.25,58.09000000000003,28.149999999999977,1,1,1.0
503,19,493.3,582.61,66.46999999999997,18.68999999999994,1,1,1.0
504,1,430.2,528.0,319.82,62.50999999999999,1,2,1.0
504,16,643.9,597.82,54.10000000000002,24.279999999999973,1,1,1.0
504,17,562.46,571.53,66.63999999999999,28.370000000000005,1,1,1.0
504,19,503.1,584.94,59.539999999999964,14.059999999999945,1,1,1.0
505,1,409.5,533.8,340.36,53.79000000000008,1,2,1.0
505,16,651.88,597.25,42.120000000000005,21.850000000000023,1,1,1.0
505,17,556.95,573.26,62.84999999999991,26.039999999999964,1,1,1.0
505,19,504.5,585.68,54.60000000000002,18.220000000000027,1,1,1.0
506,1,409.1,536.0,345.28,50.77999999999997,1,2,1.0
506,16,664.26,596.58,25.440000000000055,15.919999999999959,1,1,1.0
506,17,558.95,574.44,51.25,19.159999999999968,1,1,1.0
506,19,500.9,586.69,57.0,20.1099999999999,1,1,1.0
507,1,418.1,541.5,333.40999999999997,44.73000000000002,1,2,1.0
507,16,666.96,594.27,22.93999999999994,17.33000000000004,1,1,1.0
507,17,555.59,573.5,60.40999999999997,25.0,1,1,1.0
507,21,479.04,594.69,12.899999999999977,8.599999999999909,1,1,1.0
507,19,494.5,586.87,64.48000000000002,24.529999999999973,1,1,1.0
508,1,420.1,547.9,339.3299999999999,38.50999999999999,1,2,1.0
508,16,662.5,592.91,27.700000000000045,19.290000000000077,1,1,1.0
508,17,549.62,574.91,59.98000000000002,18.99000000000001,1,1,1.0
508,21,479.4,593.97,11.830000000000041,10.529999999999973,1,1,1.0
508,19,495.2,587.86,68.51000000000005,26.93999999999994,1,1,1.0
509,1,430.5,548.1,328.95000000000005,32.889999999999986,1,2,1.0
509,16,663.2,591.42,30.699999999999932,23.780000000000086,1,1,1.0
509,17,553.74,575.82,54.860000000000014,21.579999999999927,1,1,1.0
509,21,481.4,592.9,14.129999999999995,12.100000000000023,1,1,1.0
509,19,497.9,591.6,73.63999999999999,21.199999999999932,1,1,1.0
510,1,423.3,547.5,340.18,33.450000000000045,1,2,1.0
510,16,659.8,588.39,34.90000000000009,32.610000000000014,1,1,1.0
510,17,550.95,576.77,61.14999999999998,16.730000000000018,1,1,1.0
510,21,484.9,594.24,33.52999999999997,19.75999999999999,1,1,1.0
510,19,518.16,587.87,48.74000000000001,18.33000000000004,1,1,1.0
511,1,421.1,548.5,335.19999999999993,33.07000000000005,1,2,1.0
511,16,664.38,586.11,34.620000000000005,37.18999999999994,1,1,1.0
511,17,549.9,577.79,68.5,17.210000000000036,1,1,1.0
511,21,487.0,591.44,38.14999999999998,21.659999999999968,1,1,1.0
511,19,530.7,588.37,42.19999999999993,19.730000000000018,1,1,1.0
512,1,420.3,550.4,339.37999999999994,31.769999999999982,1,2,1.0
512,16,668.4,584.19,31.300000000000068,38.00999999999999,1,1,1.0
512,17,549.72,577.1,65.67999999999995,17.5,1,1,1.0
512,21,488.5,596.97,28.870000000000005,17.129999999999995,1,1,1.0
512,19,518.1,590.43,56.19999999999993,18.07000000000005,1,1,1.0
513,1,420.5,548.9,340.4,31.950000000000045,1,2,1.0
513,16,676.69,586.12,28.00999999999999,32.17999999999995,1,1,1.0
513,17,547.9,577.01,97.10000000000002,20.789999999999964,1,1,1.0
513,21,491.5,592.0,38.15999999999997,22.899999999999977,1,1,1.0
513,19,531.86,592.39,49.93999999999994,19.50999999999999,1,1,1.0
514,1,420.7,546.1,349.04,34.19999999999993,1,2,1.0
514,16,689.99,593.45,14.909999999999968,22.75,1,1,1.0
514,17,550.43,577.05,70.2700000000001,17.050000000000068,1,1,1.0
514,21,490.97,592.03,45.15999999999997,26.57000000000005,1,1,1.0
514,19,538.02,591.49,61.48000000000002,22.909999999999968,1,1,1.0
515,1,417.3,543.7,349.00999999999993,36.139999999999986,1,2,1.0
515,17,558.23,571.95,68.87,23.049999999999955,1,1,1.0
515,21,492.9,595.21,38.09000000000003,23.789999999999964,1,1,1.0
515,19,536.87,591.84,63.710000000000036,24.139999999999986,1,1,1.0
516,1,411.0,544.0,353.64,34.75,1,2,1.0
516,17,538.68,574.31,83.0200000000001,19.690000000000055,1,1,1.0
516,21,493.0,591.07,46.50999999999999,29.029999999999973,1,1,1.0
516,19,544.2,591.7,61.52999999999997,17.59999999999991,1,1,1.0
516,22,462.67,565.0,22.75,10.57000000000005,1,1,1.0
517,1,414.0,541.6,347.53,37.799999999999955,1,2,1.0
517,17,540.42,570.83,87.68000000000006,22.469999999999914,1,1,1.0
517,21,498.5,594.61,30.49000000000001,27.49000000000001,1,1,1.0
517,19,536.5,590.78,81.80999999999995,20.920000000000073,1,1,1.0
517,22,470.06,558.4,28.04000000000002,13.480000000000018,1,1,1.0
518,1,422.5,539.5,335.16999999999996,41.32000000000005,1,2,1.0
518,17,553.25,569.88,80.64999999999998,23.82000000000005,1,1,1.0
518,21,497.7,586.38,53.64000000000004,38.01999999999998,1,1,1.0
518,19,552.3,589.73,74.72000000000003,18.16999999999996,1,1,1.0
518,23,435.2,553.61,16.79000000000002,14.330000000000041,1,1,1.0
518,22,467.7,556.6,33.80000000000001,14.5,1,1,1.0
519,1,436.6,534.4,319.77,50.07000000000005,1,2,1.0
519,17,567.11,566.98,69.49000000000001,24.220000000000027,1,1,1.0
519,21,502.69,588.4,44.410000000000025,40.09000000000003,1,1,1.0
519,19,574.33,587.76,67.66999999999996,21.639999999999986,1,1,1.0
519,23,435.36,555.99,16.779999999999973,14.330000000000041,1,1,1.0
519,22,471.4,556.29,30.660000000000025,12.170000000000073,1,1,1.0
520,1,413.7,527.1,342.76000000000005,56.94999999999993,1,2,1.0
520,17,580.21,572.26,58.289999999999964,17.440000000000055,1,1,1.0
520,21,502.54,584.7,49.660000000000025,43.799999999999955,1,1,1.0
520,19,585.62,587.57,61.67999999999995,22.229999999999905,1,1,1.0
520,23,434.7,554.56,20.460000000000036,15.240000000000009,1,1,1.0
520,22,476.15,552.85,30.670000000000016,14.25,1,1,1.0
521,1,392.7,523.2,360.71,62.84999999999991,1,2,1.0
521,17,582.34,570.46,84.86000000000001,28.74000000000001,1,1,1.0
521,21,504.1,584.0,61.10000000000002,40.89999999999998,1,1,1.0
521,19,598.7,587.73,59.89999999999998,23.269999999999982,1,1,1.0
521,23,436.29,550.91,20.44999999999999,15.240000000000009,1,1,1.0
521,22,490.7,549.68,24.569999999999993,12.420000000000073,1,1,1.0
522,1,420.4,520.7,333.20000000000005,64.3599999999999,1,2,1.0
522,17,591.34,569.5,55.45999999999992,24.799999999999955,1,1,1.0
522,21,514.7,583.9,59.19999999999993,38.200000000000045,1,1,1.0
522,19,604.0,586.3,61.5,26.300000000000068,1,1,1.0
522,22,494.92,549.42,30.660000000000025,12.170000000000073,1,1,1.0
523,1,378.0,511.6,376.19000000000005,76.01999999999998,1,2,1.0
523,17,593.11,568.38,77.49000000000001,23.32000000000005,1,1,1.0
523,21,509.8,584.2,71.30000000000001,45.299999999999955,1,1,1.0
523,19,631.1,589.6,40.319999999999936,22.959999999999923,1,1,1.0
523,23,421.9,549.96,29.77000000000004,9.639999999999986,1,1,1.0
523,22,492.5,545.45,33.610000000000014,12.75,1,1,1.0
524,1,373.7,505.9,378.08,80.46000000000004,1,2,1.0
524,17,589.21,566.74,81.68999999999994,24.360000000000014,1,1,1.0
524,21,513.4,580.21,71.27999999999997,48.58999999999992,1,1,1.0
524,19,599.76,591.26,82.84000000000003,29.200000000000045,1,1,1.0
524,23,418.9,545.27,37.75,11.029999999999973,1,1,1.0
524,22,505.0,548.62,27.450000000000045,10.080000000000041,1,1,1.0
525,1,372.0,504.1,383.79999999999995,80.03999999999996,1,2,1.0
525,17,593.55,569.86,73.35000000000002,19.539999999999964,1,1,1.0
525,21,528.6,579.36,58.25999999999999,35.039999999999964,1,1,1.0
525,19,639.76,591.27,42.84000000000003,29.029999999999973,1,1,1.0
525,23,421.7,545.91,28.879999999999995,13.290000000000077,1,1,1.0
525,22,495.97,545.45,30.66999999999996,12.17999999999995,1,1,1.0
526,1,372.9,508.6,375.2900000000001,80.75999999999999,1,2,1.0
526,17,597.06,570.33,80.44000000000005,21.769999999999982,1,1,1.0
526,21,530.8,581.33,68.36000000000001,33.66999999999996,1,1,1.0
526,19,636.28,590.51,54.26999999999998,35.41999999999996,1,1,1.0
526,23,421.0,541.79,39.68000000000001,17.00999999999999,1,1,1.0
526,22,492.8,544.13,39.11999999999995,17.66999999999996,1,1,1.0
527,1,396.2,510.7,358.51000000000005,74.74000000000007,1,2,1.0
527,17,597.09,568.29,63.70999999999992,21.410000000000082,1,1,1.0
527,21,534.5,579.81,65.86000000000001,30.090000000000032,1,1,1.0
527,19,629.92,589.42,60.98000000000002,34.180000000000064,1,1,1.0
527,23,418.9,536.91,41.960000000000036,19.99000000000001,1,1,1.0
527,22,478.5,542.02,59.23000000000002,36.48000000000002,1,1,1.0
528,1,396.5,506.9,359.58000000000004,77.69000000000005,1,2,1.0
528,17,600.03,567.2,60.47000000000003,21.899999999999977,1,1,1.0
528,21,531.1,580.09,69.52999999999997,25.00999999999999,1,1,1.0
528,19,646.43,589.36,44.960000000000036,33.35000000000002,1,1,1.0
528,23,420.92,541.2,38.47999999999996,17.0,1,1,1.0
528,22,492.5,544.13,41.799999999999955,32.47000000000003,1,1,1.0
529,1,379.4,509.8,375.63,73.84999999999997,1,2,1.0
529,17,593.94,568.25,64.55999999999995,19.049999999999955,1,1,1.0
529,21,531.4,580.98,70.04000000000008,26.019999999999982,1,1,1.0
529,19,646.48,587.29,46.91999999999996,34.110000000000014,1,1,1.0
529,23,432.8,531.16,40.02999999999997,28.139999999999986,1,1,1.0
529,22,490.9,541.75,44.190000000000055,35.35000000000002,1,1,1.0
530,1,375.9,508.3,386.51,71.78000000000003,1,2,1.0
530,17,587.29,565.63,62.91000000000008,22.16999999999996,1,1,1.0
530,21,531.3,579.46,71.12,29.24000000000001,1,1,1.0
530,19,651.52,584.2,45.27999999999997,36.69999999999993,1,1,1.0
530,23,427.0,532.54,37.31999999999999,27.360000000000014,1,1,1.0
530,22,487.5,542.02,42.83000000000004,39.379999999999995,1,1,1.0
531,1,380.7,515.7,384.49000000000007,60.59999999999991,1,2,1.0
531,17,580.95,562.75,73.04999999999995,26.75,1,1,1.0
531,21,529.3,578.75,71.72000000000003,27.25,1,1,1.0
531,19,654.23,584.39,46.120000000000005,38.5,1,1,1.0
531,23,425.4,547.87,16.189999999999998,13.629999999999995,1,1,1.0
531,22,488.0,544.92,33.610000000000014,37.780000000000086,1,1,1.0
532,1,385.2,520.0,385.03000000000003,51.870000000000005,1,2,1.0
532,17,576.95,562.96,61.44999999999993,20.039999999999964,1,1,1.0
532,21,529.3,581.87,73.44000000000005,23.42999999999995,1,1,1.0
532,19,644.2,580.8,54.809999999999945,41.22000000000003,1,1,1.0
532,22,483.5,543.6,33.620000000000005,42.5,1,1,1.0
533,1,402.0,526.3,374.17999999999995,41.91000000000008,1,2,1.0
533,17,572.79,562.12,63.81000000000006,19.58000000000004,1,1,1.0
533,21,528.2,581.46,73.38999999999999,23.74000000000001,1,1,1.0
533,19,655.33,584.89,42.5,34.27999999999997,1,1,1.0
533,22,483.2,545.19,26.80000000000001,35.90999999999997,1,1,1.0
533,24,521.52,573.96,45.90999999999997,16.899999999999977,1,1,1.0
534,1,406.9,529.6,377.09000000000003,31.019999999999982,1,2,1.0
534,17,562.97,562.63,75.02999999999997,20.470000000000027,1,1,1.0
534,21,527.3,577.6,71.83000000000004,26.799999999999955,1,1,1.0
534,19,651.33,579.96,50.16999999999996,36.74000000000001,1,1,1.0
534,22,478.2,552.32,23.600000000000023,32.979999999999905,1,1,1.0
534,24,516.95,576.01,45.90999999999997,16.899999999999977,1,1,1.0
535,1,418.2,529.7,364.47999999999996,34.08999999999992,1,2,1.0
535,17,554.79,561.7,56.00999999999999,22.49000000000001,1,1,1.0
535,21,527.3,581.7,67.2700000000001,26.699999999999932,1,1,1.0
535,19,642.25,582.73,59.85000000000002,36.26999999999998,1,1,1.0
535,22,468.16,571.61,16.439999999999998,18.99000000000001,1,1,1.0
535,24,516.95,577.38,20.75,16.91999999999996,1,1,1.0
536,1,419.1,526.3,380.5,35.440000000000055,1,2,1.0
536,17,553.5,562.81,52.110000000000014,18.190000000000055,1,1,1.0
536,21,521.0,578.52,89.13,30.710000000000036,1,1,1.0
536,19,630.06,577.42,67.54000000000008,34.879999999999995,1,1,1.0
536,22,464.2,571.35,16.69999999999999,22.149999999999977,1,1,1.0
536,24,513.07,580.4,34.229999999999905,15.730000000000018,1,1,1.0
537,1,421.77,519.9,394.83000000000004,42.00999999999999,1,2,1.0
537,17,549.48,562.53,51.819999999999936,17.57000000000005,1,1,1.0
537,21,526.2,579.56,75.24000000000001,26.550000000000068,1,1,1.0
537,19,633.32,574.46,68.88,42.74000000000001,1,1,1.0
537,22,464.99,573.2,16.409999999999968,23.699999999999932,1,1,1.0
537,24,499.6,582.23,22.809999999999945,24.370000000000005,1,1,1.0
538,1,425.95,510.6,399.34999999999997,58.110000000000014,1,2,1.0
538,17,541.53,564.06,59.67000000000007,15.440000000000055,1,1,1.0
538,21,518.0,578.61,83.60000000000002,28.110000000000014,1,1,1.0
538,19,633.57,578.78,63.92999999999995,36.01999999999998,1,1,1.0
538,24,494.1,583.14,20.769999999999982,28.25999999999999,1,1,1.0
539,1,430.59,504.2,395.21,67.75000000000006,1,2,1.0
539,17,536.63,564.2,55.07000000000005,15.599999999999909,1,1,1.0
539,21,520.85,577.44,76.97000000000003,28.59999999999991,1,1,1.0
539,19,628.35,575.39,75.54999999999995,40.50999999999999,1,1,1.0
539,24,492.0,585.65,21.269999999999982,23.450000000000045,1,1,1.0
540,1,428.71,503.3,394.49000000000007,64.86999999999995,1,2,1.0
540,17,531.01,565.79,43.09000000000003,13.31000000000006,1,1,1.0
540,21,512.9,580.97,88.79000000000008,28.639999999999986,1,1,1.0
540,19,636.15,573.66,67.05000000000007,48.54000000000008,1,1,1.0
540,24,490.4,595.93,16.700000000000045,16.170000000000073,1,1,1.0
541,1,429.98,496.8,382.62,74.87999999999994,1,2,1.0
541,17,524.25,565.5,52.450000000000045,13.700000000000045,1,1,1.0
541,21,526.79,577.89,74.82000000000005,30.06000000000006,1,1,1.0
541,19,639.85,571.7,68.14999999999998,43.09999999999991,1,1,1.0
541,25,721.24,581.34,15.600000000000023,11.519999999999982,1,1,1.0
542,1,439.96,490.9,383.94,85.70000000000005,1,2,1.0
542,17,520.5,567.08,37.0,13.120000000000005,1,1,1.0
542,21,527.9,583.77,73.68000000000006,24.230000000000018,1,1,1.0
542,19,647.71,572.83,62.789999999999964,40.069999999999936,1,1,1.0
542,25,717.64,578.7,17.56000000000006,14.899999999999977,1,1,1.0
542,26,739.48,565.03,18.710000000000036,13.670000000000073,1,1,1.0
543,1,446.87,474.9,416.42999999999995,103.38999999999999,1,2,1.0
543,17,512.0,566.65,52.60000000000002,14.25,1,1,1.0
543,21,527.53,583.2,74.76999999999998,25.09999999999991,1,1,1.0
543,19,644.42,569.86,65.78000000000009,44.139999999999986,1,1,1.0
543,25,716.2,582.3,18.299999999999955,11.300000000000068,1,1,1.0
543,26,734.44,561.19,24.659999999999968,14.409999999999968,1,1,1.0
544,1,450.9,478.8,369.4,101.55000000000001,1,2,1.0
544,17,512.44,567.52,56.75999999999999,15.279999999999973,1,1,1.0
544,21,527.1,583.94,76.22000000000003,27.3599999999999,1,1,1.0
544,19,645.21,569.9,65.88999999999999,41.10000000000002,1,1,1.0
544,25,713.56,578.94,28.6400000000001,12.459999999999923,1,1,1.0
544,26,733.38,557.81,31.720000000000027,18.290000000000077,1,1,1.0
545,1,444.51,476.6,367.89,102.69999999999993,1,2,1.0
545,17,509.99,568.52,63.40999999999997,15.279999999999973,1,1,1.0
545,21,523.22,579.42,79.03999999999996,35.23000000000002,1,1,1.0
545,19,654.29,571.74,57.81000000000006,37.65999999999997,1,1,1.0
545,25,720.52,579.42,19.279999999999973,11.280000000000086,1,1,1.0
545,26,737.94,556.85,25.25999999999999,14.949999999999932,1,1,1.0
546,1,450.78,475.6,341.12,108.75,1,2,1.0
546,17,503.36,569.82,69.63999999999999,14.879999999999995,1,1,1.0
546,21,529.7,584.95,72.29999999999995,26.649999999999977,1,1,1.0
546,19,601.6,568.0,111.5,41.60000000000002,1,1,1.0
546,25,733.0,579.18,13.5,7.720000000000027,1,1,1.0
546,26,725.19,554.45,36.50999999999999,18.649999999999977,1,1,1.0
547,1,447.1,457.6,391.4,125.90999999999997,1,2,1.0
547,17,495.73,569.39,64.06999999999994,19.81000000000006,1,1,1.0
547,21,530.73,584.13,69.97000000000003,26.66999999999996,1,1,1.0
547,19,591.5,563.5,116.0,44.0,1,1,1.0
547,25,729.4,569.34,19.300000000000068,14.159999999999968,1,1,1.0
547,26,720.41,553.0,36.49000000000001,16.799999999999955,1,1,1.0
548,1,449.12,455.29,394.02,128.17000000000002,1,2,1.0
548,17,498.32,571.98,52.579999999999984,18.519999999999982,1,1,1.0
548,21,534.3,580.02,71.82000000000005,35.379999999999995,1,1,1.0
548,19,644.09,568.81,73.00999999999999,42.8900000000001,1,1,1.0
548,25,735.63,567.9,15.470000000000027,13.700000000000045,1,1,1.0
548,26,713.88,548.94,58.82000000000005,17.659999999999968,1,1,1.0
549,1,449.1,451.9,395.1,133.32000000000005,1,2,1.0
549,17,495.6,571.91,55.819999999999936,22.290000000000077,1,1,1.0
549,21,535.0,578.46,71.03999999999996,41.74000000000001,1,1,1.0
549,19,656.27,572.21,57.73000000000002,40.789999999999964,1,1,1.0
549,25,732.04,564.54,18.360000000000014,15.860000000000014,1,1,1.0
549,26,719.88,549.18,56.82000000000005,17.720000000000027,1,1,1.0
550,1,452.97,451.3,372.63,135.27000000000004,1,2,1.0
550,17,488.9,576.49,59.84000000000003,22.809999999999945,1,1,1.0
550,21,537.3,577.71,71.03000000000009,39.18999999999994,1,1,1.0
550,19,655.64,571.71,54.06000000000006,41.289999999999964,1,1,1.0
550,26,709.14,546.8,65.25999999999999,25.700000000000045,1,1,1.0
551,1,454.05,442.3,385.05,145.7,1,2,1.0
551,17,486.9,574.94,62.27999999999997,28.059999999999945,1,1,1.0
551,21,542.5,578.78,71.66999999999996,37.82000000000005,1,1,1.0
551,19,643.2,565.94,67.69999999999993,46.95999999999992,1,1,1.0
551,26,703.38,549.44,31.620000000000005,16.3599999999999,1,1,1.0
552,1,458.2,463.8,305.00000000000006,125.89000000000004,1,2,1.0
552,17,486.3,574.81,60.05000000000001,31.3900000000001,1,1,1.0
552,21,542.4,580.82,70.38,36.67999999999995,1,1,1.0
552,19,642.65,566.15,68.75,48.75,1,1,1.0
552,27,524.17,613.52,27.389999999999986,17.220000000000027,1,1,1.0
552,26,705.32,545.72,33.57999999999993,20.279999999999973,1,1,1.0
553,1,459.51,441.5,376.78999999999996,150.37,1,2,1.0
553,17,488.5,574.53,74.76999999999998,32.370000000000005,1,1,1.0
553,21,551.5,581.46,69.13999999999999,31.74000000000001,1,1,1.0
553,19,655.25,567.7,56.25,45.39999999999998,1,1,1.0
553,27,512.6,609.79,42.069999999999936,25.910000000000082,1,1,1.0
553,28,616.97,541.46,39.58999999999992,16.559999999999945,1,1,1.0
553,26,698.7,547.77,32.69999999999993,14.330000000000041,1,1,1.0
554,1,461.45,440.2,376.65000000000003,152.17000000000002,1,2,1.0
554,17,485.4,576.67,67.69000000000005,31.230000000000018,1,1,1.0
554,21,541.1,585.8,85.29999999999995,32.700000000000045,1,1,1.0
554,19,656.95,570.36,57.549999999999955,43.639999999999986,1,1,1.0
554,27,512.22,612.98,43.60000000000002,25.379999999999995,1,1,1.0
554,28,616.49,538.59,44.110000000000014,18.50999999999999,1,1,1.0
554,26,698.68,547.42,37.92000000000007,18.410000000000082,1,1,1.0
555,1,455.9,458.6,321.9,134.93999999999994,1,2,1.0
555,17,485.8,576.72,67.82999999999998,32.57999999999993,1,1,1.0
555,21,558.31,585.0,70.49000000000001,29.090000000000032,1,1,1.0
555,19,658.31,570.87,60.59000000000003,44.23000000000002,1,1,1.0
555,27,513.5,613.94,44.75,24.25999999999999,1,1,1.0
555,28,621.53,539.55,42.710000000000036,17.530000000000086,1,1,1.0
555,26,696.26,548.75,38.34000000000003,17.450000000000045,1,1,1.0
556,1,461.67,451.0,335.12999999999994,142.46000000000004,1,2,1.0
556,17,484.9,578.98,73.09000000000003,31.519999999999982,1,1,1.0
556,21,561.36,587.6,69.53999999999996,22.91999999999996,1,1,1.0
556,19,650.7,568.3,67.55999999999995,48.00999999999999,1,1,1.0
556,27,514.29,614.13,50.930000000000064,28.74000000000001,1,1,1.0
556,28,620.81,538.35,50.59000000000003,23.549999999999955,1,1,1.0
556,26,695.15,548.3,41.25,19.200000000000045,1,1,1.0
557,1,461.41,451.6,333.09,142.0,1,2,1.0
557,17,487.3,580.65,62.160000000000025,29.050000000000068,1,1,1.0
557,21,553.95,588.1,80.44999999999993,23.480000000000018,1,1,1.0
557,19,650.25,564.86,64.75,48.539999999999964,1,1,1.0
557,29,534.62,638.72,25.67999999999995,16.860000000000014,1,1,1.0
557,27,515.64,612.53,47.120000000000005,25.790000000000077,1,1,1.0
557,28,617.21,545.06,27.99000000000001,10.1400000000001,1,1,1.0
557,26,698.5,551.42,47.700000000000045,15.780000000000086,1,1,1.0
558,1,466.06,433.4,390.73999999999995,160.17000000000007,1,2,1.0
558,17,486.2,579.51,69.30000000000001,30.49000000000001,1,1,1.0
558,21,568.5,586.95,72.86000000000001,24.25,1,1,1.0
558,19,650.13,565.57,69.37,47.02999999999997,1,1,1.0
558,29,531.64,634.49,30.789999999999964,26.00999999999999,1,1,1.0
558,27,508.49,615.65,54.559999999999945,26.149999999999977,1,1,1.0
558,30,589.08,562.93,35.479999999999905,13.680000000000064,1,1,1.0
558,28,616.73,539.06,44.26999999999998,20.940000000000055,1,1,1.0
558,26,701.14,550.65,59.06000000000006,21.350000000000023,1,1,1.0
559,1,468.3,447.7,368.7,146.29000000000002,1,2,1.0
559,17,498.6,580.21,61.22000000000003,23.589999999999918,1,1,1.0
559,21,589.1,586.48,62.09000000000003,26.319999999999936,1,1,1.0
559,19,638.06,565.56,81.24000000000001,46.74000000000001,1,1,1.0
559,29,534.3,637.42,38.3900000000001,22.780000000000086,1,1,1.0
559,27,514.14,611.5,59.860000000000014,26.789999999999964,1,1,1.0
559,30,595.3,562.1,35.48000000000002,13.68999999999994,1,1,1.0
559,28,624.65,540.26,37.35000000000002,21.139999999999986,1,1,1.0
559,26,703.57,554.26,56.729999999999905,19.440000000000055,1,1,1.0
560,1,473.23,452.6,369.06999999999994,138.62,1,2,1.0
560,17,505.3,580.93,53.36999999999995,22.170000000000073,1,1,1.0
560,21,591.5,587.05,70.38,29.75,1,1,1.0
560,19,654.62,567.98,64.08000000000004,46.72000000000003,1,1,1.0
560,29,535.73,635.73,41.870000000000005,24.470000000000027,1,1,1.0
560,27,519.66,609.22,32.83000000000004,32.110000000000014,1,1,1.0
560,30,591.6,564.17,40.41999999999996,14.129999999999995,1,1,1.0
560,28,638.08,542.18,33.43999999999994,15.620000000000005,1,1,1.0
560,26,699.28,556.66,54.01999999999998,16.940000000000055,1,1,1.0
561,1,459.82,454.5,390.18,140.14999999999998,1,2,1.0
561,17,513.2,584.12,34.24000000000001,12.279999999999973,1,1,1.0
561,21,599.63,583.8,66.57000000000005,30.030000000000086,1,1,1.0
561,19,658.7,569.45,57.5,44.44999999999993,1,1,1.0
561,29,537.07,632.43,58.229999999999905,27.270000000000095,1,1,1.0
561,27,514.75,610.1,49.35000000000002,26.699999999999932,1,1,1.0
561,30,597.8,565.62,26.75999999999999,13.480000000000018,1,1,1.0
561,28,627.77,543.62,44.430000000000064,21.17999999999995,1,1,1.0
561,26,698.32,557.38,62.879999999999995,16.019999999999982,1,1,1.0
562,1,462.57,473.2,333.43,121.53000000000003,1,2,1.0
562,17,503.61,586.22,33.889999999999986,19.079999999999927,1,1,1.0
562,21,609.1,589.26,61.99000000000001,22.039999999999964,1,1,1.0
562,19,672.45,578.43,43.879999999999995,35.510000000000105,1,1,1.0
562,29,535.36,632.93,63.74000000000001,27.270000000000095,1,1,1.0
562,27,519.43,609.6,50.770000000000095,30.970000000000027,1,1,1.0
562,30,594.69,569.98,26.75,13.480000000000018,1,1,1.0
562,28,626.09,542.18,51.90999999999997,22.420000000000073,1,1,1.0
562,26,695.12,562.8,36.17999999999995,12.5,1,1,1.0
563,1,458.78,472.6,340.22,122.06999999999994,1,2,1.0
563,17,501.4,585.3,30.07000000000005,23.600000000000023,1,1,1.0
563,21,605.03,586.98,76.17000000000007,20.41999999999996,1,1,1.0
563,19,664.96,575.55,47.039999999999964,37.65000000000009,1,1,1.0
563,29,536.1,625.15,66.14999999999998,34.35000000000002,1,1,1.0
563,27,517.81,606.9,58.59000000000003,29.75,1,1,1.0
563,30,592.41,570.2,29.290000000000077,13.049999999999955,1,1,1.0
563,28,629.69,545.3,46.1099999999999,19.300000000000068,1,1,1.0
563,26,692.64,563.26,64.86000000000001,15.639999999999986,1,1,1.0
564,1,465.24,474.4,334.65999999999997,122.69000000000005,1,2,1.0
564,17,497.6,580.61,52.360000000000014,29.289999999999964,1,1,1.0
564,21,615.63,588.45,65.37,20.049999999999955,1,1,1.0
564,19,671.01,580.88,40.889999999999986,34.72000000000003,1,1,1.0
564,29,539.4,625.09,67.40999999999997,36.309999999999945,1,1,1.0
564,27,516.53,604.4,60.07000000000005,32.370000000000005,1,1,1.0
564,30,592.2,570.41,29.709999999999923,15.090000000000032,1,1,1.0
564,28,628.01,552.5,53.99000000000001,15.899999999999977,1,1,1.0
564,26,694.12,563.25,64.88,15.850000000000023,1,1,1.0
565,1,463.75,479.9,340.15,115.46000000000004,1,2,1.0
565,17,496.6,580.28,53.139999999999986,34.51999999999998,1,1,1.0
565,21,602.66,588.92,79.94000000000005,18.480000000000018,1,1,1.0
565,19,673.89,582.9,39.31000000000006,31.0,1,1,1.0
565,29,553.5,623.22,67.86000000000001,36.67999999999995,1,1,1.0
565,27,537.3,602.7,51.700000000000045,29.399999999999977,1,1,1.0
565,30,593.7,573.93,26.959999999999923,12.370000000000005,1,1,1.0
565,28,628.01,550.58,40.59000000000003,19.719999999999914,1,1,1.0
565,26,691.52,561.07,70.68000000000006,20.029999999999973,1,1,1.0
565,31,513.37,615.05,25.68999999999994,23.020000000000095,1,1,1.0
566,1,462.31,482.9,361.69,113.90999999999997,1,2,1.0
566,17,499.7,578.0,60.72999999999996,37.10000000000002,1,1,1.0
566,21,600.06,588.06,81.84000000000003,21.340000000000032,1,1,1.0
566,19,678.06,590.82,33.74000000000001,23.479999999999905,1,1,1.0
566,29,566.3,625.1,68.65000000000009,30.600000000000023,1,1,1.0
566,27,550.3,601.66,48.50999999999999,30.340000000000032,1,1,1.0
566,30,582.29,573.1,40.91000000000008,14.199999999999932,1,1,1.0
566,28,640.72,553.2,38.17999999999995,17.09999999999991,1,1,1.0
566,26,696.08,568.23,49.120000000000005,17.370000000000005,1,1,1.0
566,31,513.0,613.08,35.91999999999996,18.120000000000005,1,1,1.0
567,1,460.89,487.6,354.81000000000006,106.17999999999995,1,2,1.0
567,17,508.8,576.93,59.829999999999984,28.670000000000073,1,1,1.0
567,21,644.96,591.05,66.83999999999992,22.15000000000009,1,1,1.0
567,29,568.0,625.21,79.12,30.589999999999918,1,1,1.0
567,27,550.1,601.04,56.97000000000003,28.960000000000036,1,1,1.0
567,30,590.17,579.32,33.430000000000064,7.579999999999927,1,1,1.0
567,28,634.96,561.36,22.539999999999964,15.639999999999986,1,1,1.0
567,26,690.83,568.72,54.870000000000005,18.579999999999927,1,1,1.0
567,31,513.3,612.19,41.940000000000055,20.309999999999945,1,1,1.0
568,1,458.97,509.0,313.63,85.27999999999997,1,2,1.0
568,17,500.5,575.47,73.64999999999998,41.42999999999995,1,1,1.0
568,21,654.53,590.69,60.04000000000008,22.67999999999995,1,1,1.0
568,29,584.3,624.85,80.05000000000007,26.25,1,1,1.0
568,27,563.6,599.03,55.319999999999936,30.970000000000027,1,1,1.0
568,30,590.6,575.59,39.629999999999995,11.909999999999968,1,1,1.0
568,26,692.03,568.48,56.17000000000007,21.41999999999996,1,1,1.0
568,31,513.6,611.31,47.94999999999993,22.49000000000001,1,1,1.0
569,1,456.9,538.8,220.39999999999998,51.75,1,2,1.0
569,17,513.2,575.56,65.20999999999992,28.340000000000032,1,1,1.0
569,21,661.69,591.69,52.00999999999999,23.1099999999999,1,1,1.0
569,29,597.8,626.9,77.03000000000009,27.800000000000068,1,1,1.0
569,27,559.2,599.71,66.81999999999994,30.589999999999918,1,1,1.0
569,30,607.8,576.84,36.950000000000045,11.659999999999968,1,1,1.0
569,28,659.68,566.88,18.420000000000073,11.120000000000005,1,1,1.0
569,26,715.83,573.51,30.16999999999996,17.389999999999986,1,1,1.0
569,31,516.6,610.52,44.94999999999993,20.480000000000018,1,1,1.0
570,1,454.37,528.1,275.53,61.799999999999955,1,2,1.0
570,17,521.6,573.8,79.31999999999994,28.700000000000045,1,1,1.0
570,21,699.51,607.19,9.889999999999986,8.1099999999999,1,1,1.0
570,29,608.5,627.46,68.37,24.139999999999986,1,1,1.0
570,27,580.49,597.05,57.26999999999998,26.940000000000055,1,1,1.0
570,30,617.76,580.98,34.440000000000055,11.419999999999959,1,1,1.0
570,28,666.16,570.72,23.040000000000077,11.579999999999927,1,1,1.0
570,26,722.6,577.94,19.299999999999955,14.959999999999923,1,1,1.0
570,31,521.3,606.78,62.34000000000003,23.32000000000005,1,1,1.0
571,1,457.47,530.3,330.23,56.879999999999995,1,2,1.0
571,17,527.7,573.93,73.38,28.670000000000073,1,1,1.0
571,29,627.6,633.08,47.370000000000005,19.620000000000005,1,1,1.0
571,27,593.81,597.17,61.82000000000005,23.280000000000086,1,1,1.0
571,30,627.14,579.32,29.620000000000005,14.279999999999973,1,1,1.0
571,28,671.07,567.73,54.129999999999995,19.069999999999936,1,1,1.0
571,31,518.6,606.0,70.22000000000003,22.600000000000023,1,1,1.0
572,1,447.07,535.8,313.53000000000003,51.629999999999995,1,2,1.0
572,17,531.07,576.14,70.52999999999997,27.06000000000006,1,1,1.0
572,29,638.0,636.45,36.610000000000014,14.449999999999932,1,1,1.0
572,27,604.8,601.1,67.15000000000009,18.0,1,1,1.0
572,30,629.49,581.09,30.00999999999999,16.309999999999945,1,1,1.0
572,28,681.04,570.0,39.56000000000006,22.600000000000023,1,1,1.0
572,31,528.5,603.83,63.41999999999996,22.069999999999936,1,1,1.0
573,1,443.14,538.5,346.96000000000004,46.370000000000005,1,2,1.0
573,17,531.57,577.67,70.52999999999997,26.629999999999995,1,1,1.0
573,29,648.7,638.84,22.809999999999945,13.559999999999945,1,1,1.0
573,27,615.2,604.29,63.389999999999986,14.509999999999991,1,1,1.0
573,30,635.68,584.96,27.82000000000005,13.039999999999964,1,1,1.0
573,28,679.92,574.49,42.879999999999995,18.309999999999945,1,1,1.0
573,26,726.6,577.23,9.600000000000023,6.8700000000000045,1,1,1.0
573,31,532.5,604.72,63.309999999999945,19.079999999999927,1,1,1.0
574,1,445.25,539.1,344.45000000000005,47.32999999999993,1,2,1.0
574,17,530.7,576.34,71.04999999999995,27.860000000000014,1,1,1.0
574,29,653.47,646.47,10.42999999999995,6.6299999999999955,1,1,1.0
574,27,618.5,606.27,63.34000000000003,17.230000000000018,1,1,1.0
574,30,633.56,586.06,40.74000000000001,15.740000000000009,1,1,1.0
574,28,680.95,578.29,43.549999999999955,22.81000000000006,1,1,1.0
574,26,718.57,574.1,16.029999999999973,13.600000000000023,1,1,1.0
574,31,531.98,604.0,70.42999999999995,22.789999999999964,1,1,1.0
575,1,442.69,543.4,346.21,37.40999999999997,1,2,1.0
575,17,531.13,576.48,77.57000000000005,25.91999999999996,1,1,1.0
575,27,619.4,607.33,67.88,17.469999999999914,1,1,1.0
575,30,631.7,588.1,36.00999999999999,13.730000000000018,1,1,1.0
575,28,683.96,578.19,42.74000000000001,30.309999999999945,1,1,1.0
575,26,715.67,572.99,17.33000000000004,14.710000000000036,1,1,1.0
575,31,527.9,604.32,70.59000000000003,20.379999999999995,1,1,1.0
576,1,447.57,541.5,336.83,49.25999999999999,1,2,1.0
576,17,529.8,575.56,76.80000000000007,29.1400000000001,1,1,1.0
576,27,612.9,607.78,73.12,17.220000000000027,1,1,1.0
576,30,630.2,589.88,39.26999999999998,13.120000000000005,1,1,1.0
576,28,676.46,579.36,51.639999999999986,28.93999999999994,1,1,1.0
576,26,713.44,573.88,17.329999999999927,14.710000000000036,1,1,1.0
576,31,525.07,606.2,74.63,22.09999999999991,1,1,1.0
577,1,451.49,545.7,321.71000000000004,44.620000000000005,1,2,1.0
577,17,530.75,578.67,70.25,33.23000000000002,1,1,1.0
577,27,622.69,606.67,69.20999999999992,15.730000000000018,1,1,1.0
577,30,615.32,586.68,49.27999999999997,17.420000000000073,1,1,1.0
577,28,668.41,581.14,42.690000000000055,21.960000000000036,1,1,1.0
577,26,705.64,587.93,25.159999999999968,14.970000000000027,1,1,1.0
577,31,519.38,608.63,72.41999999999996,22.269999999999982,1,1,1.0
578,1,447.66,539.9,333.94,48.200000000000045,1,2,1.0
578,17,529.7,580.87,51.620000000000005,25.230000000000018,1,1,1.0
578,27,604.25,607.41,52.25,17.790000000000077,1,1,1.0
578,32,657.94,607.72,38.3599999999999,14.92999999999995,1,1,1.0
578,30,615.73,590.83,39.069999999999936,14.569999999999936,1,1,1.0
578,28,662.67,580.38,39.23000000000002,33.32000000000005,1,1,1.0
578,26,700.13,582.41,27.789999999999964,20.120000000000005,1,1,1.0
578,31,516.09,607.62,70.80999999999995,20.279999999999973,1,1,1.0
579,1,451.03,541.5,330.27,46.389999999999986,1,2,1.0
579,17,526.4,577.19,49.81000000000006,31.50999999999999,1,1,1.0
579,27,607.31,609.93,45.690000000000055,18.470000000000027,1,1,1.0
579,32,653.59,607.72,33.40999999999997,13.879999999999995,1,1,1.0
579,30,607.46,590.27,40.43999999999994,16.930000000000064,1,1,1.0
579,28,643.51,577.79,55.190000000000055,35.110000000000014,1,1,1.0
579,26,700.75,585.94,27.149999999999977,17.659999999999968,1,1,1.0
579,31,507.01,610.12,63.690000000000055,18.779999999999973,1,1,1.0
580,1,450.12,541.1,335.17999999999995,48.67999999999995,1,2,1.0
580,17,521.8,583.07,43.25,24.42999999999995,1,1,1.0
580,27,647.15,608.7,33.64999999999998,16.09999999999991,1,1,1.0
580,32,675.78,602.54,19.519999999999982,21.75999999999999,1,1,1.0
580,30,606.78,591.23,36.82000000000005,14.069999999999936,1,1,1.0
580,28,638.78,573.8,49.72000000000003,27.700000000000045,1,1,1.0
580,26,690.18,581.79,35.42000000000007,22.00999999999999,1,1,1.0
580,31,505.91,610.17,58.88999999999993,22.629999999999995,1,1,1.0
581,1,448.3,544.0,323.8,46.25,1,2,1.0
581,17,521.1,582.89,39.60000000000002,22.110000000000014,1,1,1.0
581,27,627.38,609.05,49.91999999999996,17.050000000000068,1,1,1.0
581,32,670.59,596.94,25.309999999999945,27.3599999999999,1,1,1.0
581,30,599.49,590.97,37.610000000000014,15.730000000000018,1,1,1.0
581,28,635.99,574.24,58.40999999999997,24.75999999999999,1,1,1.0
581,26,689.97,586.14,34.82999999999993,17.659999999999968,1,1,1.0
581,31,505.19,607.06,46.31,25.940000000000055,1,1,1.0
582,1,450.27,539.1,331.13,55.039999999999964,1,2,1.0
582,17,519.8,583.75,31.680000000000064,26.149999999999977,1,1,1.0
582,27,640.5,608.29,36.60000000000002,17.910000000000082,1,1,1.0
582,32,666.65,599.42,30.450000000000045,25.280000000000086,1,1,1.0
582,30,588.22,592.25,45.17999999999995,15.75,1,1,1.0
582,28,635.87,579.05,57.50999999999999,21.450000000000045,1,1,1.0
582,26,696.19,585.52,23.809999999999945,20.58000000000004,1,1,1.0
582,31,506.73,611.49,46.77999999999997,26.769999999999982,1,1,1.0
583,1,454.38,540.8,328.72,54.32000000000005,1,2,1.0
583,17,508.4,585.33,34.58000000000004,21.370000000000005,1,1,1.0
583,27,634.38,607.53,41.620000000000005,18.670000000000073,1,1,1.0
583,32,665.62,602.95,28.980000000000018,21.75,1,1,1.0
583,30,587.32,593.41,54.57999999999993,15.389999999999986,1,1,1.0
583,28,618.54,577.88,57.75999999999999,24.220000000000027,1,1,1.0
583,26,693.08,589.46,21.719999999999914,16.139999999999986,1,1,1.0
583,31,508.32,613.71,37.38000000000005,22.789999999999964,1,1,1.0
584,1,455.5,520.4,361.0,77.80000000000007,1,2,1.0
584,17,505.8,586.34,36.45999999999998,20.959999999999923,1,1,1.0
584,27,627.33,602.97,36.729999999999905,19.49000000000001,1,1,1.0
584,32,664.68,603.78,30.770000000000095,20.620000000000005,1,1,1.0
584,30,584.78,593.99,42.51999999999998,17.909999999999968,1,1,1.0
584,28,600.07,577.64,70.02999999999997,24.25999999999999,1,1,1.0
584,26,703.66,596.1,16.139999999999986,11.199999999999932,1,1,1.0
584,31,512.9,618.65,27.230000000000018,19.75,1,1,1.0
585,1,463.37,519.3,350.92999999999995,80.19000000000005,1,2,1.0
585,17,497.0,588.21,36.90999999999997,22.589999999999918,1,1,1.0
585,27,634.55,608.59,30.15000000000009,17.00999999999999,1,1,1.0
585,32,663.75,604.61,32.549999999999955,19.49000000000001,1,1,1.0
585,30,575.4,595.01,59.139999999999986,15.389999999999986,1,1,1.0
585,28,611.41,578.68,61.389999999999986,25.420000000000073,1,1,1.0
585,31,515.2,622.34,22.309999999999945,15.259999999999991,1,1,1.0
586,1,465.32,520.3,348.78000000000003,79.63,1,2,1.0
586,17,505.4,595.85,15.409999999999968,14.549999999999955,1,1,1.0
586,27,621.28,610.2,45.72000000000003,17.699999999999932,1,1,1.0
586,32,666.65,606.58,29.75,18.969999999999914,1,1,1.0
586,30,560.1,597.15,61.02999999999997,18.050000000000068,1,1,1.0
586,28,600.62,577.48,74.27999999999997,28.91999999999996,1,1,1.0
586,31,520.8,627.07,14.930000000000064,13.529999999999973,1,1,1.0
587,1,468.26,519.4,342.94000000000005,82.89999999999998,1,2,1.0
587,17,505.83,598.29,14.670000000000016,22.610000000000014,1,1,1.0
587,27,636.86,614.56,31.539999999999964,16.340000000000032,1,1,1.0
587,32,669.56,608.55,26.940000000000055,18.450000000000045,1,1,1.0
587,30,568.88,597.33,49.22000000000003,14.370000000000005,1,1,1.0
587,28,600.53,580.18,72.37,24.720000000000027,1,1,1.0
587,31,521.59,629.05,14.92999999999995,13.520000000000095,1,1,1.0
588,1,473.26,522.6,339.74,81.67999999999995,1,2,1.0
588,17,501.95,600.02,16.849999999999966,17.279999999999973,1,1,1.0
588,27,630.53,615.54,35.67000000000007,14.860000000000014,1,1,1.0
588,32,666.65,607.72,26.950000000000045,18.449999999999932,1,1,1.0
588,30,563.25,598.24,52.549999999999955,15.860000000000014,1,1,1.0
588,28,600.3,576.17,69.90000000000009,28.030000000000086,1,1,1.0
588,31,523.96,633.59,14.92999999999995,13.519999999999982,1,1,1.0
589,1,478.31,514.6,341.59,89.66999999999996,1,2,1.0
589,27,637.17,616.82,34.129999999999995,15.979999999999905,1,1,1.0
589,32,665.62,608.34,33.58000000000004,17.860000000000014,1,1,1.0
589,30,556.4,599.47,56.34000000000003,15.629999999999995,1,1,1.0
589,28,598.9,579.25,68.10000000000002,28.25,1,1,1.0
589,31,523.37,636.35,14.92999999999995,13.529999999999973,1,1,1.0
590,1,475.22,508.8,356.98,96.91000000000003,1,2,1.0
590,27,631.15,615.83,39.25,15.469999999999914,1,1,1.0
590,32,658.78,612.9,37.92000000000007,18.100000000000023,1,1,1.0
590,30,549.7,600.56,59.99000000000001,17.1400000000001,1,1,1.0
590,28,599.43,581.2,67.17000000000007,26.699999999999932,1,1,1.0
591,1,480.61,508.3,350.28999999999996,99.27000000000004,1,2,1.0
591,27,630.83,615.74,37.370000000000005,16.960000000000036,1,1,1.0
591,32,659.61,610.62,36.49000000000001,20.58000000000004,1,1,1.0
591,30,545.8,601.5,57.97000000000003,20.399999999999977,1,1,1.0
591,33,533.92,641.73,10.389999999999986,11.18999999999994,1,1,1.0
591,28,598.04,581.2,69.06000000000006,27.199999999999932,1,1,1.0
592,1,476.7,506.2,356.00000000000006,104.31,1,2,1.0
592,27,628.41,619.32,42.49000000000001,13.279999999999973,1,1,1.0
592,32,660.43,610.83,32.97000000000003,20.569999999999936,1,1,1.0
592,30,541.5,601.85,49.0,20.25,1,1,1.0
592,33,535.0,642.56,13.039999999999964,10.540000000000077,1,1,1.0
592,28,596.7,580.75,71.59999999999991,27.850000000000023,1,1,1.0
593,1,481.56,508.2,339.64000000000004,102.66000000000003,1,2,1.0
593,27,625.98,616.96,42.620000000000005,17.139999999999986,1,1,1.0
593,32,660.23,613.52,32.370000000000005,18.680000000000064,1,1,1.0
593,30,543.1,602.61,56.5,18.590000000000032,1,1,1.0
593,33,532.4,637.64,26.32000000000005,16.960000000000036,1,1,1.0
593,28,595.33,581.72,64.52999999999997,26.159999999999968,1,1,1.0
594,1,483.32,512.1,315.88000000000005,96.77999999999997,1,2,1.0
594,27,647.21,618.85,40.99000000000001,14.149999999999977,1,1,1.0
594,30,538.2,604.65,60.00999999999999,17.25,1,1,1.0
594,33,532.6,642.02,22.569999999999936,16.180000000000064,1,1,1.0
594,28,594.02,581.36,63.379999999999995,23.639999999999986,1,1,1.0
595,1,480.37,516.3,317.53,96.45000000000005,1,2,1.0
595,27,671.21,618.61,18.99000000000001,13.789999999999964,1,1,1.0
595,30,537.7,605.95,57.569999999999936,17.449999999999932,1,1,1.0
595,33,535.0,638.69,26.980000000000018,24.809999999999945,1,1,1.0
595,28,594.14,581.57,64.75999999999999,25.92999999999995,1,1,1.0
596,1,483.97,511.7,315.42999999999995,97.05000000000001,1,2,1.0
596,27,669.97,616.54,21.100000000000023,15.82000000000005,1,1,1.0
596,30,534.5,607.24,55.129999999999995,18.559999999999945,1,1,1.0
596,33,534.44,637.27,31.75999999999999,30.920000000000073,1,1,1.0
596,28,590.09,583.85,75.61000000000001,24.850000000000023,1,1,1.0
597,1,497.1,506.1,295.1,101.50999999999999,1,2,1.0
597,27,672.67,618.2,17.170000000000073,13.42999999999995,1,1,1.0
597,30,528.9,606.78,59.65999999999997,21.120000000000005,1,1,1.0
597,33,531.9,640.94,35.05000000000007,27.059999999999945,1,1,1.0
597,28,588.09,583.73,70.90999999999997,23.470000000000027,1,1,1.0
598,1,489.87,505.7,305.73,103.58999999999997,1,2,1.0
598,27,675.36,619.86,13.240000000000009,11.039999999999964,1,1,1.0
598,30,522.2,607.29,66.18999999999994,22.910000000000082,1,1,1.0
598,33,533.6,637.94,39.76999999999998,28.159999999999968,1,1,1.0
598,28,588.01,586.01,64.38999999999999,22.190000000000055,1,1,1.0
599,1,503.0,508.16,295.45000000000005,100.04000000000002,1,2,1.0
599,27,680.96,621.72,9.93999999999994,7.980000000000018,1,1,1.0
599,30,527.1,607.95,59.629999999999995,25.549999999999955,1,1,1.0
599,33,534.0,638.78,46.47000000000003,30.82000000000005,1,1,1.0
599,28,587.81,584.84,67.59000000000003,24.459999999999923,1,1,1.0
600,1,494.83,503.2,326.17,105.43,1,2,1.0
600,27,681.79,619.65,9.940000000000055,7.980000000000018,1,1,1.0
600,30,522.5,610.01,55.35000000000002,24.190000000000055,1,1,1.0
600,33,537.0,635.12,51.379999999999995,30.58000000000004,1,1,1.0
600,28,585.2,582.21,67.24000000000001,29.289999999999964,1,1,1.0
601,1,485.0,499.0,350.4,113.92999999999995,1,2,1.0
601,30,526.2,610.89,54.16999999999996,20.31000000000006,1,1,1.0
601,33,536.9,632.92,55.67000000000007,33.08000000000004,1,1,1.0
601,28,580.84,583.47,81.36000000000001,30.329999999999927,1,1,1.0
602,1,486.92,496.7,352.97999999999996,115.24000000000007,1,2,1.0
602,30,522.4,613.34,53.610000000000014,18.75999999999999,1,1,1.0
602,33,537.13,631.39,63.299999999999955,35.370000000000005,1,1,1.0
602,28,581.74,588.74,79.75999999999999,25.659999999999968,1,1,1.0
603,1,491.16,500.4,346.23999999999995,113.17000000000007,1,2,1.0
603,30,522.6,612.83,61.549999999999955,19.569999999999936,1,1,1.0
603,33,541.2,626.56,68.56999999999994,39.1400000000001,1,1,1.0
603,28,575.39,585.33,87.61000000000001,28.269999999999982,1,1,1.0
604,1,489.84,502.17,334.1000000000001,113.27000000000004,1,2,1.0
604,30,520.0,615.77,55.360000000000014,20.029999999999973,1,1,1.0
604,33,568.5,623.66,46.50999999999999,31.540000000000077,1,1,1.0
604,34,542.21,644.21,35.48000000000002,23.43999999999994,1,1,1.0
604,28,578.2,586.47,85.29999999999995,27.42999999999995,1,1,1.0
605,1,484.84,505.3,336.26000000000005,109.28000000000003,1,2,1.0
605,30,516.9,616.21,55.360000000000014,20.68999999999994,1,1,1.0
605,33,574.95,619.68,50.120000000000005,27.690000000000055,1,1,1.0
605,34,547.0,634.05,31.940000000000055,31.75,1,1,1.0
605,28,582.56,589.68,63.34000000000003,20.020000000000095,1,1,1.0
606,1,484.71,516.7,309.69,99.0,1,2,1.0
606,30,517.7,616.96,46.6099999999999,22.339999999999918,1,1,1.0
606,33,576.3,620.94,55.17000000000007,31.959999999999923,1,1,1.0
606,34,547.2,630.32,29.659999999999968,36.07999999999993,1,1,1.0
606,28,571.45,589.08,68.34999999999991,15.219999999999914,1,1,1.0
607,1,486.8,516.8,306.3,98.0200000000001,1,2,1.0
607,30,516.2,617.73,43.07999999999993,20.870000000000005,1,1,1.0
607,33,584.9,618.68,54.360000000000014,33.82000000000005,1,1,1.0
607,34,548.7,627.42,33.34999999999991,39.180000000000064,1,1,1.0
607,28,562.57,589.35,68.63,17.25,1,1,1.0
608,1,483.2,517.8,311.40000000000003,98.47000000000003,1,2,1.0
608,30,518.7,617.81,43.08999999999992,20.690000000000055,1,1,1.0
608,33,583.2,618.76,64.77999999999997,32.539999999999964,1,1,1.0
608,34,549.74,626.38,33.35000000000002,39.17999999999995,1,1,1.0
608,28,571.56,589.21,75.54000000000008,22.289999999999964,1,1,1.0
609,1,487.74,516.7,315.26,99.88,1,2,1.0
609,30,518.3,618.66,41.33000000000004,20.340000000000032,1,1,1.0
609,33,582.0,617.72,72.20000000000005,32.879999999999995,1,1,1.0
609,34,549.82,624.1,37.92999999999995,42.57999999999993,1,1,1.0
609,28,550.08,588.49,96.91999999999996,23.50999999999999,1,1,1.0
610,1,485.86,512.5,321.53999999999996,102.83000000000004,1,2,1.0
610,30,517.8,617.54,44.09000000000003,22.75999999999999,1,1,1.0
610,33,591.5,618.14,76.01999999999998,31.659999999999968,1,1,1.0
610,34,549.9,621.82,42.51999999999998,45.979999999999905,1,1,1.0
610,28,567.92,589.98,77.18000000000006,22.220000000000027,1,1,1.0
611,1,487.34,509.1,319.56,107.11000000000001,1,2,1.0
611,30,517.6,618.29,37.92999999999995,22.710000000000036,1,1,1.0
611,33,603.0,615.87,75.55999999999995,24.83000000000004,1,1,1.0
611,34,550.7,624.85,47.129999999999995,39.25,1,1,1.0
611,28,570.74,588.71,76.05999999999995,23.49000000000001,1,1,1.0
612,1,495.01,510.3,314.19000000000005,104.39000000000004,1,2,1.0
612,30,518.5,619.47,37.200000000000045,20.230000000000018,1,1,1.0
612,33,610.9,614.59,72.24000000000001,24.409999999999968,1,1,1.0
612,34,549.3,624.5,52.22000000000003,38.799999999999955,1,1,1.0
612,28,573.42,589.83,60.180000000000064,21.370000000000005,1,1,1.0
613,1,497.58,514.5,300.02000000000004,99.75999999999999,1,2,1.0
613,30,520.4,618.41,38.02999999999997,22.590000000000032,1,1,1.0
613,33,622.0,613.14,67.87,24.75999999999999,1,1,1.0
613,34,549.6,623.72,53.620000000000005,36.27999999999997,1,1,1.0
613,28,573.42,591.05,51.280000000000086,18.25,1,1,1.0
614,1,489.9,509.8,312.5,102.69,1,2,1.0
614,30,521.7,614.78,47.74000000000001,27.420000000000073,1,1,1.0
614,33,627.7,613.53,66.80999999999995,23.07000000000005,1,1,1.0
614,34,548.8,622.88,57.629999999999995,35.620000000000005,1,1,1.0
614,28,570.73,590.87,52.139999999999986,23.850000000000023,1,1,1.0
614,35,659.58,582.3,30.469999999999914,7.2000000000000455,1,1,1.0
615,1,490.63,511.3,304.87,103.93,1,2,1.0
615,30,521.7,621.12,29.34999999999991,20.08000000000004,1,1,1.0
615,33,632.5,614.14,61.02999999999997,19.860000000000014,1,1,1.0
615,34,545.8,618.41,63.280000000000086,36.59000000000003,1,1,1.0
615,28,557.29,592.65,71.50999999999999,17.550000000000068,1,1,1.0
615,35,655.98,581.1,38.319999999999936,10.299999999999955,1,1,1.0
616,1,486.79,523.3,271.50999999999993,89.79000000000008,1,2,1.0
616,30,521.6,623.26,28.269999999999982,18.440000000000055,1,1,1.0
616,33,645.0,615.16,46.10000000000002,17.840000000000032,1,1,1.0
616,34,544.2,618.46,70.6099999999999,37.039999999999964,1,1,1.0
616,28,551.83,588.82,70.46999999999991,20.979999999999905,1,1,1.0
616,35,672.54,582.3,19.56000000000006,10.5,1,1,1.0
616,36,718.25,576.03,19.590000000000032,13.720000000000027,1,1,1.0
617,1,490.24,512.4,310.55999999999995,102.88999999999999,1,2,1.0
617,30,521.5,622.94,29.66999999999996,18.8599999999999,1,1,1.0
617,33,630.98,607.93,61.41999999999996,27.370000000000005,1,1,1.0
617,34,546.6,619.15,68.78999999999996,35.75,1,1,1.0
617,28,556.6,594.53,58.57999999999993,21.970000000000027,1,1,1.0
617,35,663.9,579.9,33.0,14.600000000000023,1,1,1.0
618,1,485.15,512.7,328.95000000000005,102.20999999999992,1,2,1.0
618,30,520.9,628.49,28.980000000000018,13.110000000000014,1,1,1.0
618,33,657.04,612.75,37.16000000000008,21.450000000000045,1,1,1.0
618,34,546.1,618.31,76.66999999999996,36.690000000000055,1,1,1.0
618,28,559.58,593.57,56.91999999999996,16.529999999999973,1,1,1.0
618,35,660.78,580.62,37.120000000000005,14.379999999999995,1,1,1.0
618,36,726.74,577.33,13.759999999999991,13.069999999999936,1,1,1.0
619,1,485.45,517.7,309.05,96.0,1,2,1.0
619,30,520.3,623.56,30.75,18.340000000000032,1,1,1.0
619,33,656.23,615.02,34.26999999999998,21.58000000000004,1,1,1.0
619,34,546.1,618.21,80.40999999999997,37.49000000000001,1,1,1.0
619,28,561.52,594.24,54.379999999999995,14.960000000000036,1,1,1.0
619,35,655.01,582.66,47.09000000000003,17.139999999999986,1,1,1.0
619,36,723.97,574.76,24.829999999999927,9.840000000000032,1,1,1.0
620,1,485.84,519.1,309.46,93.75999999999999,1,2,1.0
620,30,518.8,628.46,26.920000000000073,12.839999999999918,1,1,1.0
620,33,671.57,622.48,17.629999999999995,11.419999999999959,1,1,1.0
620,34,552.1,617.93,76.88,40.47000000000003,1,1,1.0
620,28,556.61,594.11,56.49000000000001,17.789999999999964,1,1,1.0
620,35,663.98,583.02,38.120000000000005,17.800000000000068,1,1,1.0
620,36,732.14,573.0,20.25999999999999,13.210000000000036,1,1,1.0
621,1,483.95,518.3,314.75000000000006,97.59000000000003,1,2,1.0
621,30,520.3,620.78,26.670000000000073,19.720000000000027,1,1,1.0
621,34,570.2,618.27,63.25999999999999,30.430000000000064,1,1,1.0
621,28,552.18,595.88,67.42000000000007,17.91999999999996,1,1,1.0
621,35,667.84,582.39,38.75999999999999,17.110000000000014,1,1,1.0
621,36,725.89,574.62,21.710000000000036,12.080000000000041,1,1,1.0
622,1,486.03,521.9,317.37,94.23000000000002,1,2,1.0
622,30,519.4,622.43,30.340000000000032,18.670000000000073,1,1,1.0
622,34,577.8,616.19,64.19000000000005,26.209999999999923,1,1,1.0
622,28,553.4,595.51,58.0,17.289999999999964,1,1,1.0
622,35,661.14,580.97,47.75999999999999,18.629999999999995,1,1,1.0
622,36,725.89,575.13,20.50999999999999,15.269999999999982,1,1,1.0
623,1,488.64,521.7,311.26,94.06999999999994,1,2,1.0
623,30,521.33,623.17,24.059999999999945,18.040000000000077,1,1,1.0
623,34,561.2,617.16,82.88999999999999,24.040000000000077,1,1,1.0
623,28,541.99,594.9,70.61000000000001,24.300000000000068,1,1,1.0
623,35,670.89,584.49,40.40999999999997,14.710000000000036,1,1,1.0
623,36,727.26,574.56,19.440000000000055,12.840000000000032,1,1,1.0
