1724157141573392600,1,0.0,559.93,31.93,34.960000000000036,1,1,1.0
1724157141618408900,1,0.0,561.76,43.25,40.950000000000045,1,1,1.0
1724157141655175900,1,0.0,563.6,54.57,46.92999999999995,1,1,1.0
1724157141697157000,1,0.0,565.43,65.89,52.92000000000007,1,1,1.0
1724157141742978100,1,0.0,567.26,77.21,58.89999999999998,1,1,1.0
1724157141774521900,1,0.0,569.09,88.53,64.88999999999999,1,1,1.0
1724157141818329800,1,0.0,570.92,99.85,70.88,1,1,1.0
1724157141896884400,1,0.2,578.92,118.75,70.28000000000009,1,1,1.0
1724157141940989600,1,0.3,582.92,128.2,69.98000000000002,1,1,1.0
1724157142017317700,1,0.5,590.91,130.7,69.38999999999999,1,1,1.0
1724157142047869100,1,0.6,594.91,143.25,69.09000000000003,1,1,1.0
1724157142091662700,1,0.7,598.91,155.8,68.79000000000008,1,1,1.0
1724157142138783000,1,0.8,602.9,159.79999999999998,68.5,1,1,1.0
1724157142214881300,1,1.0,610.9,167.8,67.89999999999998,1,1,1.0
1724157142261810900,1,1.0,610.9,182.8,67.89999999999998,1,1,1.0
1724157142338786500,1,1.0,619.9,182.8,58.89999999999998,1,1,1.0
1724157142368658400,1,1.0,619.9,204.8,71.89999999999998,1,1,1.0
1724157142416034700,1,2.0,622.65,230.0,76.55000000000007,1,1,1.0
1724157142464623500,1,3.0,625.39,255.2,76.90999999999997,1,1,1.0
1724157142535937700,1,4.99,630.89,267.71,81.90999999999997,1,1,1.0
1724157142614328400,1,4.99,639.9,289.71,75.89999999999998,1,1,1.0
1724157142659504300,1,4.99,639.9,295.71,80.10000000000002,1,1,1.0
1724157142689294700,1,4.99,639.9,305.71,80.10000000000002,1,1,1.0
1724157142733825000,1,4.99,639.9,326.71,80.10000000000002,1,1,1.0
1724157142780233100,1,25.14,649.42,321.3,70.58000000000004,1,1,1.0
1724157142857033200,1,40.95,653.88,328.71000000000004,66.12,1,1,1.0
1724157142902061300,1,55.27,656.88,328.71000000000004,63.120000000000005,1,1,1.0
1724157142933466800,1,69.59,659.88,328.70000000000005,60.120000000000005,1,1,1.0
1724157143022161300,1,100.55,665.21,328.71,54.789999999999964,1,1,1.0
1724157143051517300,1,117.2,667.54,328.71000000000004,52.460000000000036,1,1,1.0
1724157143097281000,1,133.85,669.87,328.70000000000005,50.129999999999995,1,1,1.0
1724157143141233700,1,145.83,671.86,328.71000000000004,48.139999999999986,1,1,1.0
1724157143174192200,1,159.82,674.86,310.68,45.139999999999986,1,1,1.0
1724157143218496500,1,174.3,680.35,299.95,39.64999999999998,1,1,1.0
1724157143248176900,1,188.79,685.85,289.21000000000004,34.14999999999998,1,1,1.0
1724157143295113700,1,203.27,691.34,278.48,28.659999999999968,1,1,1.0
1724157143337672700,1,217.75,696.83,267.75,23.16999999999996,1,1,1.0
1724157143416501300,1,347.8,688.0,145.3,31.600000000000023,1,1,1.0
1724157143460204000,1,336.7,690.61,164.40000000000003,28.789999999999964,1,1,1.0
1724157143491392500,1,343.65,693.22,159.15000000000003,25.980000000000018,1,1,1.0
1724157143535794000,1,350.6,695.84,153.89999999999998,23.159999999999968,1,1,1.0
1724157143584155900,1,360.43,695.59,157.20999999999998,23.659999999999968,1,1,1.0
1724157143613771400,1,370.25,695.34,160.53999999999996,24.159999999999968,1,1,1.0
1724157143659780600,1,380.07,695.09,163.85999999999996,24.659999999999968,1,1,1.0
1724157143687974300,1,389.89,694.84,167.19000000000005,25.159999999999968,1,1,1.0
1724157143735344200,1,384.73,696.83,170.51,23.16999999999996,1,1,1.0
1724157143782768400,1,379.57,698.83,173.82999999999998,21.16999999999996,1,1,1.0
1724157143809076100,1,393.7,696.55,166.75000000000006,23.450000000000045,1,1,1.0
1724157143855792400,1,407.83,694.27,159.67000000000002,25.730000000000018,1,1,1.0
1724157143908718700,1,421.95,691.98,155.00000000000006,28.019999999999982,1,1,1.0
1724157143931703000,1,436.08,689.7,150.32,30.299999999999955,1,1,1.0
1724157143975866900,1,450.21,687.42,140.49000000000007,32.58000000000004,1,1,1.0
1724157144020957700,1,485.31,688.13,67.79000000000002,31.870000000000005,1,1,1.0
1724157144098168000,1,509.43,685.85,35.96999999999997,34.14999999999998,1,1,1.0
1724157144129292200,1,516.08,687.51,35.979999999999905,32.49000000000001,1,1,1.0
1724157144172566900,1,522.74,689.18,35.98000000000002,30.82000000000005,1,1,1.0
1724157144415413300,2,0.0,64.93,45.44,88.45999999999998,1,1,1.0
1724157144462068900,2,0.58,60.29,63.82000000000001,112.71000000000001,1,1,1.0
1724157144489311300,2,0.0,56.69,74.92,115.55000000000001,1,1,1.0
1724157144537408500,2,1.74,56.29,90.9,116.89000000000001,1,1,1.0
1724157144612941400,2,0.0,52.06,116.3,116.13999999999999,1,1,1.0
1724157144667143600,2,0.19,50.3,127.41,113.39999999999999,1,1,1.0
1724157144667143600,3,0.0,308.33,35.6,67.47000000000003,1,1,1.0
1724157144702626200,2,0.53,48.1,136.57,116.70000000000002,1,1,1.0
1724157144702626200,3,0.0,308.33,52.1,93.77000000000004,1,1,1.0
1724157144732854300,2,1.93,45.41,147.17,110.28999999999999,1,1,1.0
1724157144732854300,3,0.0,291.07,76.0,120.07999999999998,1,1,1.0
1724157144779150400,2,0.0,41.99,156.6,89.81,1,1,1.0
1724157144779150400,3,0.0,273.8,99.9,146.39999999999998,1,1,1.0
1724157144810257500,2,0.0,38.05,162.8,95.05,1,1,1.0
1724157144810257500,3,0.0,266.4,124.6,195.0,1,1,1.0
1724157144855745800,2,0.0,33.66,171.7,98.64000000000001,1,1,1.0
1724157144855745800,3,0.0,258.2,152.15,187.15000000000003,1,1,1.0
1724157144901877300,2,0.0,31.24,179.48,108.46,1,1,1.0
1724157144901877300,3,0.0,250.0,179.7,179.3,1,1,1.0
1724157144931772600,2,0.0,25.39,195.1,108.71,1,1,1.0
1724157144931772600,3,0.0,240.95,215.9,227.75,1,1,1.0
1724157144985760200,2,1.03,22.49,197.17,103.81,1,1,1.0
1724157144985760200,3,0.0,231.9,252.1,211.4,1,1,1.0
1724157145009025000,2,0.0,18.35,210.4,109.15,1,1,1.0
1724157145009025000,3,0.0,224.7,281.3,270.1,1,1,1.0
1724157145055082800,2,0.0,9.52,222.8,108.28,1,1,1.0
1724157145055082800,3,0.0,201.8,346.96,257.8,1,1,1.0
1724157145132343300,2,0.0,1.67,227.6,107.33,1,1,1.0
1724157145132343300,3,34.3,186.6,365.0,203.50000000000003,1,1,1.0
1724157145132343300,4,0.0,322.86,103.0,82.13999999999999,1,1,1.0
1724157145181953200,2,0.0,0.0,231.65,110.93,1,1,1.0
1724157145181953200,3,34.3,186.6,388.8,203.50000000000003,1,1,1.0
1724157145181953200,4,0.0,322.86,112.3,82.13999999999999,1,1,1.0
1724157145221126200,2,0.0,0.0,225.7,106.3,1,1,1.0
1724157145221126200,3,38.1,186.6,406.9,197.79999999999998,1,1,1.0
1724157145221126200,4,0.8,325.69,137.79999999999998,76.97000000000003,1,1,1.0
1724157145252127700,2,0.0,0.0,221.1,102.1,1,1,1.0
1724157145252127700,3,51.4,178.03,416.45000000000005,190.17,1,1,1.0
1724157145252127700,4,0.0,329.0,151.6,80.13,1,1,1.0
1724157145299492400,2,0.0,0.0,218.7,105.1,1,1,1.0
1724157145299492400,3,77.6,175.65,419.77,176.85,1,1,1.0
1724157145299492400,4,0.0,330.5,175.1,83.44999999999999,1,1,1.0
1724157145299492400,5,0.0,680.88,38.03,39.120000000000005,1,1,1.0
1724157145299492400,6,0.0,606.61,62.79,48.210000000000036,1,1,1.0
1724157145329994500,2,0.0,0.0,216.7,105.0,1,1,1.0
1724157145329994500,3,105.7,173.27,423.09999999999997,163.53,1,1,1.0
1724157145329994500,4,0.0,327.6,197.13,87.03999999999996,1,1,1.0
1724157145329994500,5,0.0,676.45,62.77,43.549999999999955,1,1,1.0
1724157145329994500,6,0.0,597.2,80.3,62.74000000000001,1,1,1.0
1724157145375226200,2,0.0,0.0,213.3,99.9,1,1,1.0
1724157145375226200,3,144.0,165.47,409.15999999999997,157.86999999999998,1,1,1.0
1724157145375226200,4,0.0,325.4,217.6,91.96000000000004,1,1,1.0
1724157145375226200,5,0.0,672.02,87.51,47.98000000000002,1,1,1.0
1724157145375226200,6,0.0,596.53,104.09,77.47000000000003,1,1,1.0
1724157145419430500,2,0.0,0.0,210.4,93.5,1,1,1.0
1724157145419430500,3,184.55,161.65,392.90000000000003,155.74999999999997,1,1,1.0
1724157145419430500,4,0.0,330.1,234.2,91.12,1,1,1.0
1724157145419430500,5,0.0,664.6,109.56,55.309999999999945,1,1,1.0
1724157145419430500,6,0.0,596.32,120.23,70.56999999999994,1,1,1.0
1724157145453268200,2,0.0,0.0,207.11,98.47,1,1,1.0
1724157145453268200,3,229.68,153.46,369.40000000000003,157.37999999999997,1,1,1.0
1724157145453268200,4,0.0,322.8,257.2,93.0,1,1,1.0
1724157145453268200,5,0.0,657.17,131.6,62.65000000000009,1,1,1.0
1724157145453268200,6,0.0,596.11,136.36,63.67999999999995,1,1,1.0
1724157145498783300,2,0.0,0.0,205.82,96.27,1,1,1.0
1724157145498783300,3,275.81,152.06,343.28000000000003,150.70999999999998,1,1,1.0
1724157145498783300,4,0.0,318.6,273.9,94.59999999999997,1,1,1.0
1724157145498783300,5,0.3,652.56,156.89999999999998,67.3900000000001,1,1,1.0
1724157145498783300,6,0.0,595.9,152.5,56.77999999999997,1,1,1.0
1724157145541575000,2,0.0,0.0,215.14,89.62,1,1,1.0
1724157145541575000,3,334.86,150.41,345.49,125.72,1,1,1.0
1724157145541575000,4,0.0,311.99,306.4,102.06,1,1,1.0
1724157145541575000,5,0.0,632.3,199.1,87.45000000000005,1,1,1.0
1724157145541575000,6,0.0,597.01,194.69,54.99000000000001,1,1,1.0
1724157145572330400,2,0.0,0.0,214.1,86.6,1,1,1.0
1724157145572330400,3,352.13,150.5,353.14,117.91000000000003,1,1,1.0
1724157145572330400,4,1.8,311.48,320.59999999999997,100.78999999999996,1,1,1.0
1724157145572330400,5,0.0,622.6,216.5,97.20999999999992,1,1,1.0
1724157145572330400,6,0.0,597.66,181.7,51.74000000000001,1,1,1.0
1724157145618525600,2,0.0,0.0,219.6,84.4,1,1,1.0
1724157145618525600,3,374.8,152.78,360.18,115.03999999999999,1,1,1.0
1724157145618525600,4,0.0,311.32,343.5,100.78000000000003,1,1,1.0
1724157145618525600,5,0.0,612.9,233.9,106.97000000000003,1,1,1.0
1724157145618525600,6,0.0,597.01,194.69,62.789999999999964,1,1,1.0
1724157145697742700,2,0.0,0.0,225.2,77.9,1,1,1.0
1724157145697742700,3,425.13,148.88,359.36,118.72000000000003,1,1,1.0
1724157145697742700,4,0.0,306.76,382.4,134.34000000000003,1,1,1.0
1724157145697742700,5,0.0,600.71,276.4,119.28999999999996,1,1,1.0
1724157145697742700,6,0.0,605.5,196.6,62.10000000000002,1,1,1.0
1724157145743901600,2,0.0,0.0,226.1,75.1,1,1,1.0
1724157145743901600,3,456.97,150.84,356.01,120.30999999999997,1,1,1.0
1724157145743901600,4,13.9,302.17,387.0,133.49,1,1,1.0
1724157145743901600,5,1.4,598.71,296.8,121.25999999999999,1,1,1.0
1724157145743901600,6,0.0,600.3,195.3,73.80000000000007,1,1,1.0
1724157145772521100,2,0.0,0.0,225.4,71.3,1,1,1.0
1724157145772521100,3,487.72,150.35,350.89,123.47,1,1,1.0
1724157145772521100,4,39.9,303.82,384.40000000000003,131.36,1,1,1.0
1724157145772521100,5,2.8,596.71,317.2,123.21999999999991,1,1,1.0
1724157145772521100,6,0.0,599.0,205.7,75.10000000000002,1,1,1.0
1724157145815860300,2,0.0,0.0,224.8,70.8,1,1,1.0
1724157145815860300,3,522.62,146.29,341.29999999999995,126.62000000000003,1,1,1.0
1724157145815860300,4,68.7,303.85,371.7,121.14999999999998,1,1,1.0
1724157145815860300,5,4.2,594.7,337.6,125.19999999999993,1,1,1.0
1724157145815860300,6,0.0,597.7,216.1,76.39999999999998,1,1,1.0
1724157145868416300,2,0.0,0.0,225.2,66.9,1,1,1.0
1724157145868416300,3,554.5,146.79,343.11,123.69000000000003,1,1,1.0
1724157145868416300,4,94.3,304.65,373.2,113.66000000000003,1,1,1.0
1724157145868416300,5,5.6,592.7,358.0,127.15999999999997,1,1,1.0
1724157145868416300,6,0.0,602.3,214.1,71.80000000000007,1,1,1.0
1724157145892557000,2,0.0,0.0,226.3,64.1,1,1,1.0
1724157145892557000,3,589.42,153.47,339.58000000000004,115.19000000000003,1,1,1.0
1724157145892557000,4,120.7,305.33,366.3,91.17000000000002,1,1,1.0
1724157145892557000,5,17.47,590.87,374.33000000000004,129.03999999999996,1,1,1.0
1724157145892557000,6,0.0,602.3,214.1,77.5,1,1,1.0
1724157145938176300,2,0.0,0.58,227.4,55.72,1,1,1.0
1724157145938176300,3,611.07,163.44,351.19999999999993,108.97000000000003,1,1,1.0
1724157145938176300,4,142.0,306.25,373.20000000000005,90.05000000000001,1,1,1.0
1724157145938176300,5,29.33,589.03,390.67,130.92000000000007,1,1,1.0
1724157145938176300,6,0.0,602.3,214.1,83.20000000000005,1,1,1.0
1724157145968368500,2,0.0,0.0,227.9,51.3,1,1,1.0
1724157145968368500,3,633.41,170.31,367.94000000000005,103.83999999999997,1,1,1.0
1724157145968368500,4,168.2,306.59,366.90000000000003,88.90000000000003,1,1,1.0
1724157145968368500,5,41.2,587.2,407.0,132.79999999999995,1,1,1.0
1724157145968368500,6,0.0,602.3,214.1,88.90000000000009,1,1,1.0
1724157146015230200,2,0.0,0.0,230.2,48.2,1,1,1.0
1724157146015230200,3,661.83,165.5,372.92999999999995,112.63999999999999,1,1,1.0
1724157146015230200,4,193.7,304.44,360.40000000000003,90.58999999999997,1,1,1.0
1724157146015230200,5,52.59,585.47,419.51,134.52999999999997,1,1,1.0
1724157146015230200,6,0.0,602.3,214.1,94.60000000000002,1,1,1.0
1724157146059535000,2,0.0,0.0,234.9,39.2,1,1,1.0
1724157146059535000,3,714.51,163.47,382.20000000000005,123.70000000000002,1,1,1.0
1724157146059535000,4,243.0,308.5,354.20000000000005,84.91000000000003,1,1,1.0
1724157146059535000,5,63.98,583.73,458.81999999999994,136.26999999999998,1,1,1.0
1724157146059535000,6,17.26,602.65,223.54000000000002,82.51999999999998,1,1,1.0
1724157146090160800,2,0.0,0.0,238.6,48.5,1,1,1.0
1724157146090160800,3,731.55,161.5,399.6200000000001,131.45999999999998,1,1,1.0
1724157146090160800,4,269.46,308.9,347.59999999999997,87.34000000000003,1,1,1.0
1724157146090160800,5,75.36,582.0,473.84000000000003,138.0,1,1,1.0
1724157146090160800,6,34.53,603.0,232.97,70.45000000000005,1,1,1.0
1724157146141586300,2,0.0,0.0,238.9,48.3,1,1,1.0
1724157146141586300,3,769.1,165.99,396.7099999999999,135.39999999999998,1,1,1.0
1724157146141586300,4,288.0,304.3,348.4,95.80000000000001,1,1,1.0
1724157146141586300,5,105.7,580.0,463.00000000000006,139.85000000000002,1,1,1.0
1724157146141586300,6,58.08,605.13,216.91000000000003,65.23000000000002,1,1,1.0
1724157146168191200,2,0.46,0.0,244.73999999999998,45.4,1,1,1.0
1724157146168191200,3,792.22,167.38,412.80999999999995,143.86,1,1,1.0
1724157146168191200,4,318.0,304.1,333.29999999999995,94.19,1,1,1.0
1724157146168191200,5,97.38,577.53,495.45000000000005,142.37,1,1,1.0
1724157146168191200,6,81.64,607.26,200.83000000000004,60.01999999999998,1,1,1.0
1724157146214624100,2,0.0,0.0,248.6,42.2,1,1,1.0
1724157146214624100,3,819.14,169.69,426.18999999999994,152.14,1,1,1.0
1724157146214624100,4,340.53,296.98,335.97,101.69,1,1,1.0
1724157146214624100,5,89.05,575.06,527.9100000000001,144.8900000000001,1,1,1.0
1724157146214624100,6,100.97,602.35,184.77,54.799999999999955,1,1,1.0
1724157146275537600,2,0.0,0.58,261.1,39.32,1,1,1.0
1724157146275537600,3,848.78,176.7,424.10000000000014,152.59000000000003,1,1,1.0
1724157146275537600,4,361.82,303.5,332.78000000000003,96.23000000000002,1,1,1.0
1724157146275537600,5,80.73,572.59,560.36,147.40999999999997,1,1,1.0
1724157146275537600,6,132.89,596.49,184.77000000000004,54.799999999999955,1,1,1.0
1724157146335593100,2,0.0,0.0,279.9,35.1,1,1,1.0
1724157146335593100,3,911.67,176.58,368.33000000000004,167.54999999999998,1,1,1.0
1724157146335593100,4,413.11,303.71,336.59000000000003,106.61000000000001,1,1,1.0
1724157146335593100,5,136.49,570.43,548.29,146.96000000000004,1,1,1.0
1724157146335593100,6,191.52,588.02,172.37999999999997,54.80000000000007,1,1,1.0
1724157146380885000,2,0.0,0.0,288.8,33.0,1,1,1.0
1724157146380885000,3,941.09,174.26,338.90999999999997,177.69,1,1,1.0
1724157146380885000,4,445.7,298.42,331.3,110.82,1,1,1.0
1724157146380885000,5,192.6,568.34,533.98,146.44999999999993,1,1,1.0
1724157146380885000,6,218.88,586.72,161.32,39.17999999999995,1,1,1.0
1724157146412024800,2,0.0,0.0,295.8,32.4,1,1,1.0
1724157146412024800,3,980.3,175.19,299.70000000000005,175.54000000000002,1,1,1.0
1724157146412024800,4,469.49,299.1,327.11,116.89999999999998,1,1,1.0
1724157146412024800,5,228.62,563.15,529.68,145.64999999999998,1,1,1.0
1724157146412024800,6,244.29,582.16,164.60999999999999,47.04000000000008,1,1,1.0
1724157146457031500,2,0.0,0.0,297.0,28.9,1,1,1.0
1724157146457031500,3,1049.45,188.08,230.54999999999995,161.39000000000001,1,1,1.0
1724157146457031500,4,516.79,314.29,333.81000000000006,111.31,1,1,1.0
1724157146457031500,5,296.92,557.96,525.3799999999999,157.01,1,1,1.0
1724157146457031500,6,286.17,582.68,168.63,48.42000000000007,1,1,1.0
1724157146534271000,2,0.0,0.0,296.4,35.9,1,1,1.0
1724157146534271000,3,1113.49,207.67,166.51,118.08000000000001,1,1,1.0
1724157146534271000,4,567.06,326.14,328.44000000000005,113.86000000000001,1,1,1.0
1724157146534271000,5,369.0,549.6,514.62,167.57999999999993,1,1,1.0
1724157146534271000,6,324.63,582.68,327.16999999999996,96.22000000000003,1,1,1.0
1724157146534271000,7,0.0,86.39,81.17,53.33,1,1,1.0
1724157146580268300,2,15.45,0.0,275.73,35.9,1,1,1.0
1724157146580268300,3,1144.23,214.55,134.25,101.76999999999998,1,1,1.0
1724157146580268300,4,603.7,328.04,310.0999999999999,118.85999999999996,1,1,1.0
1724157146580268300,5,416.26,550.1,495.99,169.09000000000003,1,1,1.0
1724157146580268300,6,344.4,582.9,348.70000000000005,119.0,1,1,1.0
1724157146580268300,7,0.0,79.45,102.7,57.64999999999999,1,1,1.0
1724157146660540600,2,55.35,0.0,225.4,35.9,1,1,1.0
1724157146660540600,3,1207.4,219.66,72.59999999999991,90.48999999999998,1,1,1.0
1724157146660540600,4,640.75,323.42,326.25,134.18,1,1,1.0
1724157146660540600,5,473.6,552.19,502.37,162.90999999999997,1,1,1.0
1724157146660540600,6,382.09,598.41,370.51000000000005,98.38999999999999,1,1,1.0
1724157146660540600,7,0.0,78.08,128.2,62.3,1,1,1.0
1724157146699676800,2,79.8,0.0,195.72999999999996,35.9,1,1,1.0
1724157146699676800,3,1234.6,243.37,45.40000000000009,81.01999999999998,1,1,1.0
1724157146699676800,4,653.13,319.55,334.77,140.34999999999997,1,1,1.0
1724157146699676800,5,494.29,553.78,510.91,165.77999999999997,1,1,1.0
1724157146699676800,6,393.92,600.48,378.08,114.31999999999994,1,1,1.0
1724157146699676800,7,0.0,73.57,140.0,68.09,1,1,1.0
1724157146731004000,2,92.5,0.0,177.82,35.9,1,1,1.0
1724157146731004000,4,675.26,317.14,337.74,151.16000000000003,1,1,1.0
1724157146731004000,5,552.03,553.36,502.30999999999995,166.64,1,1,1.0
1724157146731004000,6,411.84,605.84,382.46,110.45999999999992,1,1,1.0
1724157146731004000,7,0.0,73.52,158.9,64.17999999999999,1,1,1.0
1724157146774734800,2,87.4,0.0,177.70000000000002,35.9,1,1,1.0
1724157146774734800,4,693.95,316.63,347.04999999999995,153.87,1,1,1.0
1724157146774734800,5,570.65,554.93,507.73000000000013,161.95000000000005,1,1,1.0
1724157146774734800,6,437.26,614.01,371.64,105.99000000000001,1,1,1.0
1724157146774734800,7,0.0,70.82,172.87,69.63,1,1,1.0
1724157146821871600,2,88.8,0.0,171.5,30.97,1,1,1.0
1724157146821871600,4,720.57,320.07,344.83000000000004,158.43,1,1,1.0
1724157146821871600,5,598.04,557.52,503.1500000000001,160.18000000000006,1,1,1.0
1724157146821871600,6,459.63,614.26,369.87,105.74000000000001,1,1,1.0
1724157146821871600,7,0.0,68.12,186.83,75.09,1,1,1.0
1724157146854335400,2,82.37,0.0,180.73000000000002,26.04,1,1,1.0
1724157146854335400,4,743.54,323.79,351.6600000000001,164.70999999999998,1,1,1.0
1724157146854335400,5,624.0,557.83,505.1099999999999,160.74,1,1,1.0
1724157146854335400,6,482.0,614.51,368.1,105.49000000000001,1,1,1.0
1724157146854335400,7,0.0,65.42,200.8,80.54,1,1,1.0
1724157146901579600,2,77.73,0.0,195.82,29.29,1,1,1.0
1724157146901579600,4,767.44,328.88,356.65999999999985,169.62,1,1,1.0
1724157146901579600,5,647.32,557.49,494.27999999999986,162.51,1,1,1.0
1724157146901579600,6,504.37,614.76,366.33000000000004,105.24000000000001,1,1,1.0
1724157146901579600,7,0.0,70.22,217.2,79.47999999999999,1,1,1.0
1724157146932627800,2,73.1,0.0,210.9,32.54,1,1,1.0
1724157146932627800,4,781.22,338.06,373.8799999999999,166.14,1,1,1.0
1724157146932627800,5,672.67,549.71,492.98000000000013,170.28999999999996,1,1,1.0
1724157146932627800,6,521.5,616.61,351.0,103.38999999999999,1,1,1.0
1724157146932627800,7,0.0,68.9,232.3,78.28999999999999,1,1,1.0
1724157146986793700,2,68.47,0.0,225.98,35.78,1,1,1.0
1724157146986793700,4,801.76,354.6,382.03999999999996,163.69999999999993,1,1,1.0
1724157146986793700,5,698.02,541.93,491.68000000000006,178.07000000000005,1,1,1.0
1724157146986793700,6,550.4,618.35,336.96000000000004,101.64999999999998,1,1,1.0
1724157146986793700,7,0.0,77.6,246.0,71.85,1,1,1.0
1724157147020809200,2,63.83,0.0,241.07,39.03,1,1,1.0
1724157147020809200,4,862.02,377.72,385.78,160.48000000000002,1,1,1.0
1724157147020809200,5,750.62,540.2,478.2800000000001,179.79999999999995,1,1,1.0
1724157147020809200,6,579.3,620.08,322.9200000000001,99.91999999999996,1,1,1.0
1724157147020809200,7,0.0,61.7,263.05,88.49999999999999,1,1,1.0
1724157147098437900,2,51.1,0.0,260.98999999999995,44.6,1,1,1.0
1724157147098437900,4,882.32,387.49,390.17999999999995,161.80999999999995,1,1,1.0
1724157147098437900,5,776.8,543.46,463.9000000000001,176.53999999999996,1,1,1.0
1724157147098437900,6,600.03,626.26,312.9200000000001,93.74000000000001,1,1,1.0
1724157147098437900,7,0.0,58.11,291.9,92.49,1,1,1.0
1724157147143433400,2,43.0,0.0,273.15,46.92,1,1,1.0
1724157147143433400,4,925.99,393.06,354.01,168.81,1,1,1.0
1724157147143433400,5,818.83,574.96,453.91999999999996,145.03999999999996,1,1,1.0
1724157147143433400,6,638.88,625.28,307.91999999999996,94.72000000000003,1,1,1.0
1724157147143433400,7,0.32,60.52,322.38,91.34,1,1,1.0
1724157147218154600,2,21.5,0.0,288.27,42.57,1,1,1.0
1724157147218154600,4,972.85,398.81,307.15,164.45999999999998,1,1,1.0
1724157147218154600,5,900.81,605.75,373.94000000000005,114.25,1,1,1.0
1724157147218154600,6,665.82,624.55,292.91999999999996,95.45000000000005,1,1,1.0
1724157147218154600,7,0.96,65.33,352.04,89.05,1,1,1.0
1724157147218154600,8,0.0,350.42,70.7,83.90999999999997,1,1,1.0
1724157147249556700,2,10.75,0.0,295.83,40.4,1,1,1.0
1724157147249556700,4,994.7,401.14,285.29999999999995,156.05000000000007,1,1,1.0
1724157147249556700,5,940.52,617.27,339.48,102.73000000000002,1,1,1.0
1724157147249556700,6,679.39,623.94,292.27,96.05999999999995,1,1,1.0
1724157147249556700,7,1.28,67.74,366.87,87.89999999999999,1,1,1.0
1724157147249556700,8,0.0,354.0,81.5,82.51999999999998,1,1,1.0
1724157147294744600,2,0.0,0.0,303.39,38.22,1,1,1.0
1724157147294744600,4,1013.06,402.87,266.94000000000005,154.77999999999997,1,1,1.0
1724157147294744600,5,968.93,620.65,311.07000000000005,99.35000000000002,1,1,1.0
1724157147294744600,6,690.82,623.51,290.88,96.49000000000001,1,1,1.0
1724157147294744600,7,1.6,70.14,381.7,86.76,1,1,1.0
1724157147294744600,8,0.0,353.32,88.8,91.47000000000003,1,1,1.0
1724157147340567500,2,2.17,0.0,293.33,36.0,1,1,1.0
1724157147340567500,4,1025.5,405.79,254.5,151.55,1,1,1.0
1724157147340567500,5,997.35,624.02,282.65,95.98000000000002,1,1,1.0
1724157147340567500,6,707.04,621.89,292.38,98.11000000000001,1,1,1.0
1724157147340567500,7,0.8,72.6,402.0,86.87,1,1,1.0
1724157147340567500,8,0.0,352.64,96.1,100.42000000000002,1,1,1.0
1724157147372445800,2,4.35,0.0,282.04999999999995,30.6,1,1,1.0
1724157147372445800,4,1055.51,410.34,224.49,151.21999999999997,1,1,1.0
1724157147372445800,5,1016.08,614.47,263.91999999999996,105.52999999999997,1,1,1.0
1724157147372445800,6,730.01,616.62,271.09000000000003,101.11000000000001,1,1,1.0
1724157147372445800,7,0.0,75.06,422.3,86.97,1,1,1.0
1724157147372445800,8,0.0,354.48,99.0,104.44,1,1,1.0
1724157147419951400,2,6.53,0.0,270.77000000000004,25.2,1,1,1.0
1724157147419951400,4,1104.62,421.69,175.3800000000001,132.09999999999997,1,1,1.0
1724157147419951400,5,1075.34,611.4,204.66000000000008,108.60000000000002,1,1,1.0
1724157147419951400,6,769.13,623.85,263.4699999999999,96.14999999999998,1,1,1.0
1724157147419951400,7,37.79,77.51,404.01,87.08999999999999,1,1,1.0
1724157147419951400,8,0.0,355.03,119.6,111.97000000000003,1,1,1.0
1724157147508370100,2,5.8,0.0,264.45,23.72,1,1,1.0
1724157147508370100,4,1131.3,426.92,148.70000000000005,115.08999999999997,1,1,1.0
1724157147508370100,5,1108.67,610.38,171.32999999999993,109.62,1,1,1.0
1724157147508370100,6,788.2,627.21,246.70000000000005,92.78999999999996,1,1,1.0
1724157147508370100,7,65.1,78.7,394.9,90.2,1,1,1.0
1724157147508370100,8,0.0,360.01,126.88,126.65000000000003,1,1,1.0
1724157147546970000,2,2.9,0.0,261.40000000000003,21.4,1,1,1.0
1724157147546970000,4,1154.1,432.88,125.90000000000009,99.29999999999995,1,1,1.0
1724157147546970000,5,1138.99,611.97,141.01,108.02999999999997,1,1,1.0
1724157147546970000,6,800.68,632.11,209.22000000000003,87.63,1,1,1.0
1724157147546970000,7,88.3,81.27,379.09,84.24,1,1,1.0
1724157147546970000,8,0.0,362.5,130.51,133.99,1,1,1.0
1724157147571677300,2,0.0,0.0,252.08,17.76,1,1,1.0
1724157147571677300,4,1181.34,438.3,98.66000000000008,84.92000000000002,1,1,1.0
1724157147571677300,5,1172.79,608.71,107.21000000000004,111.28999999999996,1,1,1.0
1724157147571677300,6,824.7,637.83,166.19999999999993,81.01999999999998,1,1,1.0
1724157147571677300,7,107.22,80.92,377.05999999999995,88.24,1,1,1.0
1724157147571677300,8,0.0,365.2,145.28,134.22000000000003,1,1,1.0
1724157147616369300,2,0.0,0.0,234.73,17.36,1,1,1.0
1724157147616369300,4,1238.4,450.76,41.59999999999991,74.82000000000005,1,1,1.0
1724157147616369300,5,1240.38,667.04,39.61999999999989,52.960000000000036,1,1,1.0
1724157147616369300,6,868.5,646.32,126.60000000000002,73.18999999999994,1,1,1.0
1724157147616369300,7,138.17,84.14,371.81000000000006,88.24,1,1,1.0
1724157147616369300,8,0.0,367.9,160.04,134.44,1,1,1.0
1724157147661224000,6,879.3,656.95,129.0,62.8599999999999,1,1,1.0
1724157147661224000,7,169.11,87.36,366.55999999999995,88.25000000000001,1,1,1.0
1724157147661224000,8,0.0,370.6,174.8,134.66999999999996,1,1,1.0
1724157147691213900,2,0.83,0.0,219.04999999999998,30.33,1,1,1.0
1724157147691213900,6,917.86,662.58,71.63999999999999,57.41999999999996,1,1,1.0
1724157147691213900,7,188.25,88.61,361.29999999999995,88.25000000000001,1,1,1.0
1724157147691213900,8,0.0,372.48,181.15,140.36,1,1,1.0
1724157147769106000,2,0.83,0.0,219.04999999999998,36.46,1,1,1.0
1724157147769106000,6,969.46,685.09,48.139999999999986,34.90999999999997,1,1,1.0
1724157147769106000,7,224.7,91.43,344.74000000000007,88.25999999999999,1,1,1.0
1724157147769106000,8,0.0,376.24,216.21,159.65999999999997,1,1,1.0
1724157147769106000,9,233.08,0.0,158.50999999999996,23.34,1,1,1.0
1724157147821931600,2,0.83,0.0,219.04999999999998,39.52,1,1,1.0
1724157147821931600,7,246.7,92.08,342.52000000000004,88.26,1,1,1.0
1724157147821931600,8,0.0,378.12,230.01,152.48000000000002,1,1,1.0
1724157147821931600,9,233.08,0.0,162.80999999999997,23.34,1,1,1.0
1724157147858701200,2,0.56,0.0,208.18,39.8,1,1,1.0
1724157147858701200,7,268.71,92.74,340.29,88.26,1,1,1.0
1724157147858701200,8,0.0,380.0,238.5,179.20000000000005,1,1,1.0
1724157147858701200,9,233.08,0.0,167.11999999999998,23.34,1,1,1.0
1724157147891179100,2,0.28,0.0,197.32,40.08,1,1,1.0
1724157147891179100,7,290.01,90.42,330.47,91.61999999999999,1,1,1.0
1724157147891179100,8,0.0,379.3,260.5,200.3,1,1,1.0
1724157147891179100,9,233.08,0.0,180.02,23.34,1,1,1.0
1724157147946090200,2,0.0,0.0,186.47,40.36,1,1,1.0
1724157147946090200,7,308.73,95.42,332.75,93.14999999999999,1,1,1.0
1724157147946090200,8,31.4,375.44,247.1,207.35999999999996,1,1,1.0
1724157147946090200,9,233.08,0.0,192.92,23.34,1,1,1.0
1724157147980739300,2,0.0,0.0,171.43,39.94,1,1,1.0
1724157147980739300,7,326.64,97.61,332.12,91.44000000000001,1,1,1.0
1724157147980739300,8,47.5,376.65,241.10000000000002,208.48000000000002,1,1,1.0
1724157147980739300,9,248.44,0.0,188.01,24.57,1,1,1.0
1724157148011159400,2,0.0,0.0,156.4,39.52,1,1,1.0
1724157148011159400,7,344.55,99.81,331.48999999999995,89.71000000000001,1,1,1.0
1724157148011159400,8,73.5,377.81,226.39999999999998,203.51000000000005,1,1,1.0
1724157148011159400,9,263.8,0.0,183.09999999999997,25.8,1,1,1.0
1724157148097885000,7,404.58,112.48,319.62000000000006,78.71999999999998,1,1,1.0
1724157148097885000,8,119.23,380.14,217.57,168.12,1,1,1.0
1724157148097885000,9,280.18,0.0,192.12,26.6,1,1,1.0
1724157148097885000,10,0.0,214.79,110.4,81.71000000000001,1,1,1.0
1724157148174176800,7,438.38,113.65,311.53999999999996,81.35999999999999,1,1,1.0
1724157148174176800,8,129.0,377.07,228.2,151.82999999999998,1,1,1.0
1724157148174176800,9,292.21,0.0,205.39000000000004,34.96,1,1,1.0
1724157148174176800,10,2.13,215.91,142.07,83.09,1,1,1.0
1724157148174176800,11,0.0,412.86,106.55,75.56,1,1,1.0
1724157148218968700,7,472.3,109.13,307.50999999999993,82.68,1,1,1.0
1724157148218968700,8,153.7,373.28,230.90000000000003,208.92000000000007,1,1,1.0
1724157148218968700,9,296.04,0.0,214.15999999999997,42.92,1,1,1.0
1724157148218968700,10,0.3,214.61,193.1,94.58999999999997,1,1,1.0
1724157148218968700,11,0.0,400.6,168.0,99.5,1,1,1.0
1724157148251949000,7,484.23,108.01,314.11,83.99999999999999,1,1,1.0
1724157148251949000,8,152.59,380.6,241.17,198.60000000000002,1,1,1.0
1724157148251949000,9,305.74,0.0,231.65999999999997,43.33,1,1,1.0
1724157148251949000,10,0.2,211.33,208.55,100.97,1,1,1.0
1724157148251949000,11,0.0,390.8,205.5,137.49999999999994,1,1,1.0
1724157148342393900,7,514.86,109.86,320.93999999999994,86.64,1,1,1.0
1724157148342393900,8,174.5,395.5,239.8,179.79999999999995,1,1,1.0
1724157148342393900,9,307.03,0.0,241.47000000000003,45.16,1,1,1.0
1724157148342393900,10,0.0,204.77,255.8,113.72999999999999,1,1,1.0
1724157148342393900,11,0.0,393.2,271.2,138.8,1,1,1.0
1724157148342393900,12,0.0,14.09,97.51,63.92999999999999,1,1,1.0
1724157148370149700,7,534.9,111.48,320.94000000000005,85.73,1,1,1.0
1724157148370149700,8,176.9,400.7,250.29999999999998,188.2,1,1,1.0
1724157148370149700,9,309.21,0.0,249.99000000000007,46.67,1,1,1.0
1724157148370149700,10,0.0,213.43,279.83,111.69999999999999,1,1,1.0
1724157148370149700,11,0.0,393.2,303.1,138.8,1,1,1.0
1724157148370149700,12,0.0,18.59,108.91,73.41,1,1,1.0
1724157148416356100,7,554.94,113.09,320.93999999999994,84.82,1,1,1.0
1724157148416356100,8,178.96,404.07,257.6,192.13000000000005,1,1,1.0
1724157148416356100,9,309.5,0.0,261.70000000000005,50.31,1,1,1.0
1724157148416356100,10,0.0,222.09,303.87,109.67999999999998,1,1,1.0
1724157148416356100,11,0.0,393.2,341.8,138.8,1,1,1.0
1724157148416356100,12,0.0,16.69,117.13,78.71000000000001,1,1,1.0
1724157148464639100,7,588.6,113.01,320.93999999999994,83.90999999999998,1,1,1.0
1724157148464639100,8,188.3,418.2,262.53999999999996,173.7,1,1,1.0
1724157148464639100,9,317.15,0.0,273.05000000000007,50.5,1,1,1.0
1724157148464639100,10,0.0,230.75,327.9,107.64999999999998,1,1,1.0
1724157148464639100,11,0.0,393.2,407.5,138.8,1,1,1.0
1724157148464639100,12,1.27,19.2,117.13000000000001,73.38,1,1,1.0
1724157148537148100,7,609.39,115.11,320.94000000000005,82.08999999999999,1,1,1.0
1724157148537148100,8,185.63,433.4,284.58,154.81000000000006,1,1,1.0
1724157148537148100,9,320.72,0.0,285.0799999999999,50.1,1,1,1.0
1724157148537148100,10,1.24,238.84,353.59,106.83000000000001,1,1,1.0
1724157148537148100,11,0.0,393.2,438.3,164.59999999999997,1,1,1.0
1724157148537148100,12,0.0,14.78,123.07,80.75,1,1,1.0
1724157148537148100,13,63.89,0.0,134.93,46.68,1,1,1.0
1724157148566779700,7,626.64,119.23,323.0,79.49999999999999,1,1,1.0
1724157148566779700,8,183.17,433.7,294.09000000000003,154.39000000000004,1,1,1.0
1724157148566779700,9,331.36,0.0,272.65,54.28,1,1,1.0
1724157148566779700,10,1.86,242.89,366.44,106.41000000000003,1,1,1.0
1724157148566779700,11,0.0,393.2,465.95,164.59999999999997,1,1,1.0
1724157148566779700,12,0.0,18.35,128.27,84.16,1,1,1.0
1724157148566779700,13,76.58,2.38,134.93,46.68,1,1,1.0
1724157148613062700,7,643.89,123.35,325.07000000000005,76.92000000000002,1,1,1.0
1724157148613062700,9,340.84,0.0,287.56,51.8,1,1,1.0
1724157148613062700,10,1.4,246.08,397.05,114.4,1,1,1.0
1724157148613062700,11,0.0,393.2,493.6,164.59999999999997,1,1,1.0
1724157148613062700,12,3.01,22.9,129.14000000000001,87.16,1,1,1.0
1724157148613062700,13,78.54,1.19,142.49,49.45,1,1,1.0
1724157148661212400,7,684.96,124.07,327.14,74.33000000000001,1,1,1.0
1724157148661212400,9,355.34,0.0,284.76000000000005,53.06,1,1,1.0
1724157148661212400,10,0.93,249.28,427.67,122.36999999999998,1,1,1.0
1724157148661212400,11,0.0,393.2,557.5,164.59999999999997,1,1,1.0
1724157148661212400,12,0.0,37.73,137.91,91.03,1,1,1.0
1724157148661212400,13,80.5,0.0,150.05,52.23,1,1,1.0
1724157148735258100,7,718.33,119.65,336.87,84.35,1,1,1.0
1724157148735258100,9,373.06,0.0,285.08,55.39,1,1,1.0
1724157148735258100,10,0.0,255.66,476.6,138.34,1,1,1.0
1724157148735258100,11,0.0,393.2,617.7,218.7,1,1,1.0
1724157148735258100,12,0.0,37.73,147.41,101.01000000000002,1,1,1.0
1724157148735258100,13,78.98,0.1,162.14,58.5,1,1,1.0
1724157148781700700,7,733.27,119.65,339.9000000000001,83.97999999999999,1,1,1.0
1724157148781700700,9,380.66,0.02,299.2699999999999,58.519999999999996,1,1,1.0
1724157148781700700,10,8.39,253.4,483.51,153.43999999999997,1,1,1.0
1724157148781700700,11,24.7,393.13,617.05,203.65999999999997,1,1,1.0
1724157148781700700,12,0.0,40.57,155.2,101.80000000000001,1,1,1.0
1724157148781700700,13,78.22,0.15,168.18,61.63,1,1,1.0
1724157148813432300,7,748.21,119.65,342.94000000000005,83.62,1,1,1.0
1724157148813432300,9,400.0,0.0,301.62,60.69,1,1,1.0
1724157148813432300,10,57.61,256.57,459.59000000000003,148.04000000000002,1,1,1.0
1724157148813432300,11,49.4,393.06,616.4,188.61999999999995,1,1,1.0
1724157148813432300,12,0.0,43.4,163.0,102.6,1,1,1.0
1724157148813432300,13,81.51,0.0,172.99,57.2,1,1,1.0
1724157148886914800,7,769.67,121.63,351.08000000000004,82.4,1,1,1.0
1724157148886914800,9,415.59,0.0,313.88000000000005,62.3,1,1,1.0
1724157148886914800,10,142.11,267.63,409.09000000000003,130.87,1,1,1.0
1724157148886914800,11,153.6,395.66,568.53,158.54000000000002,1,1,1.0
1724157148886914800,12,0.0,53.23,173.8,105.37,1,1,1.0
1724157148886914800,13,86.43,0.0,174.42000000000002,61.98,1,1,1.0
1724157148935508100,7,794.91,123.61,356.19999999999993,81.55999999999999,1,1,1.0
1724157148935508100,9,438.9,0.1,292.9,62.92,1,1,1.0
1724157148935508100,10,153.6,271.99,415.29999999999995,120.49000000000001,1,1,1.0
1724157148935508100,11,199.1,395.66,550.06,143.83999999999997,1,1,1.0
1724157148935508100,12,0.0,58.15,185.1,102.0,1,1,1.0
1724157148935508100,13,89.95,0.0,177.85000000000002,64.85,1,1,1.0
1724157148935508100,14,1.17,215.77,58.03,52.03,1,1,1.0
1724157148978137900,7,812.2,124.45,361.31999999999994,80.71999999999998,1,1,1.0
1724157148978137900,9,454.37,0.17,292.0,64.48,1,1,1.0
1724157148978137900,10,165.4,276.34,421.20000000000005,110.11000000000001,1,1,1.0
1724157148978137900,11,231.05,393.2,551.29,153.65000000000003,1,1,1.0
1724157148978137900,12,0.0,65.13,186.3,100.65,1,1,1.0
1724157148978137900,13,93.48,0.0,181.26999999999998,67.73,1,1,1.0
1724157148978137900,14,0.57,217.78,69.93,54.52000000000001,1,1,1.0
1724157149007949800,7,829.5,125.3,366.43000000000006,79.86999999999999,1,1,1.0
1724157149007949800,9,469.83,0.25,291.09999999999997,66.03,1,1,1.0
1724157149007949800,10,191.0,280.7,413.29999999999995,99.73000000000002,1,1,1.0
1724157149007949800,11,263.0,390.74,552.51,163.46000000000004,1,1,1.0
1724157149007949800,12,0.0,66.72,189.8,102.78999999999999,1,1,1.0
1724157149007949800,13,97.0,0.0,184.7,70.6,1,1,1.0
1724157149007949800,14,0.62,220.47,80.78,59.28,1,1,1.0
1724157149007949800,15,0.0,0.0,84.17,53.27,1,1,1.0
1724157149052456400,7,848.02,128.51,377.06999999999994,81.01000000000002,1,1,1.0
1724157149052456400,9,485.3,0.32,290.2,67.59,1,1,1.0
1724157149052456400,10,209.11,280.73,420.89,100.66999999999996,1,1,1.0
1724157149052456400,11,304.2,390.13,558.01,177.62,1,1,1.0
1724157149052456400,12,0.0,68.32,198.7,104.93,1,1,1.0
1724157149052456400,13,98.4,1.07,191.99999999999997,70.83000000000001,1,1,1.0
1724157149052456400,14,0.67,223.17,91.63,64.03999999999999,1,1,1.0
1724157149052456400,15,0.0,0.0,88.95,55.4,1,1,1.0
1724157149098173000,7,884.7,129.46,387.70000000000005,82.13999999999999,1,1,1.0
1724157149098173000,8,357.43,431.85,204.33999999999997,155.45999999999992,1,1,1.0
1724157149098173000,9,488.57,0.23,298.90000000000003,71.56,1,1,1.0
1724157149098173000,10,262.87,282.14,411.92999999999995,104.25999999999999,1,1,1.0
1724157149098173000,11,394.5,389.51,514.4,196.69000000000005,1,1,1.0
1724157149098173000,12,0.0,80.7,208.4,92.58,1,1,1.0
1724157149098173000,13,110.7,0.54,190.7,70.36,1,1,1.0
1724157149098173000,14,0.0,225.34,117.4,63.26000000000002,1,1,1.0
1724157149098173000,15,0.0,0.0,93.73,57.53,1,1,1.0
1724157149176098600,7,904.0,133.62,375.4000000000001,80.25,1,1,1.0
1724157149176098600,8,377.98,433.1,199.14999999999998,154.53999999999996,1,1,1.0
1724157149176098600,9,495.1,0.05,316.29999999999995,79.51,1,1,1.0
1724157149176098600,10,297.2,286.32,393.00000000000006,109.68,1,1,1.0
1724157149176098600,11,433.82,394.43,514.4000000000001,191.77000000000004,1,1,1.0
1724157149176098600,12,0.0,85.66,212.9,91.31,1,1,1.0
1724157149176098600,13,111.43,3.6,193.87,75.30000000000001,1,1,1.0
1724157149176098600,14,0.0,223.91,128.1,70.22,1,1,1.0
1724157149176098600,15,0.0,0.0,103.3,61.8,1,1,1.0
1724157149219853000,7,922.9,134.0,357.1,80.63999999999999,1,1,1.0
1724157149219853000,8,390.87,431.96,252.23000000000002,156.77000000000004,1,1,1.0
1724157149219853000,9,510.13,0.16,320.97,82.86,1,1,1.0
1724157149219853000,10,321.65,293.57,398.15,111.13,1,1,1.0
1724157149219853000,11,475.61,395.66,501.48,175.79000000000002,1,1,1.0
1724157149219853000,12,0.0,87.92,217.3,92.71999999999998,1,1,1.0
1724157149219853000,13,111.79,5.13,201.90999999999997,77.77000000000001,1,1,1.0
1724157149219853000,14,0.0,223.2,137.5,73.69999999999999,1,1,1.0
1724157149219853000,15,0.0,0.04,106.31,64.89999999999999,1,1,1.0
1724157149251550600,7,941.8,134.38,338.20000000000005,81.02000000000001,1,1,1.0
1724157149251550600,8,415.9,433.66,235.0,149.16000000000003,1,1,1.0
1724157149251550600,9,525.17,0.26,325.63,86.22999999999999,1,1,1.0
1724157149251550600,10,351.56,298.29,377.53000000000003,113.82,1,1,1.0
1724157149251550600,11,517.4,396.89,488.57000000000005,159.81000000000006,1,1,1.0
1724157149251550600,12,0.0,90.18,221.7,94.13,1,1,1.0
1724157149251550600,13,114.47,0.0,203.00000000000003,83.98,1,1,1.0
1724157149251550600,14,1.59,224.18,148.21,77.96999999999997,1,1,1.0
1724157149251550600,15,0.0,0.08,109.32,68.0,1,1,1.0
1724157149298219900,7,974.7,134.38,305.29999999999995,84.42000000000002,1,1,1.0
1724157149298219900,8,432.4,435.61,228.67000000000007,129.78999999999996,1,1,1.0
1724157149298219900,9,540.2,0.37,330.29999999999995,89.58,1,1,1.0
1724157149298219900,10,409.53,311.03,373.73,109.38000000000005,1,1,1.0
1724157149298219900,11,559.79,403.03,488.56999999999994,145.07000000000005,1,1,1.0
1724157149298219900,12,0.0,93.71,228.8,95.40000000000002,1,1,1.0
1724157149298219900,13,117.14,1.14,204.11,83.91,1,1,1.0
1724157149298219900,14,3.19,225.15,172.51,82.24999999999997,1,1,1.0
1724157149298219900,15,0.0,0.0,119.34,74.99,1,1,1.0
1724157149298219900,16,0.0,449.59,56.88,53.10000000000002,1,1,1.0
1724157149340785100,7,1007.6,134.38,272.4,87.82,1,1,1.0
1724157149340785100,8,436.0,437.55,235.23000000000002,127.05000000000001,1,1,1.0
1724157149340785100,9,556.77,2.44,330.33000000000004,89.89,1,1,1.0
1724157149340785100,10,439.58,320.56,359.21999999999997,107.94,1,1,1.0
1724157149340785100,11,602.18,409.17,488.57000000000005,130.32999999999998,1,1,1.0
1724157149340785100,12,0.0,97.25,235.9,96.65,1,1,1.0
1724157149340785100,13,119.82,2.29,205.2,83.83999999999999,1,1,1.0
1724157149340785100,14,0.0,225.37,189.0,84.23000000000002,1,1,1.0
1724157149340785100,15,0.0,0.0,127.94,82.27,1,1,1.0
1724157149340785100,16,0.88,450.46,65.96000000000001,71.55000000000001,1,1,1.0
1724157149375507500,7,1020.93,137.68,259.07000000000005,86.22,1,1,1.0
1724157149375507500,8,439.6,439.5,241.79999999999995,124.29999999999995,1,1,1.0
1724157149375507500,9,573.33,4.52,330.37,90.19,1,1,1.0
1724157149375507500,10,457.69,320.4,370.03000000000003,116.06,1,1,1.0
1724157149375507500,11,628.59,410.09,496.87,136.49000000000007,1,1,1.0
1724157149375507500,12,16.4,100.78,226.6,97.91999999999999,1,1,1.0
1724157149375507500,13,122.5,3.43,206.3,83.77,1,1,1.0
1724157149375507500,14,0.0,224.02,208.0,90.28,1,1,1.0
1724157149375507500,15,0.0,0.0,133.93,87.11,1,1,1.0
1724157149375507500,16,0.0,447.4,85.96,72.06000000000006,1,1,1.0
1724157149418541600,7,1034.27,140.99,245.73000000000002,84.60999999999999,1,1,1.0
1724157149418541600,8,446.9,442.66,250.80000000000007,116.57,1,1,1.0
1724157149418541600,9,589.9,6.59,330.4,90.49,1,1,1.0
1724157149418541600,10,475.8,320.24,380.84,124.17000000000002,1,1,1.0
1724157149418541600,11,655.0,411.0,505.1700000000001,142.64999999999998,1,1,1.0
1724157149418541600,12,37.38,102.49,211.82,99.59000000000002,1,1,1.0
1724157149418541600,13,125.8,2.28,212.2,86.22,1,1,1.0
1724157149418541600,14,0.0,223.39,220.1,97.31,1,1,1.0
1724157149418541600,15,0.0,0.0,140.44,90.98,1,1,1.0
1724157149418541600,16,0.72,454.73,100.05,79.19999999999993,1,1,1.0
1724157149450496900,7,1047.6,144.3,232.4000000000001,83.0,1,1,1.0
1724157149450496900,8,449.8,444.27,253.74999999999994,115.83000000000004,1,1,1.0
1724157149450496900,9,607.17,8.7,327.58000000000004,92.21,1,1,1.0
1724157149450496900,10,496.03,320.38,374.69000000000005,130.05,1,1,1.0
1724157149450496900,11,681.41,411.91,513.4800000000001,148.82,1,1,1.0
1724157149450496900,12,49.07,103.13,206.95999999999998,101.53999999999999,1,1,1.0
1724157149450496900,13,132.27,6.35,210.91,85.30000000000001,1,1,1.0
1724157149450496900,14,0.0,222.77,232.2,104.33000000000001,1,1,1.0
1724157149450496900,15,0.74,0.0,145.04999999999998,89.48,1,1,1.0
1724157149450496900,16,1.44,462.06,114.15,86.33999999999997,1,1,1.0
1724157149495236300,7,1060.93,153.67,219.06999999999994,75.33000000000001,1,1,1.0
1724157149495236300,8,452.7,445.88,256.7,115.09000000000003,1,1,1.0
1724157149495236300,9,624.43,10.8,324.7700000000001,93.94,1,1,1.0
1724157149495236300,10,516.26,320.51,368.54999999999995,135.94,1,1,1.0
1724157149495236300,11,707.82,412.83,521.7799999999999,154.96999999999997,1,1,1.0
1724157149495236300,12,61.9,103.58,209.82000000000002,102.99,1,1,1.0
1724157149495236300,13,138.73,10.42,209.63000000000002,84.39,1,1,1.0
1724157149495236300,14,0.0,222.14,244.3,111.36000000000001,1,1,1.0
1724157149495236300,15,7.3,0.0,149.89,91.92,1,1,1.0
1724157149495236300,16,2.15,469.38,128.25,86.12,1,1,1.0
1724157149495236300,17,0.0,111.46,91.97,74.42999999999999,1,1,1.0
1724157149538292500,7,1102.3,157.07,177.70000000000005,73.08000000000001,1,1,1.0
1724157149538292500,8,455.6,447.49,259.65,114.35000000000002,1,1,1.0
1724157149538292500,9,641.7,12.91,336.9,95.66,1,1,1.0
1724157149538292500,10,555.0,328.88,362.4,141.82,1,1,1.0
1724157149538292500,11,771.08,416.51,508.91999999999996,170.28999999999996,1,1,1.0
1724157149538292500,12,107.3,108.56,189.8,83.24000000000001,1,1,1.0
1724157149538292500,13,145.2,14.49,208.34000000000003,83.47,1,1,1.0
1724157149538292500,14,0.0,231.74,280.45,112.95999999999998,1,1,1.0
1724157149538292500,15,23.0,0.0,131.0,96.25,1,1,1.0
1724157149538292500,16,2.87,476.71,154.23,112.04000000000002,1,1,1.0
1724157149538292500,17,0.0,113.1,95.1,75.9,1,1,1.0
1724157149614642100,7,1132.04,163.12,147.96000000000004,71.96000000000001,1,1,1.0
1724157149614642100,8,465.63,454.98,263.44000000000005,107.21000000000004,1,1,1.0
1724157149614642100,9,664.85,16.96,344.35,99.47999999999999,1,1,1.0
1724157149614642100,10,578.82,335.38,356.15999999999997,142.88,1,1,1.0
1724157149614642100,11,798.7,420.2,481.29999999999995,166.00000000000006,1,1,1.0
1724157149614642100,12,138.1,113.08,170.9,81.94000000000001,1,1,1.0
1724157149614642100,13,147.0,18.98,209.20999999999998,83.28999999999999,1,1,1.0
1724157149614642100,14,0.0,241.89,301.0,110.56,1,1,1.0
1724157149614642100,15,41.52,7.64,118.67999999999998,104.54,1,1,1.0
1724157149614642100,16,0.96,486.7,186.81,115.15000000000003,1,1,1.0
1724157149614642100,17,0.0,115.19,113.3,76.43,1,1,1.0
1724157149663448700,7,1161.17,165.77,118.82999999999993,73.09,1,1,1.0
1724157149663448700,8,472.77,460.87,264.26,100.78999999999996,1,1,1.0
1724157149663448700,9,676.43,18.99,348.07000000000005,101.38000000000001,1,1,1.0
1724157149663448700,10,615.35,343.6,353.15,140.29999999999995,1,1,1.0
1724157149663448700,11,866.3,428.8,413.70000000000005,159.90000000000003,1,1,1.0
1724157149663448700,12,145.9,115.01,183.6,85.24,1,1,1.0
1724157149663448700,13,156.3,27.69,204.94,82.59,1,1,1.0
1724157149663448700,14,0.0,249.25,320.8,106.55000000000001,1,1,1.0
1724157149663448700,15,50.78,11.46,112.52000000000001,108.69,1,1,1.0
1724157149663448700,16,0.0,491.7,203.1,116.69999999999999,1,1,1.0
1724157149663448700,17,0.0,118.11,119.2,77.92999999999999,1,1,1.0
1724157149692285500,7,1190.29,168.42,89.71000000000004,74.21000000000001,1,1,1.0
1724157149692285500,8,479.9,466.75,265.1,94.38999999999999,1,1,1.0
1724157149692285500,9,688.0,21.02,351.79999999999995,103.28,1,1,1.0
1724157149692285500,10,629.05,352.95,348.6500000000001,136.35000000000002,1,1,1.0
1724157149692285500,11,892.72,436.17,387.28,151.32999999999998,1,1,1.0
1724157149692285500,12,147.06,116.93,189.37,89.69999999999999,1,1,1.0
1724157149692285500,13,157.8,32.67,202.53999999999996,80.12,1,1,1.0
1724157149692285500,14,0.0,245.3,333.23,115.80000000000001,1,1,1.0
1724157149692285500,15,43.32,19.53,123.57,103.38,1,1,1.0
1724157149692285500,16,0.0,492.63,218.77,122.39999999999998,1,1,1.0
1724157149692285500,17,0.0,121.86,127.8,84.64,1,1,1.0
1724157149692285500,18,231.57,0.0,125.45999999999998,30.14,1,1,1.0
1724157149736405500,7,1211.85,169.55,68.15000000000009,74.22,1,1,1.0
1724157149736405500,8,485.22,469.44,265.97,97.71999999999997,1,1,1.0
1724157149736405500,9,695.74,25.48,354.73,101.56,1,1,1.0
1724157149736405500,10,644.81,369.16,340.09000000000003,131.03999999999996,1,1,1.0
1724157149736405500,11,919.13,443.55,360.87,141.49999999999994,1,1,1.0
1724157149736405500,12,140.8,120.37,202.76,88.72999999999999,1,1,1.0
1724157149736405500,13,157.95,37.98,203.96000000000004,78.43,1,1,1.0
1724157149736405500,14,0.0,248.48,345.67,117.91999999999999,1,1,1.0
1724157149736405500,15,35.87,27.59,134.6,98.08,1,1,1.0
1724157149736405500,16,0.0,493.57,234.43,128.09999999999997,1,1,1.0
1724157149736405500,17,0.0,124.47,128.8,89.22999999999999,1,1,1.0
1724157149736405500,18,231.57,0.0,133.03000000000003,33.6,1,1,1.0
1724157149781080500,7,1240.22,172.96,39.77999999999997,74.20999999999998,1,1,1.0
1724157149781080500,8,489.51,470.07,266.83000000000004,101.05000000000001,1,1,1.0
1724157149781080500,9,703.49,29.94,357.6400000000001,99.84,1,1,1.0
1724157149781080500,10,661.69,378.87,393.1099999999999,168.83000000000004,1,1,1.0
1724157149781080500,11,930.2,455.83,349.79999999999995,130.44,1,1,1.0
1724157149781080500,12,144.9,127.13,209.23,95.03999999999999,1,1,1.0
1724157149781080500,13,159.07,42.74,200.88,77.44,1,1,1.0
1724157149781080500,14,0.0,251.66,358.1,120.03999999999999,1,1,1.0
1724157149781080500,15,28.41,35.66,145.65,92.77000000000001,1,1,1.0
1724157149781080500,16,0.0,494.5,250.1,133.79999999999995,1,1,1.0
1724157149781080500,17,0.57,133.53,125.73,86.66999999999999,1,1,1.0
1724157149781080500,18,231.57,0.0,139.93,33.6,1,1,1.0
1724157149858453000,8,504.54,477.09,273.06,107.00000000000006,1,1,1.0
1724157149858453000,9,732.52,38.61,361.3900000000001,98.61,1,1,1.0
1724157149858453000,10,707.79,403.43,384.01,164.07,1,1,1.0
1724157149858453000,11,973.21,468.12,306.78999999999996,130.43999999999994,1,1,1.0
1724157149858453000,12,129.7,139.0,236.56,91.9,1,1,1.0
1724157149858453000,13,177.7,54.07,185.07999999999998,76.89000000000001,1,1,1.0
1724157149858453000,14,2.2,258.41,386.1,118.45999999999998,1,1,1.0
1724157149858453000,15,20.8,42.27,165.26999999999998,109.03,1,1,1.0
1724157149858453000,16,0.0,500.65,288.55,142.25,1,1,1.0
1724157149858453000,17,0.19,147.91,127.51,81.12,1,1,1.0
1724157149858453000,18,231.57,0.0,152.93,42.5,1,1,1.0
1724157149858453000,19,135.28,0.0,47.139999999999986,61.49,1,1,1.0
1724157149901003600,8,515.29,483.48,278.4100000000001,109.61000000000001,1,1,1.0
1724157149901003600,9,753.81,42.82,362.21000000000004,99.09,1,1,1.0
1724157149901003600,10,735.9,406.17,394.9699999999999,171.60999999999996,1,1,1.0
1724157149901003600,11,995.32,470.57,284.67999999999995,139.03000000000003,1,1,1.0
1724157149901003600,12,114.2,141.95,260.3,93.44,1,1,1.0
1724157149901003600,13,172.26,61.41,191.41000000000003,75.30000000000001,1,1,1.0
1724157149901003600,14,1.48,266.56,406.16999999999996,116.57,1,1,1.0
1724157149901003600,15,25.25,43.73,158.86,118.57000000000002,1,1,1.0
1724157149901003600,16,0.0,503.72,307.78,146.48000000000002,1,1,1.0
1724157149901003600,17,0.0,155.1,129.6,78.34,1,1,1.0
1724157149901003600,18,230.29,0.07,160.48,45.52,1,1,1.0
1724157149901003600,19,135.28,0.0,52.02000000000001,66.0,1,1,1.0
1724157149933372700,8,526.03,489.87,283.77,112.23000000000002,1,1,1.0
1724157149933372700,9,775.1,47.03,363.0300000000001,99.58000000000001,1,1,1.0
1724157149933372700,10,750.73,410.46,398.4200000000001,178.06,1,1,1.0
1724157149933372700,11,1014.98,474.26,265.02,139.02999999999997,1,1,1.0
1724157149933372700,12,101.47,146.24,279.4,91.12,1,1,1.0
1724157149933372700,13,183.4,66.69,183.92,76.44999999999999,1,1,1.0
1724157149933372700,14,0.76,274.71,426.24,114.69,1,1,1.0
1724157149933372700,15,20.11,56.54,155.39999999999998,99.97,1,1,1.0
1724157149933372700,16,0.0,506.8,327.0,150.7,1,1,1.0
1724157149933372700,17,0.0,163.77,124.85,76.19,1,1,1.0
1724157149933372700,18,223.27,0.0,174.23,48.3,1,1,1.0
1724157149933372700,19,132.85,0.0,52.03,69.4,1,1,1.0
1724157149977649000,8,532.99,492.55,284.64,113.07999999999998,1,1,1.0
1724157149977649000,9,790.7,53.7,367.93000000000006,97.32000000000001,1,1,1.0
1724157149977649000,10,765.57,414.74,401.85,184.51999999999998,1,1,1.0
1724157149977649000,11,1034.64,477.94,245.3599999999999,139.03000000000003,1,1,1.0
1724157149977649000,12,88.73,150.52,298.5,88.81,1,1,1.0
1724157149977649000,13,184.83,73.61,183.09,73.58999999999999,1,1,1.0
1724157149977649000,14,10.3,280.83,431.53,100.27000000000004,1,1,1.0
1724157149977649000,15,5.6,61.52,172.94,121.28,1,1,1.0
1724157149977649000,16,0.11,509.74,350.32,146.68999999999994,1,1,1.0
1724157149977649000,17,0.0,172.43,120.1,74.04999999999998,1,1,1.0
1724157149977649000,18,206.68,0.0,195.71999999999997,54.1,1,1,1.0
1724157149977649000,19,130.41,0.0,52.03999999999999,72.8,1,1,1.0
1724157150008095100,8,539.94,495.22,285.53,113.94999999999993,1,1,1.0
1724157150008095100,9,807.04,60.36,362.79999999999995,96.89,1,1,1.0
1724157150008095100,10,780.4,419.03,405.30000000000007,190.97000000000003,1,1,1.0
1724157150008095100,11,1056.77,485.32,223.23000000000002,139.02000000000004,1,1,1.0
1724157150008095100,12,76.0,154.81,317.6,86.49000000000001,1,1,1.0
1724157150008095100,13,194.5,78.22,170.60000000000002,74.41999999999999,1,1,1.0
1724157150008095100,14,37.2,286.94,419.47,99.20999999999998,1,1,1.0
1724157150008095100,15,0.0,67.75,179.95,115.44999999999999,1,1,1.0
1724157150008095100,16,0.23,512.68,373.62,142.67000000000007,1,1,1.0
1724157150008095100,17,0.0,181.1,125.3,71.9,1,1,1.0
1724157150008095100,18,201.27,0.34,203.33,56.66,1,1,1.0
1724157150008095100,19,127.98,0.0,52.05,76.2,1,1,1.0
1724157150008095100,20,946.5,0.0,148.33999999999992,15.29,1,1,1.0
1724157150056669600,8,546.9,497.9,286.4,114.80000000000007,1,1,1.0
1724157150056669600,9,814.26,66.19,370.8499999999999,98.96000000000001,1,1,1.0
1724157150056669600,10,797.13,425.02,408.81000000000006,202.78999999999996,1,1,1.0
1724157150056669600,11,1078.9,492.69,201.0999999999999,139.03000000000003,1,1,1.0
1724157150056669600,12,79.1,158.08,321.83000000000004,87.25999999999999,1,1,1.0
1724157150056669600,13,201.2,77.19,163.14,84.78,1,1,1.0
1724157150056669600,14,64.1,293.06,407.4,98.13999999999999,1,1,1.0
1724157150056669600,15,10.7,72.95,178.62,116.85000000000001,1,1,1.0
1724157150056669600,16,0.34,515.62,396.94,138.65999999999997,1,1,1.0
1724157150056669600,17,0.94,186.43,89.46000000000001,75.33999999999997,1,1,1.0
1724157150056669600,18,192.58,0.4,217.43999999999997,61.690000000000005,1,1,1.0
1724157150056669600,19,125.54,0.0,52.05999999999999,79.6,1,1,1.0
1724157150056669600,20,946.5,0.0,153.0999999999999,18.5,1,1,1.0
1724157150100942600,8,573.3,513.63,269.11,108.23000000000002,1,1,1.0
1724157150100942600,9,842.19,76.0,373.77,99.83000000000001,1,1,1.0
1724157150100942600,10,813.87,431.0,412.30000000000007,214.62,1,1,1.0
1724157150100942600,11,1123.7,504.36,156.29999999999995,121.19999999999993,1,1,1.0
1724157150100942600,12,88.4,161.35,319.85,103.35,1,1,1.0
1724157150100942600,13,207.9,76.15,155.68999999999997,95.15,1,1,1.0
1724157150100942600,14,112.3,302.12,391.0,95.98000000000002,1,1,1.0
1724157150100942600,15,30.3,78.14,168.39,122.76,1,1,1.0
1724157150100942600,16,0.46,518.56,420.24,134.6400000000001,1,1,1.0
1724157150100942600,17,1.88,191.76,86.12,78.78000000000003,1,1,1.0
1724157150100942600,18,176.49,0.58,242.70999999999998,69.32000000000001,1,1,1.0
1724157150100942600,19,126.4,0.0,50.69999999999999,81.37,1,1,1.0
1724157150100942600,20,922.71,0.0,191.19000000000005,34.4,1,1,1.0
1724157150100942600,21,407.77,0.0,126.14999999999998,24.66,1,1,1.0
1724157150176421700,8,588.35,525.16,280.1,114.29000000000008,1,1,1.0
1724157150176421700,9,871.9,92.67,390.30000000000007,95.10000000000001,1,1,1.0
1724157150176421700,10,862.73,482.81,417.27,217.08999999999997,1,1,1.0
1724157150176421700,11,1179.63,551.67,100.36999999999989,96.03000000000009,1,1,1.0
1724157150176421700,12,106.97,171.45,316.28,99.36000000000001,1,1,1.0
1724157150176421700,13,200.33,80.67,156.67,105.61,1,1,1.0
1724157150176421700,14,136.7,316.9,392.3,99.73000000000002,1,1,1.0
1724157150176421700,15,46.0,88.82,149.48,115.29000000000002,1,1,1.0
1724157150176421700,16,0.15,540.52,464.5,119.22000000000003,1,1,1.0
1724157150176421700,17,0.0,198.63,101.5,89.53000000000003,1,1,1.0
1724157150176421700,18,152.06,0.0,272.04,80.5,1,1,1.0
1724157150176421700,19,123.94,1.67,55.16,89.33,1,1,1.0
1724157150176421700,20,903.16,0.0,230.04000000000008,49.3,1,1,1.0
1724157150176421700,21,408.01,0.69,127.63999999999999,31.69,1,1,1.0
1724157150207281500,8,603.94,535.28,265.55999999999995,113.39999999999998,1,1,1.0
1724157150207281500,9,875.7,99.84,404.29999999999995,94.75999999999999,1,1,1.0
1724157150207281500,10,876.91,498.84,403.09000000000003,210.86000000000007,1,1,1.0
1724157150207281500,11,1205.43,568.87,74.56999999999994,96.02999999999997,1,1,1.0
1724157150207281500,12,116.23,178.29,314.7,98.14000000000001,1,1,1.0
1724157150207281500,13,196.37,86.23,158.23000000000002,105.68999999999998,1,1,1.0
1724157150207281500,14,144.27,322.63,400.53,105.63999999999999,1,1,1.0
1724157150207281500,15,47.2,97.36,138.60000000000002,116.26,1,1,1.0
1724157150207281500,16,0.0,551.5,486.62,111.50999999999999,1,1,1.0
1724157150207281500,17,0.79,203.69,110.08,89.57,1,1,1.0
1724157150207281500,18,152.9,0.29,276.4,88.50999999999999,1,1,1.0
1724157150207281500,19,122.71,2.5,51.14,87.57,1,1,1.0
1724157150207281500,20,831.9,0.0,310.42999999999995,56.47,1,1,1.0
1724157150207281500,21,401.86,1.38,134.90999999999997,38.12,1,1,1.0
1724157150207281500,22,23.2,0.94,79.8,35.230000000000004,1,1,1.0
1724157150253488700,8,604.09,538.97,269.11,119.76999999999998,1,1,1.0
1724157150253488700,9,881.3,106.6,398.70000000000005,96.44,1,1,1.0
1724157150253488700,10,894.87,516.94,385.13,203.05999999999995,1,1,1.0
1724157150253488700,11,1230.0,582.39,50.0,96.02999999999997,1,1,1.0
1724157150253488700,12,125.5,185.13,313.1,96.91000000000003,1,1,1.0
1724157150253488700,13,192.4,91.78,159.79999999999998,105.78999999999999,1,1,1.0
1724157150253488700,14,151.84,328.35,408.76,111.54999999999995,1,1,1.0
1724157150253488700,15,65.9,100.36,117.5,125.64999999999999,1,1,1.0
1724157150253488700,16,50.6,552.25,453.5,114.02999999999997,1,1,1.0
1724157150253488700,17,0.16,203.68,105.29,85.79000000000002,1,1,1.0
1724157150253488700,18,142.9,0.63,286.5,94.57000000000001,1,1,1.0
1724157150253488700,19,121.47,3.33,47.140000000000015,85.8,1,1,1.0
1724157150253488700,20,837.96,0.0,313.51,63.63,1,1,1.0
1724157150253488700,21,395.7,2.07,142.2,44.55,1,1,1.0
1724157150253488700,22,23.2,0.94,79.8,35.230000000000004,1,1,1.0
1724157150299296800,8,597.38,537.94,282.62,128.8599999999999,1,1,1.0
1724157150299296800,9,885.8,112.54,392.51,99.42,1,1,1.0
1724157150299296800,10,915.4,532.5,364.6,187.5,1,1,1.0
1724157150299296800,12,136.85,189.5,304.36,106.57999999999998,1,1,1.0
1724157150299296800,13,193.2,97.63,158.13,106.34,1,1,1.0
1724157150299296800,14,175.62,334.53,401.33000000000004,113.92000000000002,1,1,1.0
1724157150299296800,15,66.9,107.17,113.63,135.13,1,1,1.0
1724157150299296800,16,47.1,548.2,477.4,144.93999999999994,1,1,1.0
1724157150299296800,17,0.0,197.46,117.93,98.16,1,1,1.0
1724157150299296800,18,155.6,0.66,276.5,98.41,1,1,1.0
1724157150299296800,19,118.81,0.0,50.859999999999985,95.89,1,1,1.0
1724157150299296800,20,844.02,0.0,316.5799999999999,70.8,1,1,1.0
1724157150299296800,21,379.41,0.0,154.98999999999995,44.9,1,1,1.0
1724157150299296800,22,11.6,0.47,89.24000000000001,41.620000000000005,1,1,1.0
1724157150299296800,23,0.0,86.0,22.73,32.230000000000004,1,1,1.0
1724157150329928600,8,598.77,543.38,286.33000000000004,130.26999999999998,1,1,1.0
1724157150329928600,9,892.8,121.75,384.06999999999994,95.91,1,1,1.0
1724157150329928600,10,929.22,539.57,350.78,180.42999999999995,1,1,1.0
1724157150329928600,12,149.37,194.47,299.96999999999997,108.47,1,1,1.0
1724157150329928600,13,194.0,103.49,156.47000000000003,106.89,1,1,1.0
1724157150329928600,14,199.4,340.71,393.9,116.29000000000002,1,1,1.0
1724157150329928600,15,75.6,113.97,102.07,125.57,1,1,1.0
1724157150329928600,16,78.02,559.44,476.38,160.55999999999995,1,1,1.0
1724157150329928600,17,6.91,201.67,121.39000000000001,100.53999999999999,1,1,1.0
1724157150329928600,18,138.8,1.08,297.09999999999997,102.72,1,1,1.0
1724157150329928600,19,116.14,0.0,54.60000000000001,102.64,1,1,1.0
1724157150329928600,20,852.69,0.0,315.3599999999999,81.0,1,1,1.0
1724157150329928600,21,309.6,0.0,226.0,52.93,1,1,1.0
1724157150329928600,22,0.0,0.0,98.68,48.01,1,1,1.0
1724157150329928600,23,0.0,81.1,34.22,38.83000000000001,1,1,1.0
1724157150376196500,8,605.07,549.75,285.92999999999995,130.89,1,1,1.0
1724157150376196500,9,903.02,130.9,375.4100000000001,94.87,1,1,1.0
1724157150376196500,10,943.04,546.65,336.96000000000004,173.35000000000002,1,1,1.0
1724157150376196500,12,161.88,199.44,295.59000000000003,110.36000000000001,1,1,1.0
1724157150376196500,13,194.8,109.34,154.8,107.44,1,1,1.0
1724157150376196500,14,228.14,347.7,382.86,106.97000000000003,1,1,1.0
1724157150376196500,15,84.3,120.78,90.50000000000001,115.99000000000001,1,1,1.0
1724157150376196500,16,154.86,559.21,425.64,148.86,1,1,1.0
1724157150376196500,17,8.64,207.95,120.60000000000001,98.63,1,1,1.0
1724157150376196500,18,140.3,3.96,298.7,107.84,1,1,1.0
1724157150376196500,19,113.48,0.0,58.32000000000001,109.4,1,1,1.0
1724157150376196500,20,861.35,0.0,314.15,91.2,1,1,1.0
1724157150376196500,21,310.75,0.0,226.54999999999995,57.39,1,1,1.0
1724157150376196500,22,0.0,0.43,91.9,54.26,1,1,1.0
1724157150376196500,23,0.0,85.39,48.15,42.53,1,1,1.0
1724157150425316300,8,620.77,564.01,282.73,121.90999999999997,1,1,1.0
1724157150425316300,9,913.24,140.05,366.76,93.82999999999998,1,1,1.0
1724157150425316300,10,956.86,553.72,323.14,166.27999999999997,1,1,1.0
1724157150425316300,12,174.4,204.41,291.20000000000005,112.25000000000003,1,1,1.0
1724157150425316300,13,196.77,117.36,150.9,105.25000000000001,1,1,1.0
1724157150425316300,14,256.88,354.69,371.82000000000005,97.66000000000003,1,1,1.0
1724157150425316300,15,85.9,127.58,93.5,112.78000000000002,1,1,1.0
1724157150425316300,16,207.1,575.5,403.69999999999993,118.60000000000002,1,1,1.0
1724157150425316300,17,6.78,212.26,123.88999999999999,100.32,1,1,1.0
1724157150425316300,18,129.5,11.13,308.8,108.64,1,1,1.0
1724157150425316300,19,113.24,6.2,58.7,113.84,1,1,1.0
1724157150425316300,20,870.01,0.0,312.94000000000005,101.4,1,1,1.0
1724157150425316300,21,311.91,0.0,227.08999999999997,61.85,1,1,1.0
1724157150425316300,22,0.0,0.14,101.0,60.33,1,1,1.0
1724157150425316300,23,0.0,89.67,62.07,46.239999999999995,1,1,1.0
1724157150425316300,24,5.46,169.06,72.64,56.91,1,1,1.0
1724157150450237000,8,624.89,570.2,282.80000000000007,122.20999999999992,1,1,1.0
1724157150450237000,9,922.96,147.1,357.03999999999996,93.35,1,1,1.0
1724157150450237000,10,979.82,564.45,300.17999999999995,154.8599999999999,1,1,1.0
1724157150450237000,12,187.6,209.85,285.4,108.82000000000002,1,1,1.0
1724157150450237000,13,198.73,125.37,147.00000000000003,103.07,1,1,1.0
1724157150450237000,14,285.62,361.68,360.78,88.33999999999997,1,1,1.0
1724157150450237000,15,89.25,134.0,90.44999999999999,128.32999999999998,1,1,1.0
1724157150450237000,16,265.9,575.26,389.0,134.26999999999998,1,1,1.0
1724157150450237000,17,0.0,225.05,128.22,91.72999999999996,1,1,1.0
1724157150450237000,18,127.0,16.11,314.0,107.97,1,1,1.0
1724157150450237000,19,111.32,12.15,60.75,118.51999999999998,1,1,1.0
1724157150450237000,20,878.68,12.9,311.72000000000014,98.69999999999999,1,1,1.0
1724157150450237000,21,313.06,0.0,227.64000000000004,66.31,1,1,1.0
1724157150450237000,22,0.0,0.17,103.5,64.47,1,1,1.0
1724157150450237000,23,0.0,93.96,76.0,49.94000000000001,1,1,1.0
1724157150450237000,24,0.46,173.63,77.54,60.78,1,1,1.0
1724157150496125700,8,628.25,575.48,285.89,124.10000000000002,1,1,1.0
1724157150496125700,9,940.18,156.55,339.82000000000005,94.78,1,1,1.0
1724157150496125700,10,985.63,577.46,294.37,142.53999999999996,1,1,1.0
1724157150496125700,12,189.93,215.75,288.98,102.25,1,1,1.0
1724157150496125700,13,200.7,133.39,143.10000000000002,100.88000000000002,1,1,1.0
1724157150496125700,14,308.7,365.27,355.59999999999997,91.40000000000003,1,1,1.0
1724157150496125700,15,92.6,140.42,87.4,143.88000000000002,1,1,1.0
1724157150496125700,16,280.7,592.53,404.59999999999997,107.57000000000005,1,1,1.0
1724157150496125700,17,0.0,231.53,128.28,91.94000000000003,1,1,1.0
1724157150496125700,18,124.2,21.45,317.3,108.08999999999999,1,1,1.0
1724157150496125700,19,109.4,18.1,62.81,123.21000000000001,1,1,1.0
1724157150496125700,20,884.88,22.41,312.65,100.24000000000001,1,1,1.0
1724157150496125700,21,316.24,0.0,223.46000000000004,70.82,1,1,1.0
1724157150496125700,22,0.0,0.12,105.2,70.57,1,1,1.0
1724157150496125700,23,0.0,91.0,90.4,62.0,1,1,1.0
1724157150496125700,24,0.0,177.77,78.42,61.94,1,1,1.0
1724157150529369300,8,627.49,579.54,298.5,130.88,1,1,1.0
1724157150529369300,9,957.4,166.01,322.6,96.21000000000004,1,1,1.0
1724157150529369300,10,1010.41,593.85,269.59000000000003,126.14999999999998,1,1,1.0
1724157150529369300,12,207.9,222.29,274.6,88.47999999999999,1,1,1.0
1724157150529369300,13,209.93,138.36,132.59999999999997,102.29999999999998,1,1,1.0
1724157150529369300,14,315.6,369.74,375.6,97.19999999999999,1,1,1.0
1724157150529369300,15,98.5,146.83,81.80000000000001,146.67,1,1,1.0
1724157150529369300,16,311.17,608.86,409.83,104.93999999999994,1,1,1.0
1724157150529369300,17,0.0,238.86,131.22,91.22999999999996,1,1,1.0
1724157150529369300,18,123.8,23.6,321.2,111.39000000000001,1,1,1.0
1724157150529369300,19,110.2,28.5,62.14,123.44,1,1,1.0
1724157150529369300,20,891.08,31.93,313.57000000000005,101.76999999999998,1,1,1.0
1724157150529369300,21,318.98,0.35,222.28999999999996,76.03,1,1,1.0
1724157150529369300,22,0.0,1.99,104.63,74.73,1,1,1.0
1724157150529369300,23,0.0,96.61,100.8,68.58999999999999,1,1,1.0
1724157150529369300,24,0.0,183.36,79.57,64.27999999999997,1,1,1.0
1724157150529369300,25,185.69,0.0,67.5,40.76,1,1,1.0
1724157150576255000,8,629.71,582.28,303.06999999999994,134.10000000000002,1,1,1.0
1724157150576255000,9,972.1,175.25,307.9,88.55000000000001,1,1,1.0
1724157150576255000,10,1024.59,614.1,224.2900000000002,105.89999999999998,1,1,1.0
1724157150576255000,12,211.3,227.18,282.8,81.36000000000001,1,1,1.0
1724157150576255000,13,219.17,143.33,122.1,103.72,1,1,1.0
1724157150576255000,14,333.3,375.34,381.72999999999996,109.16000000000003,1,1,1.0
1724157150576255000,15,103.8,153.25,76.8,149.55,1,1,1.0
1724157150576255000,16,341.17,615.21,428.93,104.78999999999996,1,1,1.0
1724157150576255000,17,0.0,245.35,128.5,91.88000000000002,1,1,1.0
1724157150576255000,18,122.0,23.12,321.7,121.25,1,1,1.0
1724157150576255000,19,111.52,42.0,62.83,113.97,1,1,1.0
1724157150576255000,20,897.28,41.44,314.5,103.31,1,1,1.0
1724157150576255000,21,321.73,0.69,221.10000000000002,81.25,1,1,1.0
1724157150576255000,22,0.0,3.86,104.05,78.89,1,1,1.0
1724157150576255000,23,0.0,104.5,112.8,85.30000000000001,1,1,1.0
1724157150576255000,24,0.0,192.63,79.82,62.80000000000001,1,1,1.0
1724157150576255000,25,187.28,0.0,67.5,43.94,1,1,1.0
1724157150626465600,8,634.76,587.1,289.44000000000005,132.89999999999998,1,1,1.0
1724157150626465600,9,988.8,185.17,291.20000000000005,100.43000000000004,1,1,1.0
1724157150626465600,10,1039.2,641.19,165.38999999999987,78.80999999999995,1,1,1.0
1724157150626465600,12,239.2,232.17,267.90000000000003,78.01000000000002,1,1,1.0
1724157150626465600,13,228.4,148.3,111.6,105.13999999999999,1,1,1.0
1724157150626465600,14,361.9,380.94,376.97,121.06,1,1,1.0
1724157150626465600,15,99.8,162.01,86.96,149.79000000000002,1,1,1.0
1724157150626465600,16,396.8,624.5,405.09999999999997,95.5,1,1,1.0
1724157150626465600,17,0.0,249.75,126.82,95.07999999999998,1,1,1.0
1724157150626465600,18,128.79,27.61,317.01,125.10000000000001,1,1,1.0
1724157150626465600,19,106.4,34.7,69.96000000000001,125.3,1,1,1.0
1724157150626465600,20,903.48,50.95,315.4200000000001,104.85000000000001,1,1,1.0
1724157150626465600,21,324.48,1.04,219.91999999999996,86.46,1,1,1.0
1724157150626465600,22,0.0,5.73,103.48,83.06,1,1,1.0
1724157150626465600,23,0.0,112.4,124.8,102.0,1,1,1.0
1724157150626465600,24,0.0,202.1,79.82,53.33000000000001,1,1,1.0
1724157150626465600,25,188.86,0.0,67.50999999999999,47.11,1,1,1.0
1724157150648340400,8,642.49,594.17,285.99,125.83000000000004,1,1,1.0
1724157150648340400,9,1025.1,195.08,254.9000000000001,103.72,1,1,1.0
1724157150648340400,10,1062.5,669.31,68.40000000000009,50.690000000000055,1,1,1.0
1724157150648340400,12,261.24,234.52,261.15999999999997,84.52000000000001,1,1,1.0
1724157150648340400,13,240.13,153.03,100.84000000000003,106.72999999999999,1,1,1.0
1724157150648340400,14,399.33,386.53,363.37000000000006,100.27000000000004,1,1,1.0
1724157150648340400,15,97.1,170.78,95.82,148.92,1,1,1.0
1724157150648340400,16,446.4,626.0,383.30000000000007,94.0,1,1,1.0
1724157150648340400,17,0.57,257.06,129.29000000000002,94.56,1,1,1.0
1724157150648340400,18,120.6,29.72,332.70000000000005,129.79,1,1,1.0
1724157150648340400,19,106.75,48.76,71.63,115.28,1,1,1.0
1724157150648340400,20,908.1,62.43,322.4,105.37,1,1,1.0
1724157150648340400,21,333.61,8.33,220.15999999999997,87.44,1,1,1.0
1724157150648340400,22,0.0,7.6,102.9,87.22,1,1,1.0
1724157150648340400,23,0.0,120.3,136.8,102.10000000000001,1,1,1.0
1724157150648340400,24,0.0,211.67,82.89,53.59,1,1,1.0
1724157150648340400,25,183.31,0.0,74.62,54.65,1,1,1.0
1724157150695069700,8,662.56,604.91,263.35,115.09000000000003,1,1,1.0
1724157150695069700,9,1041.24,210.92,238.76,100.47999999999999,1,1,1.0
1724157150695069700,12,302.9,241.53,257.20000000000005,93.6,1,1,1.0
1724157150695069700,13,251.87,157.77,90.06,108.30999999999997,1,1,1.0
1724157150695069700,14,478.0,401.4,352.0,84.60000000000002,1,1,1.0
1724157150695069700,15,94.4,179.54,104.68,154.16,1,1,1.0
1724157150695069700,16,518.4,644.2,310.97,73.88999999999999,1,1,1.0
1724157150695069700,17,0.0,273.0,135.0,84.10000000000002,1,1,1.0
1724157150695069700,18,125.0,44.64,331.1,124.94000000000001,1,1,1.0
1724157150695069700,19,107.11,62.82,73.27999999999999,105.25,1,1,1.0
1724157150695069700,20,922.21,73.92,334.19000000000005,117.08,1,1,1.0
1724157150695069700,21,342.74,15.62,220.39,88.41,1,1,1.0
1724157150695069700,22,0.0,14.02,101.1,91.28,1,1,1.0
1724157150695069700,23,0.0,130.47,163.7,93.43,1,1,1.0
1724157150695069700,24,0.0,221.23,85.96,53.849999999999994,1,1,1.0
1724157150695069700,25,177.76,0.0,81.74000000000001,62.2,1,1,1.0
1724157150695069700,26,939.36,0.0,279.2299999999999,40.68,1,1,1.0
1724157150695069700,27,114.13,2.26,58.03999999999999,67.52,1,1,1.0
1724157150741365200,8,671.33,607.67,257.02,112.33000000000004,1,1,1.0
1724157150741365200,9,1057.37,226.76,222.6300000000001,94.74000000000001,1,1,1.0
1724157150741365200,12,321.8,245.1,258.40000000000003,87.02000000000001,1,1,1.0
1724157150741365200,13,263.6,162.5,79.29999999999995,109.89999999999998,1,1,1.0
1724157150741365200,14,494.19,406.75,371.51000000000005,98.75,1,1,1.0
1724157150741365200,15,93.6,194.7,110.4,144.0,1,1,1.0
1724157150741365200,16,566.08,655.08,260.02,64.91999999999996,1,1,1.0
1724157150741365200,17,0.09,277.72,141.27,88.88,1,1,1.0
1724157150741365200,18,130.3,58.57,333.0,121.0,1,1,1.0
1724157150741365200,19,107.46,76.89,74.94000000000001,95.21,1,1,1.0
1724157150741365200,20,936.32,85.4,329.38,120.79999999999998,1,1,1.0
1724157150741365200,21,351.88,22.92,220.62,89.38,1,1,1.0
1724157150741365200,22,0.0,21.82,105.4,91.47999999999999,1,1,1.0
1724157150741365200,23,0.0,137.92,180.77,101.18,1,1,1.0
1724157150741365200,24,0.0,230.8,89.03,54.110000000000014,1,1,1.0
1724157150741365200,25,177.76,0.0,81.21000000000004,69.6,1,1,1.0
1724157150741365200,26,903.69,0.0,342.90999999999985,50.5,1,1,1.0
1724157150741365200,27,110.83,4.75,61.08,66.83,1,1,1.0
1724157150815832600,8,688.4,615.81,218.10000000000002,102.96000000000004,1,1,1.0
1724157150815832600,9,1073.21,243.6,206.78999999999996,90.88000000000002,1,1,1.0
1724157150815832600,12,356.98,253.54,266.62,77.1,1,1,1.0
1724157150815832600,13,276.13,172.1,67.63999999999999,110.22999999999999,1,1,1.0
1724157150815832600,14,572.35,422.58,390.94999999999993,99.42000000000002,1,1,1.0
1724157150815832600,15,111.4,237.9,70.0,115.49999999999997,1,1,1.0
1724157150815832600,16,650.49,640.05,104.40999999999997,79.95000000000005,1,1,1.0
1724157150815832600,17,0.05,289.2,140.13,87.35000000000002,1,1,1.0
1724157150815832600,18,145.5,74.8,323.81,113.27,1,1,1.0
1724157150815832600,19,104.81,88.08,62.389999999999986,89.61999999999999,1,1,1.0
1724157150815832600,20,954.5,102.48,320.73,129.44,1,1,1.0
1724157150815832600,21,370.15,44.44,213.05000000000007,82.73,1,1,1.0
1724157150815832600,22,0.0,35.34,107.0,93.85999999999999,1,1,1.0
1724157150815832600,23,0.0,148.06,225.62,102.53999999999999,1,1,1.0
1724157150815832600,24,0.0,240.16,88.7,63.84,1,1,1.0
1724157150815832600,25,177.76,0.0,80.13999999999999,84.4,1,1,1.0
1724157150815832600,26,865.1,0.1,414.9,80.2,1,1,1.0
1724157150815832600,27,86.81,6.34,101.28999999999999,77.06,1,1,1.0
1724157150815832600,28,261.93,0.0,89.31,28.73,1,1,1.0
1724157150861378000,9,1092.13,258.41,187.8699999999999,88.54999999999995,1,1,1.0
1724157150861378000,12,385.74,260.95,259.15999999999997,69.97000000000003,1,1,1.0
1724157150861378000,13,282.4,176.9,61.80000000000001,110.4,1,1,1.0
1724157150861378000,14,617.76,430.85,378.44000000000005,104.54999999999995,1,1,1.0
1724157150861378000,15,112.3,236.42,74.44000000000001,122.68000000000004,1,1,1.0
1724157150861378000,17,0.02,294.94,139.57,86.58999999999997,1,1,1.0
1724157150861378000,18,150.31,81.57,323.52,117.38,1,1,1.0
1724157150861378000,19,108.3,102.39,63.10000000000001,76.08,1,1,1.0
1724157150861378000,20,970.69,116.97,309.30999999999995,127.82,1,1,1.0
1724157150861378000,21,383.1,48.69,198.39999999999998,81.50999999999999,1,1,1.0
1724157150861378000,22,2.73,45.99,107.58,90.07999999999998,1,1,1.0
1724157150861378000,23,0.0,150.43,248.95,112.07,1,1,1.0
1724157150861378000,24,0.0,260.8,92.58,50.69999999999999,1,1,1.0
1724157150861378000,25,167.5,0.0,90.67000000000002,85.38,1,1,1.0
1724157150861378000,26,878.7,0.13,401.29999999999995,94.07000000000001,1,1,1.0
1724157150861378000,27,89.6,13.53,95.0,79.77,1,1,1.0
1724157150861378000,28,261.93,0.0,79.76999999999998,28.7,1,1,1.0
1724157150861378000,29,393.3,0.0,42.50999999999999,31.24,1,1,1.0
1724157150861378000,30,323.23,0.0,49.76999999999998,35.61,1,1,1.0
1724157150892281400,9,1111.04,273.23,168.96000000000004,86.20999999999998,1,1,1.0
1724157150892281400,12,414.5,268.37,251.70000000000005,62.829999999999984,1,1,1.0
1724157150892281400,13,286.7,181.45,59.55000000000001,103.65000000000003,1,1,1.0
1724157150892281400,14,651.57,441.3,398.02999999999986,108.64000000000004,1,1,1.0
1724157150892281400,15,112.3,253.0,68.7,115.0,1,1,1.0
1724157150892281400,17,0.0,300.68,139.0,85.82,1,1,1.0
1724157150892281400,18,162.6,85.11,325.70000000000005,115.39,1,1,1.0
1724157150892281400,19,111.79,116.69,63.80999999999999,62.53999999999999,1,1,1.0
1724157150892281400,20,984.25,127.58,295.75,131.61,1,1,1.0
1724157150892281400,21,392.1,57.9,197.60000000000002,77.91,1,1,1.0
1724157150892281400,22,5.47,56.63,108.14,86.31,1,1,1.0
1724157150892281400,23,0.0,152.8,272.27,116.05000000000001,1,1,1.0
1724157150892281400,24,0.0,266.07,91.13,53.74000000000001,1,1,1.0
1724157150892281400,25,164.4,0.0,98.9,89.8,1,1,1.0
1724157150892281400,26,895.82,3.25,384.17999999999995,103.43,1,1,1.0
1724157150892281400,27,90.02,16.23,96.88000000000001,82.17,1,1,1.0
1724157150892281400,28,248.1,0.0,91.50000000000003,32.9,1,1,1.0
1724157150892281400,29,393.3,0.0,44.19999999999999,35.72,1,1,1.0
1724157150892281400,30,321.4,0.0,56.30000000000001,43.3,1,1,1.0
1724157150948260300,9,1143.32,289.79,136.68000000000006,82.85999999999996,1,1,1.0
1724157150948260300,12,437.96,274.0,248.94,63.89999999999998,1,1,1.0
1724157150948260300,13,291.0,186.0,57.30000000000001,96.89999999999998,1,1,1.0
1724157150948260300,14,690.13,446.74,412.07000000000005,117.15999999999997,1,1,1.0
1724157150948260300,15,109.8,263.2,65.00000000000001,109.32,1,1,1.0
1724157150948260300,17,0.0,302.01,138.45,88.37,1,1,1.0
1724157150948260300,18,172.8,93.9,314.9,100.5,1,1,1.0
1724157150948260300,19,115.29,131.0,64.51,49.0,1,1,1.0
1724157150948260300,20,997.8,138.2,282.20000000000005,135.39,1,1,1.0
1724157150948260300,21,399.4,66.41,191.80000000000007,74.05000000000001,1,1,1.0
1724157150948260300,22,8.2,67.27,108.71,82.54,1,1,1.0
1724157150948260300,23,0.0,155.17,295.6,120.03,1,1,1.0
1724157150948260300,24,0.0,271.34,89.67,56.79000000000002,1,1,1.0
1724157150948260300,25,165.7,0.1,92.06,95.30000000000001,1,1,1.0
1724157150948260300,26,917.3,1.63,362.70000000000005,114.86,1,1,1.0
1724157150948260300,27,90.44,18.93,98.75999999999999,84.57,1,1,1.0
1724157150948260300,28,243.9,0.0,93.6,41.4,1,1,1.0
1724157150948260300,29,393.3,0.0,45.89999999999998,40.2,1,1,1.0
1724157150948260300,30,327.3,0.0,46.30000000000001,43.9,1,1,1.0
1724157150948260300,31,12.67,0.0,73.77,34.13,1,1,1.0
1724157151012639400,9,1183.1,313.8,96.90000000000009,78.74000000000001,1,1,1.0
1724157151012639400,12,491.15,284.63,237.85000000000002,64.69,1,1,1.0
1724157151012639400,13,292.2,189.62,48.900000000000034,97.94999999999999,1,1,1.0
1724157151012639400,14,758.07,480.1,460.7299999999999,137.29999999999995,1,1,1.0
1724157151012639400,15,107.7,270.97,68.2,110.57999999999998,1,1,1.0
1724157151012639400,17,0.0,304.67,137.35,93.44999999999999,1,1,1.0
1724157151012639400,18,187.19,107.27,317.21,93.33,1,1,1.0
1724157151012639400,19,117.8,140.1,55.500000000000014,45.20000000000002,1,1,1.0
1724157151012639400,20,1031.36,160.5,248.6400000000001,141.89999999999998,1,1,1.0
1724157151012639400,21,406.36,74.95,192.03999999999996,73.74,1,1,1.0
1724157151012639400,22,17.3,67.83,101.48,87.53000000000002,1,1,1.0
1724157151012639400,23,0.0,178.7,338.8,100.28000000000003,1,1,1.0
1724157151012639400,24,0.0,281.89,86.76,62.870000000000005,1,1,1.0
1724157151012639400,25,181.3,27.3,83.80000000000001,80.60000000000001,1,1,1.0
1724157151012639400,26,968.72,4.1,311.28,149.84,1,1,1.0
1724157151012639400,27,92.99,29.72,101.94000000000001,83.21000000000001,1,1,1.0
1724157151012639400,28,243.9,0.0,89.4,59.5,1,1,1.0
1724157151012639400,29,393.3,0.0,52.69999999999999,47.8,1,1,1.0
1724157151012639400,30,319.6,0.0,58.19999999999999,53.4,1,1,1.0
1724157151012639400,31,9.7,0.0,77.34,41.92,1,1,1.0
1724157151012639400,32,160.53,0.0,72.27000000000001,42.9,1,1,1.0
1724157151059024500,9,1191.56,315.88,88.44000000000005,78.23000000000002,1,1,1.0
1724157151059024500,12,515.19,291.11,235.90999999999997,65.14999999999998,1,1,1.0
1724157151059024500,14,799.38,498.37,474.62,144.33000000000004,1,1,1.0
1724157151059024500,15,106.1,282.49,73.1,103.57,1,1,1.0
1724157151059024500,17,0.0,306.0,136.8,96.0,1,1,1.0
1724157151059024500,18,214.24,119.43,292.86,86.26999999999998,1,1,1.0
1724157151059024500,19,119.06,144.66,63.389999999999986,44.94,1,1,1.0
1724157151059024500,20,1035.28,162.65,244.72000000000003,150.36999999999998,1,1,1.0
1724157151059024500,21,405.5,80.58,196.10000000000002,75.2,1,1,1.0
1724157151059024500,22,23.98,75.01,92.5,86.29,1,1,1.0
1724157151059024500,23,0.0,190.47,367.51,92.00000000000003,1,1,1.0
1724157151059024500,24,0.0,287.16,85.31,65.90999999999997,1,1,1.0
1724157151059024500,25,183.47,40.72,81.33000000000001,70.18,1,1,1.0
1724157151059024500,26,985.1,22.2,294.9,137.37,1,1,1.0
1724157151059024500,27,95.12,37.8,103.25,79.47,1,1,1.0
1724157151059024500,28,246.15,0.15,86.85,68.85,1,1,1.0
1724157151059024500,29,397.86,0.12,51.74000000000001,54.68,1,1,1.0
1724157151059024500,30,317.79,0.07,62.539999999999964,63.23,1,1,1.0
1724157151059024500,31,7.0,0.0,81.38,44.61,1,1,1.0
1724157151059024500,32,164.65,0.17,68.25,42.629999999999995,1,1,1.0
1724157151136611900,12,573.6,302.08,249.29999999999995,72.82,1,1,1.0
1724157151136611900,14,911.85,519.52,368.15,170.02999999999997,1,1,1.0
1724157151136611900,15,103.7,285.0,77.99999999999999,107.48000000000002,1,1,1.0
1724157151136611900,17,1.17,315.27,147.73000000000002,116.93,1,1,1.0
1724157151136611900,18,261.05,137.59,269.45,80.91,1,1,1.0
1724157151136611900,19,115.82,157.3,58.18000000000001,57.39999999999998,1,1,1.0
1724157151136611900,20,1066.9,190.8,213.0999999999999,143.45,1,1,1.0
1724157151136611900,21,409.7,88.88,210.90000000000003,81.03,1,1,1.0
1724157151136611900,22,37.34,89.39,74.56,83.8,1,1,1.0
1724157151136611900,23,19.22,198.7,440.58000000000004,109.19999999999999,1,1,1.0
1724157151136611900,24,0.0,297.7,82.4,72.0,1,1,1.0
1724157151136611900,25,185.32,52.28,84.94999999999999,81.91999999999999,1,1,1.0
1724157151136611900,26,1036.54,62.59,243.46000000000004,126.0,1,1,1.0
1724157151136611900,27,109.38,62.29,97.32,75.61000000000001,1,1,1.0
1724157151136611900,28,256.74,1.41,93.56,91.99000000000001,1,1,1.0
1724157151136611900,29,404.73,0.31,71.16999999999996,63.19,1,1,1.0
1724157151136611900,30,331.4,0.0,63.900000000000034,89.41,1,1,1.0
1724157151136611900,31,0.0,0.0,95.2,59.58,1,1,1.0
1724157151136611900,32,173.86,0.0,61.23999999999998,58.0,1,1,1.0
1724157151136611900,33,176.04,123.24,96.64000000000001,69.92,1,1,1.0
1724157151136611900,34,0.0,168.64,62.97,97.07,1,1,1.0
1724157151183431500,12,600.0,315.6,245.75,70.88999999999999,1,1,1.0
1724157151183431500,14,950.35,528.12,329.65,180.40999999999997,1,1,1.0
1724157151183431500,15,95.5,284.3,89.9,109.81,1,1,1.0
1724157151183431500,17,1.76,314.35,147.24,122.64999999999998,1,1,1.0
1724157151183431500,18,270.0,143.92,256.54999999999995,79.73000000000002,1,1,1.0
1724157151183431500,19,118.38,159.91,59.81999999999999,58.33000000000001,1,1,1.0
1724157151183431500,20,1073.1,201.0,206.9000000000001,140.32,1,1,1.0
1724157151183431500,21,427.4,95.04,198.70000000000005,82.48,1,1,1.0
1724157151183431500,22,40.15,91.36,74.63,81.73,1,1,1.0
1724157151183431500,23,59.1,202.03,429.65999999999997,111.03,1,1,1.0
1724157151183431500,24,2.37,269.9,89.1,99.90000000000003,1,1,1.0
1724157151183431500,25,186.24,58.05,86.75999999999999,80.95,1,1,1.0
1724157151183431500,26,1056.6,75.1,223.4000000000001,128.39000000000001,1,1,1.0
1724157151183431500,27,111.66,66.4,89.21000000000001,73.35,1,1,1.0
1724157151183431500,28,259.94,0.0,98.16000000000003,93.2,1,1,1.0
1724157151183431500,29,405.25,1.12,81.05000000000001,66.81,1,1,1.0
1724157151183431500,30,323.08,5.46,72.22000000000003,76.84,1,1,1.0
1724157151183431500,31,9.6,0.0,89.28,64.41,1,1,1.0
1724157151183431500,32,176.61,0.0,60.16999999999999,60.83,1,1,1.0
1724157151183431500,33,176.04,126.8,92.46000000000001,66.36999999999999,1,1,1.0
1724157151183431500,34,0.0,171.03,72.43,93.23999999999998,1,1,1.0
1724157151256601800,12,626.4,322.5,248.39999999999998,71.5,1,1,1.0
1724157151256601800,14,990.42,548.55,289.58000000000004,162.35000000000002,1,1,1.0
1724157151256601800,15,100.2,288.6,78.60000000000001,106.14999999999998,1,1,1.0
1724157151256601800,17,7.83,316.61,191.98,129.0,1,1,1.0
1724157151256601800,18,272.25,146.53,272.25,76.77000000000001,1,1,1.0
1724157151256601800,19,127.32,167.12,58.420000000000016,60.41999999999999,1,1,1.0
1724157151256601800,20,1095.0,216.6,185.0,138.85999999999999,1,1,1.0
1724157151256601800,21,430.1,100.35,204.79999999999995,83.84,1,1,1.0
1724157151256601800,22,45.78,95.28,74.75,77.62,1,1,1.0
1724157151256601800,23,111.9,213.87,403.88,100.02999999999997,1,1,1.0
1724157151256601800,24,7.1,281.6,102.5,108.09999999999997,1,1,1.0
1724157151256601800,25,193.0,64.73,86.39999999999998,75.86999999999999,1,1,1.0
1724157151256601800,26,1073.97,84.67,206.02999999999997,124.83,1,1,1.0
1724157151256601800,27,116.98,70.54,91.92999999999999,76.7,1,1,1.0
1724157151256601800,28,265.28,0.16,97.72000000000003,92.04,1,1,1.0
1724157151256601800,29,407.04,0.91,85.27999999999997,79.29,1,1,1.0
1724157151256601800,30,328.71,1.57,80.76000000000005,98.69000000000001,1,1,1.0
1724157151256601800,31,6.6,0.0,95.9,71.1,1,1,1.0
1724157151256601800,32,182.1,0.0,58.05000000000001,66.48,1,1,1.0
1724157151256601800,33,177.7,127.03,94.21000000000004,79.47,1,1,1.0
1724157151256601800,34,0.0,173.59,74.6,97.10999999999999,1,1,1.0
1724157151301617400,12,665.6,330.3,244.79999999999995,78.76999999999998,1,1,1.0
1724157151301617400,14,1057.6,584.79,222.4000000000001,130.66000000000008,1,1,1.0
1724157151301617400,15,103.5,263.25,58.099999999999994,133.85000000000002,1,1,1.0
1724157151301617400,17,12.81,323.12,174.17,119.29000000000002,1,1,1.0
1724157151301617400,18,284.34,155.62,271.16,82.18,1,1,1.0
1724157151301617400,19,133.7,171.72,55.380000000000024,61.58000000000001,1,1,1.0
1724157151301617400,20,1116.8,241.0,163.20000000000005,126.57999999999998,1,1,1.0
1724157151301617400,21,451.0,111.02,204.89999999999998,77.32000000000001,1,1,1.0
1724157151301617400,22,48.6,97.24,74.80000000000001,75.57000000000001,1,1,1.0
1724157151301617400,23,148.65,219.83,431.85,127.97,1,1,1.0
1724157151301617400,24,7.62,276.5,105.58,108.43,1,1,1.0
1724157151301617400,25,213.27,74.21,70.92999999999998,70.99,1,1,1.0
1724157151301617400,26,1124.3,107.3,155.70000000000005,112.33999999999999,1,1,1.0
1724157151301617400,27,140.25,77.21,71.94999999999999,70.19000000000001,1,1,1.0
1724157151301617400,28,266.82,0.45,105.07999999999998,111.95,1,1,1.0
1724157151301617400,29,409.76,0.81,87.40000000000003,80.03999999999999,1,1,1.0
1724157151301617400,30,333.79,1.09,75.98999999999995,104.45,1,1,1.0
1724157151301617400,31,0.0,0.03,107.4,76.97,1,1,1.0
1724157151301617400,32,184.84,0.0,56.99000000000001,69.3,1,1,1.0
1724157151301617400,33,179.73,130.5,95.57000000000002,88.80000000000001,1,1,1.0
1724157151301617400,34,0.0,178.09,79.06,98.82000000000002,1,1,1.0
1724157151301617400,35,0.0,506.6,60.7,61.59000000000003,1,1,1.0
1724157151332518300,12,688.15,334.85,257.85,89.27999999999997,1,1,1.0
1724157151332518300,14,1124.78,621.03,155.22000000000003,98.97000000000003,1,1,1.0
1724157151332518300,15,105.6,256.43,90.5,146.76999999999998,1,1,1.0
1724157151332518300,17,21.9,325.91,153.32,110.69,1,1,1.0
1724157151332518300,18,287.46,158.01,269.84999999999997,83.26000000000002,1,1,1.0
1724157151332518300,19,146.4,176.32,46.01999999999998,63.28,1,1,1.0
1724157151332518300,20,1131.5,259.75,148.5,109.44999999999999,1,1,1.0
1724157151332518300,21,466.3,120.55,195.49999999999994,71.76,1,1,1.0
1724157151332518300,22,50.82,100.33,75.06,78.2,1,1,1.0
1724157151332518300,23,184.91,229.88,428.09000000000003,104.72000000000003,1,1,1.0
1724157151332518300,24,8.14,281.31,108.65,98.85000000000002,1,1,1.0
1724157151332518300,25,227.57,79.44,64.53000000000003,70.46000000000001,1,1,1.0
1724157151332518300,26,1141.16,117.17,138.83999999999992,105.32000000000001,1,1,1.0
1724157151332518300,27,146.5,79.52,67.30000000000001,70.61999999999999,1,1,1.0
1724157151332518300,28,268.9,0.3,103.67000000000002,115.83,1,1,1.0
1724157151332518300,29,412.49,0.7,89.50999999999999,80.8,1,1,1.0
1724157151332518300,30,338.88,0.61,71.20999999999998,110.21,1,1,1.0
1724157151332518300,31,0.0,0.1,108.6,82.4,1,1,1.0
1724157151332518300,32,187.59,0.0,55.93000000000001,71.65,1,1,1.0
1724157151332518300,33,181.77,133.96,103.21000000000001,89.53999999999999,1,1,1.0
1724157151332518300,34,0.71,182.22,81.51,98.77000000000001,1,1,1.0
1724157151332518300,35,0.0,505.01,94.6,67.99000000000001,1,1,1.0
1724157151332518300,36,120.76,0.0,55.709999999999994,24.33,1,1,1.0
1724157151386341100,12,710.7,339.4,270.9,99.80000000000001,1,1,1.0
1724157151386341100,13,264.25,215.77,147.39999999999998,45.83000000000001,1,1,1.0
1724157151386341100,14,1182.63,637.08,97.36999999999989,82.91999999999996,1,1,1.0
1724157151386341100,15,99.0,254.13,148.2,151.67000000000002,1,1,1.0
1724157151386341100,17,35.62,330.57,142.04,96.44999999999999,1,1,1.0
1724157151386341100,18,292.06,161.64,279.76000000000005,86.25,1,1,1.0
1724157151386341100,19,155.0,180.92,40.77000000000001,63.880000000000024,1,1,1.0
1724157151386341100,20,1144.7,273.86,135.29999999999995,92.71999999999997,1,1,1.0
1724157151386341100,21,478.7,125.67,183.68,71.64,1,1,1.0
1724157151386341100,22,53.04,103.41,75.32000000000002,80.85,1,1,1.0
1724157151386341100,23,247.37,235.76,393.92999999999995,111.04000000000002,1,1,1.0
1724157151386341100,24,8.66,286.12,111.73,89.27999999999997,1,1,1.0
1724157151386341100,25,227.95,83.25,65.28000000000003,69.44999999999999,1,1,1.0
1724157151386341100,26,1158.01,127.04,121.99000000000001,98.30999999999999,1,1,1.0
1724157151386341100,27,152.74,81.83,62.66,71.05999999999999,1,1,1.0
1724157151386341100,28,270.99,0.15,102.24000000000001,119.72,1,1,1.0
1724157151386341100,29,406.0,0.0,105.16000000000003,82.14,1,1,1.0
1724157151386341100,30,343.96,0.12,66.44,115.97999999999999,1,1,1.0
1724157151386341100,31,0.0,0.04,112.3,86.36,1,1,1.0
1724157151386341100,32,190.33,0.0,54.869999999999976,74.0,1,1,1.0
1724157151386341100,33,183.8,142.2,110.87,97.30000000000001,1,1,1.0
1724157151386341100,34,0.15,185.83,82.69,100.37999999999997,1,1,1.0
1724157151386341100,35,0.0,504.7,115.4,80.92000000000002,1,1,1.0
1724157151386341100,36,120.76,0.0,55.709999999999994,27.7,1,1,1.0
1724157151454989800,12,760.6,363.8,266.69999999999993,101.0,1,1,1.0
1724157151454989800,13,259.2,222.6,164.90000000000003,98.29999999999998,1,1,1.0
1724157151454989800,15,88.0,259.06,163.29,163.83999999999997,1,1,1.0
1724157151454989800,17,47.4,335.94,135.03,88.54000000000002,1,1,1.0
1724157151454989800,18,313.8,168.8,278.67,87.90999999999997,1,1,1.0
1724157151454989800,19,165.7,190.13,36.75,55.670000000000016,1,1,1.0
1724157151454989800,20,1193.8,301.32,86.20000000000005,72.57,1,1,1.0
1724157151454989800,21,497.38,134.93,188.32000000000005,70.75999999999999,1,1,1.0
1724157151454989800,22,57.48,109.58,75.84,86.11999999999999,1,1,1.0
1724157151454989800,23,324.0,255.89,383.75,111.38,1,1,1.0
1724157151454989800,24,0.0,302.5,120.03,92.18,1,1,1.0
1724157151454989800,25,228.7,90.86,66.80000000000001,67.44000000000001,1,1,1.0
1724157151454989800,26,1238.0,172.4,42.0,84.08000000000001,1,1,1.0
1724157151454989800,27,165.22,86.45,53.379999999999995,71.92,1,1,1.0
1724157151454989800,28,273.36,0.32,94.37,127.88,1,1,1.0
1724157151454989800,29,401.8,6.52,110.49999999999994,83.48,1,1,1.0
1724157151454989800,30,345.91,5.89,64.79999999999995,120.85,1,1,1.0
1724157151454989800,31,0.0,0.04,115.9,95.46,1,1,1.0
1724157151454989800,32,192.43,0.0,55.45999999999998,80.87,1,1,1.0
1724157151454989800,33,183.75,145.47,113.44,102.55000000000001,1,1,1.0
1724157151454989800,34,0.0,191.44,82.75,101.43,1,1,1.0
1724157151454989800,35,0.0,504.1,176.3,106.75,1,1,1.0
1724157151454989800,36,125.22,0.0,58.33000000000001,32.34,1,1,1.0
1724157151500362100,12,779.8,372.5,259.60000000000014,101.64999999999998,1,1,1.0
1724157151500362100,13,267.6,221.25,163.09999999999997,107.44999999999999,1,1,1.0
1724157151500362100,15,87.0,265.85,172.44,137.64999999999998,1,1,1.0
1724157151500362100,17,43.94,340.46,136.43,86.99000000000001,1,1,1.0
1724157151500362100,18,329.19,170.22,272.79,84.97,1,1,1.0
1724157151500362100,19,163.4,194.73,42.400000000000006,56.97,1,1,1.0
1724157151500362100,20,1200.15,312.64,79.84999999999991,60.81999999999999,1,1,1.0
1724157151500362100,21,502.18,139.21,188.34999999999997,69.10999999999999,1,1,1.0
1724157151500362100,22,59.7,112.67,76.10000000000001,78.52999999999999,1,1,1.0
1724157151500362100,23,360.79,260.64,381.21,111.63,1,1,1.0
1724157151500362100,24,0.0,306.7,103.4,94.03000000000003,1,1,1.0
1724157151500362100,25,224.92,88.92,72.13000000000002,74.24,1,1,1.0
1724157151500362100,27,165.9,92.42,55.900000000000006,70.29,1,1,1.0
1724157151500362100,28,273.63,0.63,87.94,132.17000000000002,1,1,1.0
1724157151500362100,29,400.4,9.99,112.47000000000003,82.67,1,1,1.0
1724157151500362100,30,348.66,9.22,63.97999999999996,123.28,1,1,1.0
1724157151500362100,31,14.4,0.27,104.6,98.83,1,1,1.0
1724157151500362100,32,193.47,0.0,55.77000000000001,84.31,1,1,1.0
1724157151500362100,33,184.13,149.09,114.70999999999998,105.16999999999999,1,1,1.0
1724157151500362100,34,0.0,195.01,83.88,103.49000000000001,1,1,1.0
1724157151500362100,35,0.0,503.8,206.9,119.66000000000003,1,1,1.0
1724157151500362100,36,126.3,0.0,54.10000000000001,35.5,1,1,1.0
1724157151575056600,12,824.6,387.0,286.4999999999999,125.70000000000005,1,1,1.0
1724157151575056600,13,270.58,229.47,171.32,101.53,1,1,1.0
1724157151575056600,15,79.1,270.79,227.4,134.20999999999998,1,1,1.0
1724157151575056600,17,8.9,345.58,170.17,96.92000000000002,1,1,1.0
1724157151575056600,18,361.9,180.8,262.5,82.0,1,1,1.0
1724157151575056600,19,166.4,203.51,41.829999999999984,58.49000000000001,1,1,1.0
1724157151575056600,20,1227.22,331.9,52.77999999999997,57.129999999999995,1,1,1.0
1724157151575056600,21,516.19,144.65,195.06999999999994,77.82,1,1,1.0
1724157151575056600,22,60.58,116.45,77.61999999999999,79.57000000000001,1,1,1.0
1724157151575056600,23,423.12,269.49,379.98,121.11000000000001,1,1,1.0
1724157151575056600,24,0.45,278.6,115.5,119.15999999999997,1,1,1.0
1724157151575056600,25,229.74,93.91,70.86000000000001,78.09,1,1,1.0
1724157151575056600,27,173.7,100.1,57.130000000000024,70.14000000000001,1,1,1.0
1724157151575056600,28,274.68,3.8,75.79000000000002,140.26999999999998,1,1,1.0
1724157151575056600,29,402.24,17.59,122.05999999999995,83.11,1,1,1.0
1724157151575056600,30,351.21,12.44,52.99000000000001,124.75999999999999,1,1,1.0
1724157151575056600,31,28.8,0.0,89.8,102.4,1,1,1.0
1724157151575056600,32,195.57,0.0,56.360000000000014,91.18,1,1,1.0
1724157151575056600,33,184.34,154.71,120.46000000000001,107.97,1,1,1.0
1724157151575056600,34,0.0,198.28,83.72,108.22,1,1,1.0
1724157151575056600,35,0.0,504.03,241.67,126.55000000000007,1,1,1.0
1724157151575056600,36,130.32,0.0,67.76000000000002,41.35,1,1,1.0
1724157151621782500,12,847.7,394.5,292.18000000000006,134.76999999999998,1,1,1.0
1724157151621782500,13,267.9,233.59,179.60000000000002,94.01000000000002,1,1,1.0
1724157151621782500,15,75.2,272.73,237.2,130.96999999999997,1,1,1.0
1724157151621782500,17,7.8,349.1,173.29999999999998,98.0,1,1,1.0
1724157151621782500,18,371.27,185.57,266.99,83.00999999999999,1,1,1.0
1724157151621782500,19,163.74,207.96,57.129999999999995,60.47,1,1,1.0
1724157151621782500,20,1248.64,342.21,31.3599999999999,57.129999999999995,1,1,1.0
1724157151621782500,21,529.37,149.0,190.30999999999995,76.58000000000001,1,1,1.0
1724157151621782500,22,61.02,118.34,78.38,80.09,1,1,1.0
1724157151621782500,23,448.27,280.07,392.68000000000006,126.53000000000003,1,1,1.0
1724157151621782500,24,5.33,274.4,123.99,132.22000000000003,1,1,1.0
1724157151621782500,25,230.24,96.22,75.21999999999997,83.18,1,1,1.0
1724157151621782500,27,177.6,103.94,57.74000000000001,70.06,1,1,1.0
1724157151621782500,28,275.45,6.66,70.07999999999998,144.07,1,1,1.0
1724157151621782500,29,401.69,21.97,122.70999999999998,82.53,1,1,1.0
1724157151621782500,30,352.99,14.99,50.81,126.41000000000001,1,1,1.0
1724157151621782500,31,26.4,0.17,94.19999999999999,108.53,1,1,1.0
1724157151621782500,32,196.62,0.0,56.650000000000006,92.94,1,1,1.0
1724157151621782500,33,179.33,157.19,127.27000000000001,111.39999999999998,1,1,1.0
1724157151621782500,34,0.0,200.3,84.66,111.47999999999996,1,1,1.0
1724157151621782500,35,0.0,504.15,273.83,129.99,1,1,1.0
1724157151621782500,36,126.61,0.41,71.02999999999999,44.5,1,1,1.0
1724157151652810800,12,887.1,421.7,291.89,128.94,1,1,1.0
1724157151652810800,13,262.1,234.84,189.96999999999997,88.63000000000002,1,1,1.0
1724157151652810800,15,81.8,275.84,231.2,121.96000000000004,1,1,1.0
1724157151652810800,17,7.2,350.8,177.84,107.0,1,1,1.0
1724157151652810800,18,385.16,191.61,258.94,80.43,1,1,1.0
1724157151652810800,19,161.08,212.41,72.41999999999999,62.46000000000001,1,1,1.0
1724157151652810800,21,535.5,154.44,191.71000000000004,71.55000000000001,1,1,1.0
1724157151652810800,22,61.46,120.23,79.13999999999999,80.61,1,1,1.0
1724157151652810800,23,473.42,290.65,405.37999999999994,131.95000000000005,1,1,1.0
1724157151652810800,24,23.7,288.9,93.25999999999999,114.98000000000002,1,1,1.0
1724157151652810800,25,218.3,99.78,83.11000000000001,84.52000000000001,1,1,1.0
1724157151652810800,27,177.98,104.76,61.02000000000001,70.05999999999999,1,1,1.0
1724157151652810800,28,276.23,9.52,64.37,147.88,1,1,1.0
1724157151652810800,29,400.73,22.81,126.5,85.62,1,1,1.0
1724157151652810800,30,354.76,17.54,48.639999999999986,128.06,1,1,1.0
1724157151652810800,31,27.6,0.23,94.30000000000001,107.47,1,1,1.0
1724157151652810800,32,197.66,0.0,56.96000000000001,94.7,1,1,1.0
1724157151652810800,33,176.93,159.71,126.96999999999997,107.17999999999998,1,1,1.0
1724157151652810800,34,0.0,202.05,86.97,114.69999999999999,1,1,1.0
1724157151652810800,35,0.0,504.27,306.0,133.43000000000006,1,1,1.0
1724157151652810800,36,125.24,1.37,71.73,45.0,1,1,1.0
1724157151652810800,37,5.1,1.87,51.559999999999995,40.010000000000005,1,1,1.0
1724157151698984500,12,926.5,448.9,291.5999999999999,123.10000000000002,1,1,1.0
1724157151698984500,13,256.3,236.09,200.32999999999998,83.23999999999998,1,1,1.0
1724157151698984500,15,81.0,281.73,237.7,110.76999999999998,1,1,1.0
1724157151698984500,17,5.63,353.69,191.02,112.62,1,1,1.0
1724157151698984500,18,399.57,198.36,255.22999999999996,77.61000000000001,1,1,1.0
1724157151698984500,19,158.42,216.86,74.38000000000002,64.44,1,1,1.0
1724157151698984500,21,557.38,164.33,190.35000000000002,73.69999999999999,1,1,1.0
1724157151698984500,22,65.05,131.48,78.86,74.25,1,1,1.0
1724157151698984500,23,552.83,302.94,390.37,146.06,1,1,1.0
1724157151698984500,24,45.0,289.6,84.41,100.79999999999995,1,1,1.0
1724157151698984500,25,222.8,107.52,85.59999999999997,81.28000000000002,1,1,1.0
1724157151698984500,27,181.62,110.02,49.47999999999999,69.88000000000001,1,1,1.0
1724157151698984500,28,277.6,13.11,62.19999999999999,150.79000000000002,1,1,1.0
1724157151698984500,29,399.76,23.65,130.31000000000006,88.72,1,1,1.0
1724157151698984500,30,355.65,20.69,48.950000000000045,128.76,1,1,1.0
1724157151698984500,31,26.4,0.3,98.1,118.8,1,1,1.0
1724157151698984500,32,198.71,0.0,57.25,98.6,1,1,1.0
1724157151698984500,33,177.97,164.6,133.83,115.98999999999998,1,1,1.0
1724157151698984500,34,0.0,205.56,91.44,120.44,1,1,1.0
1724157151698984500,35,0.26,515.8,367.14,127.17000000000007,1,1,1.0
1724157151698984500,36,126.13,0.35,76.9,48.92,1,1,1.0
1724157151698984500,37,3.4,5.4,74.0,60.4,1,1,1.0
1724157151698984500,38,0.0,367.64,50.28,59.410000000000025,1,1,1.0
1724157151774235000,12,993.5,487.3,286.5,125.14000000000004,1,1,1.0
1724157151774235000,13,251.7,245.5,217.8,61.80000000000001,1,1,1.0
1724157151774235000,15,82.4,291.61,240.70000000000002,114.19,1,1,1.0
1724157151774235000,17,0.26,362.88,209.8,125.67000000000002,1,1,1.0
1724157151774235000,18,428.39,211.87,252.61,80.15999999999997,1,1,1.0
1724157151774235000,19,153.09,225.76,79.44,68.41000000000003,1,1,1.0
1724157151774235000,21,576.92,173.47,201.45000000000005,76.38,1,1,1.0
1724157151774235000,22,64.83,137.94,79.95,74.77000000000001,1,1,1.0
1724157151774235000,23,623.73,312.74,406.8699999999999,174.86,1,1,1.0
1724157151774235000,24,45.63,306.81,93.25999999999999,95.88999999999999,1,1,1.0
1724157151774235000,25,218.4,115.62,85.16,74.03999999999999,1,1,1.0
1724157151774235000,27,183.55,120.54,48.66999999999999,69.52,1,1,1.0
1724157151774235000,28,280.36,20.29,59.370000000000005,134.61,1,1,1.0
1724157151774235000,29,380.7,26.31,159.8,99.19,1,1,1.0
1724157151774235000,30,364.0,26.98,48.89999999999998,143.62,1,1,1.0
1724157151774235000,31,31.8,0.36,92.10000000000001,120.14,1,1,1.0
1724157151774235000,32,200.8,3.8,57.849999999999966,101.2,1,1,1.0
1724157151774235000,33,174.29,167.74,137.94000000000003,106.63,1,1,1.0
1724157151774235000,34,0.0,212.17,95.53,128.67,1,1,1.0
1724157151774235000,35,0.79,523.44,421.21,130.08999999999992,1,1,1.0
1724157151774235000,36,133.94,0.0,84.75999999999999,54.54,1,1,1.0
1724157151774235000,37,0.0,12.46,87.5,66.94,1,1,1.0
1724157151774235000,38,0.0,378.78,53.99,59.410000000000025,1,1,1.0
1724157151819146700,12,1032.5,509.5,247.5,121.19000000000005,1,1,1.0
1724157151819146700,13,251.6,248.97,222.57000000000002,63.78999999999999,1,1,1.0
1724157151819146700,15,85.5,295.54,240.60000000000002,103.65999999999997,1,1,1.0
1724157151819146700,17,23.5,366.07,194.42,131.32999999999998,1,1,1.0
1724157151819146700,18,442.8,218.63,253.70999999999998,85.51999999999998,1,1,1.0
1724157151819146700,19,150.43,230.21,81.97,70.39000000000001,1,1,1.0
1724157151819146700,21,612.06,179.41,174.0100000000001,78.66999999999999,1,1,1.0
1724157151819146700,22,64.41,140.39,82.06,76.64000000000001,1,1,1.0
1724157151819146700,23,658.9,331.64,419.6,178.36,1,1,1.0
1724157151819146700,24,47.27,308.62,85.11999999999998,91.81,1,1,1.0
1724157151819146700,25,218.3,120.81,90.5,71.77000000000001,1,1,1.0
1724157151819146700,27,184.52,125.81,48.25999999999999,69.34,1,1,1.0
1724157151819146700,28,281.74,23.88,57.95999999999998,126.52000000000001,1,1,1.0
1724157151819146700,29,378.08,32.03,169.12000000000006,102.37,1,1,1.0
1724157151819146700,30,361.61,30.12,58.379999999999995,139.38,1,1,1.0
1724157151819146700,31,9.6,0.39,115.80000000000001,125.31,1,1,1.0
1724157151819146700,32,201.85,0.0,58.150000000000006,108.9,1,1,1.0
1724157151819146700,33,173.83,171.45,140.99999999999997,108.69999999999999,1,1,1.0
1724157151819146700,34,0.0,216.17,95.97,130.70000000000002,1,1,1.0
1724157151819146700,35,1.05,529.83,449.05,128.9699999999999,1,1,1.0
1724157151819146700,36,137.8,0.05,89.75,61.02,1,1,1.0
1724157151819146700,37,0.0,12.46,89.4,74.13999999999999,1,1,1.0
1724157151819146700,38,0.89,378.84,54.31,78.10000000000002,1,1,1.0
1724157151849960100,12,1063.6,530.0,216.4000000000001,116.73000000000002,1,1,1.0
1724157151849960100,13,251.5,252.44,227.32999999999998,65.78000000000003,1,1,1.0
1724157151849960100,15,89.3,301.0,241.3,99.39999999999998,1,1,1.0
1724157151849960100,17,35.7,370.85,186.87,128.04999999999995,1,1,1.0
1724157151849960100,18,453.8,225.38,255.81,86.80000000000001,1,1,1.0
1724157151849960100,19,148.86,234.96,83.30999999999997,70.14000000000001,1,1,1.0
1724157151849960100,21,600.26,190.91,190.44000000000005,68.59,1,1,1.0
1724157151849960100,22,62.44,138.28,82.86000000000001,81.97,1,1,1.0
1724157151849960100,23,685.44,349.27,431.3599999999999,181.52999999999997,1,1,1.0
1724157151849960100,24,48.92,310.43,76.98,87.74000000000001,1,1,1.0
1724157151849960100,25,217.81,120.26,93.58999999999997,72.04,1,1,1.0
1724157151849960100,27,185.49,131.07,47.849999999999994,69.16,1,1,1.0
1724157151849960100,28,281.97,28.08,58.77999999999997,131.32,1,1,1.0
1724157151849960100,29,388.42,39.99,164.59999999999997,101.19999999999999,1,1,1.0
1724157151849960100,30,359.22,33.27,67.86999999999995,128.03,1,1,1.0
1724157151849960100,31,19.8,0.87,106.9,130.73,1,1,1.0
1724157151849960100,32,202.06,1.7,56.96999999999997,112.31,1,1,1.0
1724157151849960100,33,177.98,174.19,138.35,106.33999999999997,1,1,1.0
1724157151849960100,34,0.0,220.69,96.28,133.53000000000003,1,1,1.0
1724157151849960100,35,12.25,538.35,465.68,128.85000000000002,1,1,1.0
1724157151849960100,36,135.35,0.09,93.95000000000002,63.419999999999995,1,1,1.0
1724157151849960100,37,1.44,19.92,80.01,70.53,1,1,1.0
1724157151849960100,38,2.38,384.33,55.07,74.56,1,1,1.0
1724157151894603600,12,1108.87,548.18,171.1300000000001,125.5200000000001,1,1,1.0
1724157151894603600,13,251.4,255.91,232.1,67.77000000000001,1,1,1.0
1724157151894603600,15,94.2,306.52,239.40000000000003,102.78000000000003,1,1,1.0
1724157151894603600,17,45.8,377.98,175.12,108.62,1,1,1.0
1724157151894603600,18,460.9,232.14,261.81000000000006,88.07,1,1,1.0
1724157151894603600,19,147.29,239.71,84.64000000000001,69.89000000000001,1,1,1.0
1724157151894603600,21,612.55,198.35,188.37,67.78999999999999,1,1,1.0
1724157151894603600,22,68.44,149.29,76.96000000000001,74.63,1,1,1.0
1724157151894603600,23,712.34,365.85,458.56000000000006,192.25,1,1,1.0
1724157151894603600,24,50.56,312.24,68.84,83.65999999999997,1,1,1.0
1724157151894603600,25,216.0,127.1,95.10000000000002,77.20000000000002,1,1,1.0
1724157151894603600,27,186.45,136.33,47.45000000000002,68.97999999999999,1,1,1.0
1724157151894603600,28,282.2,32.27,59.60000000000002,136.13,1,1,1.0
1724157151894603600,29,398.76,47.94,160.08000000000004,100.05000000000001,1,1,1.0
1724157151894603600,30,359.93,38.08,63.870000000000005,101.92,1,1,1.0
1724157151894603600,31,27.6,0.7,98.80000000000001,132.10000000000002,1,1,1.0
1724157151894603600,32,202.28,3.4,55.78,115.72999999999999,1,1,1.0
1724157151894603600,33,180.17,178.07,138.04,105.42000000000002,1,1,1.0
1724157151894603600,34,0.0,224.77,99.78,142.05999999999997,1,1,1.0
1724157151894603600,35,23.45,546.88,482.32,139.01999999999998,1,1,1.0
1724157151894603600,36,137.4,0.38,91.69999999999999,68.59,1,1,1.0
1724157151894603600,37,2.89,27.39,70.61,66.91,1,1,1.0
1724157151894603600,38,0.0,391.2,52.65,73.10000000000002,1,1,1.0
1724157151940975300,12,1144.9,570.5,135.0999999999999,104.07000000000005,1,1,1.0
1724157151940975300,13,253.43,260.33,233.67000000000002,68.03000000000003,1,1,1.0
1724157151940975300,15,99.7,311.0,233.7,105.69999999999999,1,1,1.0
1724157151940975300,17,48.6,380.87,167.8,111.13,1,1,1.0
1724157151940975300,18,468.04,238.89,267.78000000000003,89.34000000000003,1,1,1.0
1724157151940975300,19,145.72,244.46,85.97999999999999,69.64000000000001,1,1,1.0
1724157151940975300,21,626.13,201.55,189.23000000000002,72.0,1,1,1.0
1724157151940975300,22,68.63,152.68,82.21000000000001,75.45999999999998,1,1,1.0
1724157151940975300,23,742.0,393.52,476.0999999999999,192.18000000000006,1,1,1.0
1724157151940975300,24,52.2,314.05,80.14999999999999,85.12,1,1,1.0
1724157151940975300,25,214.9,130.12,97.83000000000001,79.38,1,1,1.0
1724157151940975300,27,187.42,141.59,47.04000000000002,68.79999999999998,1,1,1.0
1724157151940975300,28,282.43,36.47,64.87,137.58,1,1,1.0
1724157151940975300,29,409.1,55.9,155.55999999999995,98.88,1,1,1.0
1724157151940975300,30,359.55,42.51,68.44999999999999,129.79000000000002,1,1,1.0
1724157151940975300,31,37.8,0.7,87.8,136.10000000000002,1,1,1.0
1724157151940975300,32,202.49,5.1,54.599999999999966,119.14,1,1,1.0
1724157151940975300,33,185.55,181.93,144.75,117.96999999999997,1,1,1.0
1724157151940975300,34,0.0,228.75,101.98,148.17000000000002,1,1,1.0
1724157151940975300,35,34.65,555.4,498.95000000000005,149.20000000000005,1,1,1.0
1724157151940975300,36,138.6,0.66,90.30000000000001,73.77000000000001,1,1,1.0
1724157151940975300,37,3.13,35.33,72.32000000000001,66.92,1,1,1.0
1724157151940975300,38,0.0,392.25,57.65,79.62,1,1,1.0
1724157151971031900,13,255.45,264.75,235.25,68.27999999999997,1,1,1.0
1724157151971031900,15,101.16,317.18,238.20000000000002,111.17000000000002,1,1,1.0
1724157151971031900,17,53.8,386.04,163.32,107.25999999999999,1,1,1.0
1724157151971031900,18,475.18,245.65,273.73999999999995,90.60999999999999,1,1,1.0
1724157151971031900,19,146.04,249.68,86.46000000000001,70.32,1,1,1.0
1724157151971031900,21,645.0,212.36,185.09000000000003,73.58999999999997,1,1,1.0
1724157151971031900,22,67.01,153.95,87.80999999999999,80.87,1,1,1.0
1724157151971031900,23,783.79,408.26,478.01,204.14,1,1,1.0
1724157151971031900,24,53.85,315.86,91.45000000000002,86.58999999999997,1,1,1.0
1724157151971031900,25,213.8,133.15,100.57,81.54999999999998,1,1,1.0
1724157151971031900,27,188.39,146.85,46.620000000000005,68.62,1,1,1.0
1724157151971031900,28,282.65,40.67,70.15000000000003,139.02999999999997,1,1,1.0
1724157151971031900,29,387.0,52.92,187.60000000000002,109.38000000000001,1,1,1.0
1724157151971031900,30,361.54,47.0,67.65999999999997,125.0,1,1,1.0
1724157151971031900,31,45.5,0.9,84.0,147.0,1,1,1.0
1724157151971031900,32,202.7,12.1,53.410000000000025,117.26000000000002,1,1,1.0
1724157151971031900,33,194.43,189.46,141.2,111.61999999999998,1,1,1.0
1724157151971031900,34,0.0,233.91,103.83,153.60999999999999,1,1,1.0
1724157151971031900,35,83.59,566.35,478.90999999999997,136.85000000000002,1,1,1.0
1724157151971031900,36,139.8,0.95,88.89999999999998,78.94,1,1,1.0
1724157151971031900,37,3.37,43.28,74.03,66.92,1,1,1.0
1724157151971031900,38,2.21,394.07,62.49999999999999,84.50999999999999,1,1,1.0
1724157152016868300,13,257.48,269.18,236.82,68.51999999999998,1,1,1.0
1724157152016868300,15,105.6,323.45,234.50000000000003,108.15000000000003,1,1,1.0
1724157152016868300,17,54.9,391.58,160.06,104.32,1,1,1.0
1724157152016868300,18,495.59,246.91,255.41000000000003,96.23999999999998,1,1,1.0
1724157152016868300,19,146.37,254.89,83.97999999999999,71.0,1,1,1.0
1724157152016868300,21,650.72,222.38,195.58999999999992,71.12,1,1,1.0
1724157152016868300,22,65.92,167.0,83.58,74.9,1,1,1.0
1724157152016868300,23,808.74,420.7,471.26,226.3,1,1,1.0
1724157152016868300,24,55.49,317.67,102.75999999999999,88.05000000000001,1,1,1.0
1724157152016868300,25,212.7,136.17,103.30000000000001,83.73000000000002,1,1,1.0
1724157152016868300,27,189.35,152.11,46.22,68.44,1,1,1.0
1724157152016868300,28,282.32,45.82,75.35000000000002,143.81,1,1,1.0
1724157152016868300,29,386.5,75.65,190.20000000000005,94.94999999999999,1,1,1.0
1724157152016868300,30,360.8,51.32,70.0,131.48000000000002,1,1,1.0
1724157152016868300,31,50.7,3.0,82.49999999999999,147.0,1,1,1.0
1724157152016868300,32,202.91,22.6,52.22999999999999,111.87,1,1,1.0
1724157152016868300,33,203.31,196.98,137.64,105.27000000000001,1,1,1.0
1724157152016868300,34,0.0,240.15,105.74,156.6,1,1,1.0
1724157152016868300,35,132.52,577.3,458.88,124.5,1,1,1.0
1724157152016868300,36,139.5,1.77,89.80000000000001,81.97,1,1,1.0
1724157152016868300,37,9.89,52.67,68.71,68.58,1,1,1.0
1724157152016868300,38,3.81,400.27,63.64,85.35000000000002,1,1,1.0
1724157152047631000,13,272.0,276.78,233.7,70.52000000000004,1,1,1.0
1724157152047631000,15,111.4,330.21,229.49999999999997,105.59000000000003,1,1,1.0
1724157152047631000,17,57.34,395.17,179.96,100.08999999999997,1,1,1.0
1724157152047631000,18,511.26,258.05,254.14,97.36000000000001,1,1,1.0
1724157152047631000,19,146.69,260.11,81.50999999999999,71.68,1,1,1.0
1724157152047631000,21,672.72,230.0,188.23000000000002,73.06,1,1,1.0
1724157152047631000,22,64.42,164.31,85.98,82.63,1,1,1.0
1724157152047631000,23,852.42,434.78,427.58000000000004,234.32000000000005,1,1,1.0
1724157152047631000,24,46.68,323.95,114.54999999999998,98.29000000000002,1,1,1.0
1724157152047631000,25,217.25,145.54,100.82,83.06,1,1,1.0
1724157152047631000,27,190.32,157.37,45.81,68.25999999999999,1,1,1.0
1724157152047631000,28,281.98,50.98,80.54999999999995,148.59,1,1,1.0
1724157152047631000,29,382.7,83.46,205.50000000000006,95.14,1,1,1.0
1724157152047631000,30,358.4,52.95,73.5,131.64999999999998,1,1,1.0
1724157152047631000,31,62.6,26.8,71.1,130.29999999999998,1,1,1.0
1724157152047631000,32,203.13,31.4,51.03999999999999,108.19,1,1,1.0
1724157152047631000,33,214.89,200.2,133.41000000000003,87.10000000000002,1,1,1.0
1724157152047631000,34,0.0,244.66,104.18,162.00000000000003,1,1,1.0
1724157152047631000,35,181.46,571.59,438.8399999999999,135.20999999999992,1,1,1.0
1724157152047631000,36,141.6,9.1,91.0,80.65,1,1,1.0
1724157152047631000,37,16.4,62.06,63.4,70.24000000000001,1,1,1.0
1724157152047631000,38,0.0,402.53,64.81,88.51000000000005,1,1,1.0
1724157152092378900,13,271.7,286.6,227.3,57.589999999999975,1,1,1.0
1724157152092378900,15,111.8,337.05,231.5,109.64999999999998,1,1,1.0
1724157152092378900,17,60.6,397.49,198.6,99.20999999999998,1,1,1.0
1724157152092378900,18,526.78,267.3,251.27999999999997,98.07,1,1,1.0
1724157152092378900,19,141.5,261.21,89.91,82.49000000000001,1,1,1.0
1724157152092378900,21,681.63,238.56,190.41999999999996,75.80000000000001,1,1,1.0
1724157152092378900,22,62.83,168.46,88.57000000000001,86.03999999999999,1,1,1.0
1724157152092378900,23,884.39,450.04,395.61,246.04000000000002,1,1,1.0
1724157152092378900,24,46.15,328.4,109.25,93.80000000000001,1,1,1.0
1724157152092378900,25,221.81,154.91,98.32,82.39000000000001,1,1,1.0
1724157152092378900,27,191.29,162.63,45.400000000000006,68.08000000000001,1,1,1.0
1724157152092378900,28,288.5,54.98,74.12,154.16,1,1,1.0
1724157152092378900,29,386.89,85.02,211.58000000000004,100.11,1,1,1.0
1724157152092378900,30,359.5,57.89,72.88,117.55999999999999,1,1,1.0
1724157152092378900,31,60.1,30.99,79.20000000000002,136.81,1,1,1.0
1724157152092378900,32,203.34,66.98,49.859999999999985,77.71999999999998,1,1,1.0
1724157152092378900,33,213.46,209.81,140.48999999999998,73.52999999999997,1,1,1.0
1724157152092378900,34,0.0,252.48,105.0,164.67,1,1,1.0
1724157152092378900,35,224.99,575.57,416.01,144.42999999999995,1,1,1.0
1724157152092378900,36,141.88,20.15,88.80000000000001,77.19,1,1,1.0
1724157152092378900,37,18.14,66.76,64.96,67.04,1,1,1.0
1724157152092378900,38,0.0,411.9,65.0,86.86000000000001,1,1,1.0
1724157152136339800,13,293.16,290.77,213.83999999999997,70.13,1,1,1.0
1724157152136339800,15,118.0,346.75,224.7,113.64999999999998,1,1,1.0
1724157152136339800,17,67.5,407.1,198.7,92.89999999999998,1,1,1.0
1724157152136339800,18,549.84,275.99,248.31999999999994,105.0,1,1,1.0
1724157152136339800,19,147.1,274.7,82.0,80.5,1,1,1.0
1724157152136339800,21,701.24,251.49,199.39999999999998,79.87,1,1,1.0
1724157152136339800,22,64.5,177.09,87.58000000000001,84.89000000000001,1,1,1.0
1724157152136339800,23,949.04,488.83,330.96000000000004,222.46999999999997,1,1,1.0
1724157152136339800,24,36.18,338.2,114.62,101.47000000000003,1,1,1.0
1724157152136339800,25,226.36,164.27,95.83999999999997,81.72999999999999,1,1,1.0
1724157152136339800,27,192.25,167.89,45.0,67.9,1,1,1.0
1724157152136339800,28,289.8,58.98,72.39999999999998,169.62,1,1,1.0
1724157152136339800,29,391.08,86.58,217.65000000000003,105.08999999999999,1,1,1.0
1724157152136339800,30,342.3,70.4,82.0,108.35,1,1,1.0
1724157152136339800,31,57.7,44.17,86.99999999999999,133.23000000000002,1,1,1.0
1724157152136339800,32,210.57,65.9,42.629999999999995,90.9,1,1,1.0
1724157152136339800,33,212.02,219.43,147.58,59.95999999999998,1,1,1.0
1724157152136339800,34,0.0,264.01,103.21,161.63,1,1,1.0
1724157152136339800,35,268.46,619.05,412.14000000000004,100.95000000000005,1,1,1.0
1724157152136339800,36,142.16,31.2,86.6,73.73,1,1,1.0
1724157152136339800,37,29.2,74.25,63.44,79.44999999999999,1,1,1.0
1724157152136339800,38,0.54,420.8,65.69999999999999,88.56,1,1,1.0
1724157152136339800,39,89.5,0.46,143.16,34.67,1,1,1.0
1724157152211978200,13,303.07,300.32,208.95999999999998,69.85000000000002,1,1,1.0
1724157152211978200,15,118.8,356.2,232.49,106.80000000000001,1,1,1.0
1724157152211978200,17,72.1,412.75,194.29999999999998,90.85000000000002,1,1,1.0
1724157152211978200,18,570.05,285.58,244.33000000000004,110.92000000000002,1,1,1.0
1724157152211978200,19,148.5,276.81,90.21000000000001,87.12,1,1,1.0
1724157152211978200,21,718.25,255.7,199.39,82.0,1,1,1.0
1724157152211978200,22,67.83,194.34,85.61,82.6,1,1,1.0
1724157152211978200,23,980.83,513.09,299.16999999999996,206.90999999999997,1,1,1.0
1724157152211978200,24,30.13,335.95,131.35,107.55000000000001,1,1,1.0
1724157152211978200,25,231.81,175.74,96.88999999999999,77.66,1,1,1.0
1724157152211978200,27,190.92,175.34,47.82000000000002,72.69,1,1,1.0
1724157152211978200,28,288.31,66.98,70.88999999999999,165.01999999999998,1,1,1.0
1724157152211978200,29,394.2,99.62,233.50000000000006,108.88,1,1,1.0
1724157152211978200,30,342.51,72.7,82.59000000000003,109.49999999999999,1,1,1.0
1724157152211978200,31,67.95,56.9,74.07000000000001,127.38999999999999,1,1,1.0
1724157152211978200,32,209.52,73.79,48.03999999999999,92.86,1,1,1.0
1724157152211978200,33,210.54,228.4,156.38000000000002,57.34,1,1,1.0
1724157152211978200,34,0.0,269.5,98.6,165.17000000000002,1,1,1.0
1724157152211978200,35,309.9,638.57,366.37,81.42999999999995,1,1,1.0
1724157152211978200,36,142.72,46.09,82.19999999999999,74.03,1,1,1.0
1724157152211978200,37,30.3,74.57,66.88000000000001,82.83000000000001,1,1,1.0
1724157152211978200,38,0.0,434.99,68.25,84.63,1,1,1.0
1724157152211978200,39,89.6,0.05,142.1,38.24,1,1,1.0
1724157152211978200,40,792.65,0.1,266.19999999999993,43.94,1,1,1.0
1724157152259387200,13,315.03,307.1,201.74,72.52999999999997,1,1,1.0
1724157152259387200,15,126.18,359.19,238.14999999999998,111.08999999999997,1,1,1.0
1724157152259387200,17,79.32,425.05,198.07999999999998,89.99999999999994,1,1,1.0
1724157152259387200,18,597.25,299.81,244.59000000000003,114.92000000000002,1,1,1.0
1724157152259387200,19,147.42,284.21,95.35000000000002,92.32,1,1,1.0
1724157152259387200,21,757.11,277.12,195.64999999999998,81.17000000000002,1,1,1.0
1724157152259387200,22,69.49,202.97,84.63000000000001,81.45000000000002,1,1,1.0
1724157152259387200,23,1065.66,567.44,214.33999999999992,152.55999999999995,1,1,1.0
1724157152259387200,24,30.01,352.9,118.73,101.51000000000005,1,1,1.0
1724157152259387200,25,232.72,182.87,93.67999999999998,81.82999999999998,1,1,1.0
1724157152259387200,27,193.26,188.8,45.28,68.47999999999996,1,1,1.0
1724157152259387200,28,289.9,70.98,65.70000000000005,145.67000000000002,1,1,1.0
1724157152259387200,29,411.67,111.1,231.97999999999996,109.75,1,1,1.0
1724157152259387200,30,340.25,77.9,120.35000000000002,105.43,1,1,1.0
1724157152259387200,31,59.92,71.7,90.17,131.69,1,1,1.0
1724157152259387200,32,209.0,79.39,50.74000000000001,93.71,1,1,1.0
1724157152259387200,33,209.8,232.89,160.77999999999997,56.02000000000004,1,1,1.0
1724157152259387200,34,0.0,280.5,97.6,177.8,1,1,1.0
1724157152259387200,35,395.86,648.32,278.24,71.67999999999995,1,1,1.0
1724157152259387200,36,143.0,53.53,80.0,74.17999999999999,1,1,1.0
1724157152259387200,37,42.37,81.73,68.07,79.02999999999999,1,1,1.0
1724157152259387200,38,0.0,447.31,69.05,86.92000000000002,1,1,1.0
1724157152259387200,39,89.15,0.52,138.15,46.779999999999994,1,1,1.0
1724157152259387200,40,836.19,0.0,296.1099999999999,48.75,1,1,1.0
1724157152259387200,41,0.0,228.23,35.96,51.03,1,1,1.0
1724157152287537300,13,327.0,313.89,194.5,75.21000000000004,1,1,1.0
1724157152287537300,15,129.71,362.43,243.67,115.19999999999999,1,1,1.0
1724157152287537300,17,52.2,429.65,223.5,84.75,1,1,1.0
1724157152287537300,18,615.18,308.88,244.42000000000007,116.92000000000002,1,1,1.0
1724157152287537300,19,148.7,292.83,94.96000000000001,92.09000000000003,1,1,1.0
1724157152287537300,21,759.29,285.88,215.87,79.72000000000003,1,1,1.0
1724157152287537300,22,71.16,211.59,83.64000000000001,80.30999999999997,1,1,1.0
1724157152287537300,23,1105.38,594.41,174.6199999999999,125.59000000000003,1,1,1.0
1724157152287537300,24,25.5,358.65,123.47999999999999,99.75,1,1,1.0
1724157152287537300,25,225.94,185.35,113.81,89.62000000000003,1,1,1.0
1724157152287537300,27,188.65,192.9,47.26999999999998,71.74999999999997,1,1,1.0
1724157152287537300,28,290.05,75.86,62.44999999999999,142.33999999999997,1,1,1.0
1724157152287537300,29,429.14,122.58,230.46000000000004,110.61999999999999,1,1,1.0
1724157152287537300,30,337.56,82.6,129.83999999999997,98.32,1,1,1.0
1724157152287537300,31,57.39,78.6,94.58,133.14000000000001,1,1,1.0
1724157152287537300,32,208.48,84.98,53.440000000000026,94.57000000000001,1,1,1.0
1724157152287537300,33,202.8,242.0,170.21999999999997,57.27999999999997,1,1,1.0
1724157152287537300,34,0.0,281.6,94.3,168.35999999999996,1,1,1.0
1724157152287537300,35,438.71,648.36,239.69,71.63999999999999,1,1,1.0
1724157152287537300,36,137.22,62.7,89.53999999999999,71.91000000000001,1,1,1.0
1724157152287537300,37,49.59,80.4,61.50999999999999,89.98999999999998,1,1,1.0
1724157152287537300,38,0.86,458.45,64.34,84.99000000000007,1,1,1.0
1724157152287537300,39,88.7,0.99,141.10000000000002,55.309999999999995,1,1,1.0
1724157152287537300,40,880.8,0.0,307.71000000000004,53.86,1,1,1.0
1724157152287537300,41,0.0,234.57,35.96,51.03000000000003,1,1,1.0
1724157152287537300,42,368.56,0.0,160.33999999999997,29.1,1,1,1.0
1724157152334241200,13,330.8,320.03,197.7,76.35000000000002,1,1,1.0
1724157152334241200,15,128.09,371.44,252.47,120.32999999999998,1,1,1.0
1724157152334241200,17,41.13,442.41,239.07,97.16000000000003,1,1,1.0
1724157152334241200,18,618.78,319.74,260.4200000000001,118.15999999999997,1,1,1.0
1724157152334241200,19,150.98,300.8,95.99000000000001,93.77999999999997,1,1,1.0
1724157152334241200,21,772.12,298.3,218.92999999999995,76.08999999999997,1,1,1.0
1724157152334241200,22,72.82,220.22,83.68,79.16,1,1,1.0
1724157152334241200,23,1142.17,611.76,137.82999999999993,108.24000000000001,1,1,1.0
1724157152334241200,24,18.72,360.6,133.38,106.79999999999995,1,1,1.0
1724157152334241200,25,242.69,200.81,97.91000000000003,83.69,1,1,1.0
1724157152334241200,27,196.4,199.24,48.53,72.53999999999996,1,1,1.0
1724157152334241200,28,289.82,79.01,63.379999999999995,143.39,1,1,1.0
1724157152334241200,29,444.61,144.1,227.14,99.18,1,1,1.0
1724157152334241200,30,334.66,83.8,139.83999999999997,98.2,1,1,1.0
1724157152334241200,31,56.66,129.6,94.07,91.28999999999999,1,1,1.0
1724157152334241200,32,207.96,90.57,56.140000000000015,95.43,1,1,1.0
1724157152334241200,33,195.8,251.1,179.65999999999997,58.53999999999999,1,1,1.0
1724157152334241200,34,0.0,289.8,99.1,160.15999999999997,1,1,1.0
1724157152334241200,35,479.85,660.35,81.64999999999998,59.64999999999998,1,1,1.0
1724157152334241200,36,140.02,71.67,85.03999999999999,66.23,1,1,1.0
1724157152334241200,37,56.81,88.68,65.49,78.51999999999998,1,1,1.0
1724157152334241200,38,0.66,465.37,64.86,85.76999999999998,1,1,1.0
1724157152334241200,39,88.25,1.46,144.05,63.85,1,1,1.0
1724157152334241200,40,909.6,0.0,324.6,59.31,1,1,1.0
1724157152334241200,41,0.0,240.91,35.96,51.03,1,1,1.0
1724157152334241200,42,366.98,0.0,163.31999999999994,35.0,1,1,1.0
1724157152381346900,13,334.6,326.17,200.89999999999998,77.47999999999996,1,1,1.0
1724157152381346900,15,142.2,380.5,244.2,125.89999999999998,1,1,1.0
1724157152381346900,17,47.3,444.68,235.7,82.32,1,1,1.0
1724157152381346900,18,623.32,328.68,265.31999999999994,120.94999999999999,1,1,1.0
1724157152381346900,19,153.69,305.91,96.03999999999999,94.92999999999995,1,1,1.0
1724157152381346900,21,794.31,308.02,217.72000000000003,75.42000000000002,1,1,1.0
1724157152381346900,22,76.81,229.63,81.09,75.22000000000003,1,1,1.0
1724157152381346900,23,1180.41,638.89,99.58999999999992,81.11000000000001,1,1,1.0
1724157152381346900,24,17.9,366.8,142.79999999999998,106.24000000000001,1,1,1.0
1724157152381346900,25,248.7,206.02,92.48000000000002,75.39000000000001,1,1,1.0
1724157152381346900,27,185.29,199.65,55.110000000000014,73.35,1,1,1.0
1724157152381346900,28,289.6,82.15,66.40999999999997,131.23999999999998,1,1,1.0
1724157152381346900,29,460.09,154.7,223.81,98.65,1,1,1.0
1724157152381346900,30,334.63,85.0,145.37,103.1,1,1,1.0
1724157152381346900,31,64.5,134.6,82.69999999999999,91.30000000000001,1,1,1.0
1724157152381346900,32,204.55,98.1,58.26999999999998,91.43,1,1,1.0
1724157152381346900,33,188.8,260.2,189.09999999999997,59.80000000000001,1,1,1.0
1724157152381346900,34,0.79,293.1,98.00999999999999,163.95,1,1,1.0
1724157152381346900,36,140.64,76.99,85.26000000000002,66.71,1,1,1.0
1724157152381346900,37,58.61,93.46,66.49,71.31000000000002,1,1,1.0
1724157152381346900,38,1.26,472.23,67.14,88.40999999999997,1,1,1.0
1724157152381346900,39,87.8,1.93,147.0,72.38999999999999,1,1,1.0
1724157152381346900,40,942.77,0.0,337.23,61.72,1,1,1.0
1724157152381346900,41,0.0,247.25,35.96,51.02999999999997,1,1,1.0
1724157152381346900,42,327.35,0.0,202.44999999999993,51.9,1,1,1.0
1724157152418891700,13,338.4,332.31,204.10000000000002,78.62,1,1,1.0
1724157152418891700,15,153.9,386.47,240.39000000000001,139.63,1,1,1.0
1724157152418891700,17,46.57,447.8,239.43,82.27000000000004,1,1,1.0
1724157152418891700,18,634.37,336.91,270.57000000000005,121.20999999999998,1,1,1.0
1724157152418891700,19,153.71,311.71,98.19,97.86000000000001,1,1,1.0
1724157152418891700,21,809.5,315.92,214.92000000000007,76.32,1,1,1.0
1724157152418891700,22,77.09,233.44,87.35,78.33999999999997,1,1,1.0
1724157152418891700,24,15.26,372.8,139.14000000000001,106.46999999999997,1,1,1.0
1724157152418891700,25,249.83,210.5,79.55999999999997,66.20999999999998,1,1,1.0
1724157152418891700,27,185.62,203.71,55.66,71.61999999999998,1,1,1.0
1724157152418891700,28,289.38,86.95,68.38,125.68999999999998,1,1,1.0
1724157152418891700,29,475.56,166.65,220.48999999999995,96.77000000000001,1,1,1.0
1724157152418891700,30,334.61,86.2,150.89,73.10000000000001,1,1,1.0
1724157152418891700,31,62.5,145.75,80.0,87.9,1,1,1.0
1724157152418891700,32,205.45,112.81,55.879999999999995,84.35999999999999,1,1,1.0
1724157152418891700,33,183.4,268.33,206.23999999999998,58.97000000000003,1,1,1.0
1724157152418891700,34,1.57,302.1,95.93,162.03999999999996,1,1,1.0
1724157152418891700,36,142.02,83.3,83.13999999999999,67.8,1,1,1.0
1724157152418891700,37,55.61,99.77,68.54,70.17,1,1,1.0
1724157152418891700,38,1.05,475.3,68.88000000000001,89.54000000000002,1,1,1.0
1724157152418891700,39,87.58,6.54,148.95999999999998,73.16999999999999,1,1,1.0
1724157152418891700,40,972.52,0.0,307.48,66.28,1,1,1.0
1724157152418891700,41,0.0,252.53,36.28,50.82000000000002,1,1,1.0
1724157152418891700,42,331.57,0.0,204.93,59.3,1,1,1.0
1724157152456066200,13,346.83,336.29,202.57,79.69999999999999,1,1,1.0
1724157152456066200,15,144.06,390.97,245.14,128.06999999999994,1,1,1.0
1724157152456066200,17,45.83,450.92,248.77000000000004,82.20999999999998,1,1,1.0
1724157152456066200,18,645.33,356.1,276.7199999999999,110.12,1,1,1.0
1724157152456066200,19,153.68,315.44,103.94,104.14999999999998,1,1,1.0
1724157152456066200,21,829.09,321.18,215.51999999999987,81.46999999999997,1,1,1.0
1724157152456066200,22,79.88,239.75,84.53999999999999,76.13999999999999,1,1,1.0
1724157152456066200,24,15.68,374.7,155.51999999999998,110.66000000000003,1,1,1.0
1724157152456066200,25,253.04,208.11,83.97999999999999,70.70999999999998,1,1,1.0
1724157152456066200,27,185.94,207.76,56.22999999999999,69.91000000000003,1,1,1.0
1724157152456066200,28,297.7,87.29,63.24000000000001,125.49999999999999,1,1,1.0
1724157152456066200,29,491.04,178.6,217.16000000000003,94.9,1,1,1.0
1724157152456066200,30,334.58,87.4,160.93,77.97999999999999,1,1,1.0
1724157152456066200,31,63.63,151.17,79.27000000000001,86.21000000000001,1,1,1.0
1724157152456066200,32,204.93,114.83,57.610000000000014,88.11999999999999,1,1,1.0
1724157152456066200,33,173.6,270.77,217.94000000000003,61.44,1,1,1.0
1724157152456066200,34,0.23,304.1,107.57,165.76999999999998,1,1,1.0
1724157152456066200,36,144.2,88.73,79.29000000000002,67.08,1,1,1.0
1724157152456066200,37,54.0,102.89,68.02,77.01,1,1,1.0
1724157152456066200,38,0.84,478.36,70.61,90.68999999999994,1,1,1.0
1724157152456066200,39,87.36,11.15,150.92000000000002,73.94999999999999,1,1,1.0
1724157152456066200,40,996.28,0.0,283.72,72.43,1,1,1.0
1724157152456066200,41,0.0,257.82,36.59,50.610000000000014,1,1,1.0
1724157152456066200,42,334.3,0.0,207.09999999999997,62.6,1,1,1.0
1724157152501331500,13,355.27,340.26,201.02999999999997,80.78000000000003,1,1,1.0
1724157152501331500,15,160.54,392.78,242.04999999999998,121.22000000000003,1,1,1.0
1724157152501331500,17,45.1,454.04,253.70000000000002,82.16000000000003,1,1,1.0
1724157152501331500,18,668.99,363.57,274.03999999999996,114.19999999999999,1,1,1.0
1724157152501331500,19,158.0,320.5,108.23000000000002,113.38,1,1,1.0
1724157152501331500,21,843.09,331.97,212.4899999999999,80.91999999999996,1,1,1.0
1724157152501331500,22,76.81,241.53,87.63,79.47999999999999,1,1,1.0
1724157152501331500,24,17.1,378.6,161.3,111.25,1,1,1.0
1724157152501331500,25,255.04,212.54,81.54999999999998,69.07000000000002,1,1,1.0
1724157152501331500,27,186.27,211.81,56.78,68.19,1,1,1.0
1724157152501331500,28,297.47,87.41,71.02999999999997,127.30000000000001,1,1,1.0
1724157152501331500,29,504.65,184.47,215.64999999999998,92.92999999999998,1,1,1.0
1724157152501331500,30,333.99,90.03,169.90999999999997,78.07,1,1,1.0
1724157152501331500,31,64.77,156.58,78.53000000000002,84.53999999999999,1,1,1.0
1724157152501331500,32,204.31,117.46,59.68000000000001,92.35000000000001,1,1,1.0
1724157152501331500,33,173.3,273.22,220.14,63.89999999999998,1,1,1.0
1724157152501331500,34,0.04,307.9,110.96,169.73000000000002,1,1,1.0
1724157152501331500,36,143.53,93.96,78.35,67.02,1,1,1.0
1724157152501331500,37,55.05,108.55,64.77,71.05,1,1,1.0
1724157152501331500,38,0.63,481.43,72.35000000000001,91.82,1,1,1.0
1724157152501331500,39,87.14,15.77,152.88,74.71000000000001,1,1,1.0
1724157152501331500,40,1012.71,0.0,267.28999999999996,78.22,1,1,1.0
1724157152501331500,41,0.0,263.1,36.9,50.39999999999998,1,1,1.0
1724157152501331500,42,340.0,0.37,208.29999999999995,65.92999999999999,1,1,1.0
1724157152531125900,13,363.7,344.24,199.50000000000006,81.86000000000001,1,1,1.0
1724157152531125900,15,162.59,394.91,252.28,128.91000000000003,1,1,1.0
1724157152531125900,17,46.25,457.04,255.05,81.66000000000003,1,1,1.0
1724157152531125900,18,687.3,375.53,272.38,118.16000000000003,1,1,1.0
1724157152531125900,19,170.2,322.3,103.75999999999999,109.59999999999997,1,1,1.0
1724157152531125900,21,850.06,334.14,226.6500000000001,85.68,1,1,1.0
1724157152531125900,22,78.66,243.51,88.13,80.44,1,1,1.0
1724157152531125900,24,15.74,383.3,163.85999999999999,109.27999999999997,1,1,1.0
1724157152531125900,25,258.55,216.77,79.78999999999996,67.34,1,1,1.0
1724157152531125900,27,186.59,215.87,57.34,66.45999999999998,1,1,1.0
1724157152531125900,28,300.88,91.18,80.62,123.04999999999998,1,1,1.0
1724157152531125900,29,518.27,190.33,214.08000000000004,96.16999999999999,1,1,1.0
1724157152531125900,30,333.4,92.65,178.89999999999998,92.44999999999999,1,1,1.0
1724157152531125900,31,65.9,162.0,77.79999999999998,82.85,1,1,1.0
1724157152531125900,32,204.49,123.05,58.860000000000014,92.35000000000001,1,1,1.0
1724157152531125900,33,173.8,275.67,221.53999999999996,66.35999999999996,1,1,1.0
1724157152531125900,34,2.19,311.8,113.81,171.7,1,1,1.0
1724157152531125900,36,145.51,98.89,75.93,65.79,1,1,1.0
1724157152531125900,37,53.94,115.97,64.8,68.22,1,1,1.0
1724157152531125900,38,0.42,484.5,74.09,92.95000000000005,1,1,1.0
1724157152531125900,39,86.92,20.38,154.83999999999997,75.49000000000001,1,1,1.0
1724157152531125900,40,1035.87,0.0,244.1300000000001,80.7,1,1,1.0
1724157152531125900,41,0.0,266.43,37.88,50.70999999999998,1,1,1.0
1724157152531125900,42,353.28,0.07,206.01999999999998,72.13000000000001,1,1,1.0
1724157152531125900,43,0.67,71.65,38.949999999999996,56.41999999999999,1,1,1.0
1724157152579965000,13,372.2,344.32,201.17000000000002,87.20999999999998,1,1,1.0
1724157152579965000,15,173.24,397.24,239.78999999999996,123.97000000000003,1,1,1.0
1724157152579965000,17,47.4,460.05,255.49999999999997,81.15000000000003,1,1,1.0
1724157152579965000,18,698.3,372.62,278.6,118.5,1,1,1.0
1724157152579965000,19,172.76,325.72,103.37,99.38,1,1,1.0
1724157152579965000,21,868.18,343.44,229.14,84.55000000000001,1,1,1.0
1724157152579965000,22,81.48,245.27,87.77999999999999,81.04999999999998,1,1,1.0
1724157152579965000,24,21.9,396.6,150.0,97.5,1,1,1.0
1724157152579965000,25,261.22,221.98,76.19,63.53999999999999,1,1,1.0
1724157152579965000,27,186.92,219.92,57.900000000000006,64.75000000000003,1,1,1.0
1724157152579965000,28,296.8,93.37,100.19999999999999,128.23,1,1,1.0
1724157152579965000,29,531.89,196.19,212.51,99.41000000000003,1,1,1.0
1724157152579965000,30,341.6,95.28,180.0,101.12,1,1,1.0
1724157152579965000,31,61.2,160.0,86.89999999999999,88.58000000000001,1,1,1.0
1724157152579965000,32,205.57,124.2,57.23000000000002,94.18999999999998,1,1,1.0
1724157152579965000,33,174.93,277.62,226.39999999999998,62.85000000000002,1,1,1.0
1724157152579965000,34,5.13,314.0,112.17,171.14999999999998,1,1,1.0
1724157152579965000,36,147.68,102.12,74.97999999999999,65.87,1,1,1.0
1724157152579965000,37,57.64,124.61,60.230000000000004,67.08999999999999,1,1,1.0
1724157152579965000,38,0.21,487.57,75.83000000000001,94.07999999999998,1,1,1.0
1724157152579965000,39,86.7,24.99,156.8,76.27000000000001,1,1,1.0
1724157152579965000,40,1062.55,0.0,217.45000000000005,82.96,1,1,1.0
1724157152579965000,41,0.0,269.75,38.85,51.02999999999997,1,1,1.0
1724157152579965000,42,363.23,1.52,203.21000000000004,72.12,1,1,1.0
1724157152579965000,43,0.0,73.7,41.67,56.42,1,1,1.0
1724157152615983700,13,380.7,344.39,202.82999999999998,92.58000000000004,1,1,1.0
1724157152615983700,15,200.8,399.91,202.64,98.08999999999997,1,1,1.0
1724157152615983700,17,48.5,461.05,255.3,73.94999999999999,1,1,1.0
1724157152615983700,18,707.92,372.51,283.55000000000007,129.06,1,1,1.0
1724157152615983700,19,186.29,329.04,91.66999999999999,83.75999999999999,1,1,1.0
1724157152615983700,21,882.91,343.68,231.2500000000001,96.25,1,1,1.0
1724157152615983700,22,82.24,245.78,87.62000000000002,81.70000000000002,1,1,1.0
1724157152615983700,24,20.2,399.4,149.4,93.30000000000001,1,1,1.0
1724157152615983700,25,260.64,224.48,77.60000000000002,64.06000000000003,1,1,1.0
1724157152615983700,27,187.24,223.98,58.45999999999998,63.02000000000001,1,1,1.0
1724157152615983700,28,294.6,95.05,118.59999999999997,129.39,1,1,1.0
1724157152615983700,29,545.51,202.28,211.39,98.32000000000002,1,1,1.0
1724157152615983700,30,358.06,94.7,175.33999999999997,88.24,1,1,1.0
1724157152615983700,31,56.8,159.1,90.23,92.47,1,1,1.0
1724157152615983700,32,206.66,130.74,55.83000000000001,89.03,1,1,1.0
1724157152615983700,33,176.07,279.57,231.25,59.34000000000003,1,1,1.0
1724157152615983700,34,5.28,312.0,110.42,172.55,1,1,1.0
1724157152615983700,36,151.05,105.63,72.45999999999998,64.12,1,1,1.0
1724157152615983700,37,59.49,127.4,61.21,61.599999999999994,1,1,1.0
1724157152615983700,38,0.0,490.63,77.56,95.23000000000002,1,1,1.0
1724157152615983700,39,87.67,24.63,154.55,78.10000000000001,1,1,1.0
1724157152615983700,40,1096.69,0.0,183.30999999999995,81.45,1,1,1.0
1724157152615983700,41,0.74,267.18,44.059999999999995,59.24000000000001,1,1,1.0
1724157152615983700,42,373.17,2.98,200.41000000000003,72.1,1,1,1.0
1724157152615983700,43,0.28,71.5,42.37,59.02000000000001,1,1,1.0
1724157152655563100,13,389.2,344.47,204.50000000000006,97.92999999999995,1,1,1.0
1724157152655563100,15,197.3,400.82,212.09999999999997,83.88,1,1,1.0
1724157152655563100,17,45.25,462.02,269.95,77.02999999999997,1,1,1.0
1724157152655563100,18,725.16,377.78,284.49,131.3,1,1,1.0
1724157152655563100,19,189.1,331.47,92.6,77.32999999999998,1,1,1.0
1724157152655563100,21,901.71,349.52,233.51,100.24000000000001,1,1,1.0
1724157152655563100,22,84.17,246.78,86.63000000000001,81.97999999999999,1,1,1.0
1724157152655563100,24,22.6,400.5,148.20000000000002,96.10000000000002,1,1,1.0
1724157152655563100,25,260.34,226.32,79.64000000000004,65.49000000000001,1,1,1.0
1724157152655563100,27,188.23,223.44,58.610000000000014,65.48000000000002,1,1,1.0
1724157152655563100,28,290.8,93.48,132.89999999999998,127.10000000000001,1,1,1.0
1724157152655563100,29,559.81,205.63,211.99,101.30000000000001,1,1,1.0
1724157152655563100,30,355.03,96.3,185.07000000000005,83.08999999999999,1,1,1.0
1724157152655563100,31,57.05,161.45,97.64,90.56,1,1,1.0
1724157152655563100,32,208.19,133.86,55.14999999999998,86.91999999999999,1,1,1.0
1724157152655563100,33,177.2,281.51,236.11,55.85000000000002,1,1,1.0
1724157152655563100,34,4.75,312.0,110.75,170.47000000000003,1,1,1.0
1724157152655563100,36,153.19,102.8,73.13,69.48,1,1,1.0
1724157152655563100,37,59.26,126.56,63.54,64.13999999999999,1,1,1.0
1724157152655563100,38,0.0,490.87,81.19,94.90999999999997,1,1,1.0
1724157152655563100,39,88.63,24.26,152.3,79.94,1,1,1.0
1724157152655563100,40,1135.13,0.0,144.8699999999999,80.24,1,1,1.0
1724157152655563100,41,0.0,267.08,50.32,61.27000000000004,1,1,1.0
1724157152655563100,42,383.11,4.43,197.61,72.09,1,1,1.0
1724157152655563100,43,0.56,69.3,43.07,61.61,1,1,1.0
1724157152700337200,13,394.0,344.69,207.73000000000002,101.61000000000001,1,1,1.0
1724157152700337200,15,192.7,404.09,218.90000000000003,77.71000000000004,1,1,1.0
1724157152700337200,17,42.0,463.0,277.4,80.10000000000002,1,1,1.0
1724157152700337200,18,743.44,383.53,286.48,134.89999999999998,1,1,1.0
1724157152700337200,19,177.5,331.23,115.80000000000001,80.57,1,1,1.0
1724157152700337200,21,910.96,349.92,242.42000000000007,108.53999999999996,1,1,1.0
1724157152700337200,22,86.65,249.6,83.72,79.73999999999998,1,1,1.0
1724157152700337200,24,23.8,400.1,155.39999999999998,97.79999999999995,1,1,1.0
1724157152700337200,25,255.64,226.35,88.41000000000003,73.29999999999998,1,1,1.0
1724157152700337200,27,189.22,222.9,58.75999999999999,67.93999999999997,1,1,1.0
1724157152700337200,28,287.72,92.09,145.40999999999997,126.52000000000001,1,1,1.0
1724157152700337200,29,574.11,208.97,212.59000000000003,104.29999999999998,1,1,1.0
1724157152700337200,30,378.01,94.5,176.78999999999996,73.11000000000001,1,1,1.0
1724157152700337200,31,57.3,163.81,105.04,88.65,1,1,1.0
1724157152700337200,32,207.71,131.45,56.59,87.45000000000002,1,1,1.0
1724157152700337200,33,178.34,283.46,240.96,52.34000000000003,1,1,1.0
1724157152700337200,34,6.68,312.5,105.52000000000001,167.61,1,1,1.0
1724157152700337200,36,152.4,101.6,77.1,72.20000000000002,1,1,1.0
1724157152700337200,37,59.04,125.71,65.86000000000001,66.69000000000001,1,1,1.0
1724157152700337200,38,0.0,491.11,84.81,94.60000000000002,1,1,1.0
1724157152700337200,39,89.6,23.9,150.05,81.78,1,1,1.0
1724157152700337200,40,1173.8,0.0,106.20000000000005,75.89,1,1,1.0
1724157152700337200,41,0.39,267.4,48.76,65.41000000000003,1,1,1.0
1724157152700337200,42,393.05,5.88,194.81,72.08,1,1,1.0
1724157152700337200,43,0.85,69.51,43.76,61.8,1,1,1.0
1724157152731589700,13,398.81,344.92,210.95999999999998,105.27999999999997,1,1,1.0
1724157152731589700,15,194.0,404.44,223.8,80.56,1,1,1.0
1724157152731589700,17,46.8,462.81,274.3,75.94,1,1,1.0
1724157152731589700,18,756.69,389.81,291.55999999999995,132.73999999999995,1,1,1.0
1724157152731589700,19,177.75,331.0,118.42000000000002,82.01999999999998,1,1,1.0
1724157152731589700,21,935.35,363.64,240.36,105.27000000000004,1,1,1.0
1724157152731589700,22,91.56,253.86,78.57999999999998,74.69,1,1,1.0
1724157152731589700,24,27.3,397.9,151.2,103.30000000000001,1,1,1.0
1724157152731589700,25,253.94,227.1,93.13,77.82000000000002,1,1,1.0
1724157152731589700,27,190.2,222.36,58.920000000000016,70.39999999999998,1,1,1.0
1724157152731589700,28,284.64,90.71,157.91000000000003,125.92,1,1,1.0
1724157152731589700,29,588.41,212.31,213.19000000000005,107.29000000000002,1,1,1.0
1724157152731589700,30,387.15,92.75,182.75,73.28999999999999,1,1,1.0
1724157152731589700,31,57.55,166.16,112.45,86.74000000000001,1,1,1.0
1724157152731589700,32,209.99,134.6,58.31,85.0,1,1,1.0
1724157152731589700,33,185.64,282.59,238.86,53.370000000000005,1,1,1.0
1724157152731589700,34,8.15,312.5,105.55,167.45,1,1,1.0
1724157152731589700,36,154.08,101.85,77.61999999999998,72.0,1,1,1.0
1724157152731589700,37,58.81,124.87,68.19,69.22999999999999,1,1,1.0
1724157152731589700,38,0.0,491.35,88.43,94.28999999999996,1,1,1.0
1724157152731589700,39,90.57,23.53,147.8,83.62,1,1,1.0
1724157152731589700,40,1218.17,0.0,61.82999999999993,75.04,1,1,1.0
1724157152731589700,41,0.0,266.46,49.73,74.10000000000002,1,1,1.0
1724157152731589700,42,403.0,7.34,192.0,72.06,1,1,1.0
1724157152731589700,43,1.13,69.71,44.46,62.000000000000014,1,1,1.0
1724157152781417600,13,403.61,345.14,214.18999999999994,108.96000000000004,1,1,1.0
1724157152781417600,15,191.5,405.51,229.67000000000002,84.29000000000002,1,1,1.0
1724157152781417600,17,51.6,462.63,268.9,71.76999999999998,1,1,1.0
1724157152781417600,18,768.74,396.89,304.1299999999999,130.51999999999998,1,1,1.0
1724157152781417600,19,170.3,330.76,128.72999999999996,86.44,1,1,1.0
1724157152781417600,21,953.87,369.39,242.65999999999997,109.48000000000002,1,1,1.0
1724157152781417600,22,92.75,252.63,80.18,76.5,1,1,1.0
1724157152781417600,24,27.1,399.0,153.8,99.30000000000001,1,1,1.0
1724157152781417600,25,253.55,227.6,95.45999999999998,79.92999999999998,1,1,1.0
1724157152781417600,27,191.19,221.82,59.06999999999999,72.86000000000001,1,1,1.0
1724157152781417600,28,281.56,89.32,170.42000000000002,125.34,1,1,1.0
1724157152781417600,29,599.16,218.56,217.99,103.63999999999999,1,1,1.0
1724157152781417600,30,396.28,91.0,188.72000000000003,73.47,1,1,1.0
1724157152781417600,31,55.2,170.7,116.8,84.30000000000001,1,1,1.0
1724157152781417600,32,212.19,134.7,58.00999999999999,83.70000000000002,1,1,1.0
1724157152781417600,33,192.94,281.72,236.76,54.39999999999998,1,1,1.0
1724157152781417600,34,10.34,310.1,103.86,169.10999999999996,1,1,1.0
1724157152781417600,36,155.76,102.1,78.14000000000001,71.80000000000001,1,1,1.0
1724157152781417600,37,58.59,124.03,70.50999999999999,71.77000000000001,1,1,1.0
1724157152781417600,38,0.0,491.59,92.05,93.98000000000008,1,1,1.0
1724157152781417600,39,91.53,23.17,145.55,85.45,1,1,1.0
1724157152781417600,40,1259.98,0.0,20.019999999999982,74.18,1,1,1.0
1724157152781417600,41,0.0,265.12,50.78,77.64999999999998,1,1,1.0
1724157152781417600,42,410.06,7.43,194.43,70.21000000000001,1,1,1.0
1724157152781417600,43,1.41,69.92,45.160000000000004,62.19000000000001,1,1,1.0
1724157152810279200,13,413.06,352.23,213.83999999999997,106.77999999999997,1,1,1.0
1724157152810279200,15,187.9,404.03,236.70000000000002,75.37,1,1,1.0
1724157152810279200,17,61.94,459.6,267.16,68.06999999999994,1,1,1.0
1724157152810279200,18,779.97,408.58,311.54999999999995,128.19,1,1,1.0
1724157152810279200,19,173.5,330.53,128.39999999999998,78.47000000000003,1,1,1.0
1724157152810279200,21,976.49,378.96,241.44000000000005,110.58000000000004,1,1,1.0
1724157152810279200,22,94.77,250.95,80.27,76.99000000000001,1,1,1.0
1724157152810279200,24,32.3,398.34,157.24,101.46000000000004,1,1,1.0
1724157152810279200,25,253.05,225.56,98.90999999999997,83.21999999999997,1,1,1.0
1724157152810279200,27,192.17,221.28,59.23000000000002,75.32000000000002,1,1,1.0
1724157152810279200,28,278.48,87.94,182.91999999999996,124.75,1,1,1.0
1724157152810279200,29,609.9,224.81,222.80000000000007,99.99000000000001,1,1,1.0
1724157152810279200,30,406.9,89.83,192.80000000000007,71.67,1,1,1.0
1724157152810279200,31,48.3,175.6,127.00000000000001,78.4,1,1,1.0
1724157152810279200,32,212.18,134.6,58.420000000000016,83.30000000000001,1,1,1.0
1724157152810279200,33,200.25,280.84,234.64999999999998,55.44,1,1,1.0
1724157152810279200,34,10.78,308.7,103.82,182.2,1,1,1.0
1724157152810279200,36,158.32,100.65,80.58000000000001,73.66,1,1,1.0
1724157152810279200,37,55.98,122.17,74.12,73.02999999999999,1,1,1.0
1724157152810279200,38,0.0,491.82,95.68,93.67000000000002,1,1,1.0
1724157152810279200,39,92.5,22.8,143.3,87.29,1,1,1.0
1724157152810279200,41,0.0,265.1,52.7,77.59999999999997,1,1,1.0
1724157152810279200,42,417.11,7.52,196.87,68.35000000000001,1,1,1.0
1724157152810279200,43,0.9,66.92,46.050000000000004,63.42999999999999,1,1,1.0
1724157152853061100,13,422.5,359.31,213.5,104.61000000000001,1,1,1.0
1724157152853061100,15,188.61,403.82,245.08999999999997,66.07999999999998,1,1,1.0
1724157152853061100,17,65.87,457.72,269.13,65.70999999999992,1,1,1.0
1724157152853061100,18,806.55,420.95,331.20000000000005,132.19,1,1,1.0
1724157152853061100,19,162.6,329.41,150.20000000000002,83.88999999999999,1,1,1.0
1724157152853061100,21,1019.78,394.07,240.51,115.78000000000003,1,1,1.0
1724157152853061100,22,95.06,246.29,81.82,79.44000000000003,1,1,1.0
1724157152853061100,24,49.15,402.11,136.92,95.41999999999996,1,1,1.0
1724157152853061100,25,253.63,223.37,102.86000000000001,86.60000000000002,1,1,1.0
1724157152853061100,27,197.6,224.69,58.150000000000006,72.30000000000001,1,1,1.0
1724157152853061100,28,264.52,83.7,214.08000000000004,101.05999999999999,1,1,1.0
1724157152853061100,29,628.84,231.06,223.51,103.19,1,1,1.0
1724157152853061100,30,433.5,88.67,192.82000000000005,69.92999999999999,1,1,1.0
1724157152853061100,31,37.9,177.0,149.4,79.0,1,1,1.0
1724157152853061100,32,214.59,134.07,57.91,80.43,1,1,1.0
1724157152853061100,33,207.55,279.97,232.55,56.46999999999997,1,1,1.0
1724157152853061100,34,20.73,308.7,100.07,175.40000000000003,1,1,1.0
1724157152853061100,36,160.89,99.2,83.02000000000001,75.52,1,1,1.0
1724157152853061100,37,53.38,120.31,77.72,74.28999999999999,1,1,1.0
1724157152853061100,38,0.0,492.06,99.3,93.35999999999996,1,1,1.0
1724157152853061100,39,93.73,20.6,142.83999999999997,88.32,1,1,1.0
1724157152853061100,41,0.0,262.75,53.15,78.38999999999999,1,1,1.0
1724157152853061100,42,424.17,7.61,199.3,66.5,1,1,1.0
1724157152853061100,43,1.2,62.76,54.73,70.27000000000001,1,1,1.0
1724157152899068700,13,436.4,363.54,209.75,101.32,1,1,1.0
1724157152899068700,15,192.06,403.72,248.74,69.67999999999995,1,1,1.0
1724157152899068700,17,69.8,455.85,271.09999999999997,63.35000000000002,1,1,1.0
1724157152899068700,18,825.67,428.8,335.84000000000003,133.65000000000003,1,1,1.0
1724157152899068700,19,160.2,328.32,153.0,82.07999999999998,1,1,1.0
1724157152899068700,21,1024.0,388.54,254.51,131.60999999999996,1,1,1.0
1724157152899068700,22,95.6,244.89,81.96000000000001,80.02000000000004,1,1,1.0
1724157152899068700,24,56.66,390.7,158.74,98.87,1,1,1.0
1724157152899068700,25,254.08,221.25,107.30999999999997,89.58999999999997,1,1,1.0
1724157152899068700,27,206.79,223.56,53.58000000000001,75.13,1,1,1.0
1724157152899068700,28,265.39,82.3,224.41000000000003,79.3,1,1,1.0
1724157152899068700,29,647.78,237.31,224.22000000000003,106.38999999999999,1,1,1.0
1724157152899068700,30,473.8,87.5,165.18,68.15,1,1,1.0
1724157152899068700,31,31.73,174.8,158.07000000000002,82.19999999999999,1,1,1.0
1724157152899068700,32,216.05,132.21,57.829999999999984,80.57,1,1,1.0
1724157152899068700,33,214.86,279.1,230.44,57.5,1,1,1.0
1724157152899068700,34,23.25,307.5,100.05,180.39999999999998,1,1,1.0
1724157152899068700,36,160.95,98.65,81.73000000000002,72.63999999999999,1,1,1.0
1724157152899068700,37,50.78,118.46,81.32,75.54,1,1,1.0
1724157152899068700,38,0.0,491.45,102.83,91.29000000000002,1,1,1.0
1724157152899068700,39,94.97,18.4,142.36,89.34,1,1,1.0
1724157152899068700,41,0.0,260.4,53.6,79.18,1,1,1.0
1724157152899068700,42,431.23,7.71,201.73000000000002,64.63000000000001,1,1,1.0
1724157152899068700,43,1.13,62.02,54.89,68.51999999999998,1,1,1.0
1724157152930640700,13,450.3,367.77,205.99999999999994,98.03000000000003,1,1,1.0
1724157152930640700,15,195.5,403.62,252.39999999999998,73.27999999999997,1,1,1.0
1724157152930640700,17,74.44,455.82,271.66,59.97999999999996,1,1,1.0
1724157152930640700,18,849.46,432.65,332.18000000000006,137.88,1,1,1.0
1724157152930640700,19,147.7,326.77,168.60000000000002,82.23000000000002,1,1,1.0
1724157152930640700,21,1026.81,388.42,253.19000000000005,135.57999999999998,1,1,1.0
1724157152930640700,22,96.81,246.71,80.53999999999999,78.41,1,1,1.0
1724157152930640700,24,70.15,383.9,149.45,91.57000000000005,1,1,1.0
1724157152930640700,25,253.1,219.95,111.73999999999998,88.44999999999999,1,1,1.0
1724157152930640700,27,200.4,218.56,52.81999999999999,75.08999999999997,1,1,1.0
1724157152930640700,28,264.12,78.66,232.27999999999997,80.64000000000001,1,1,1.0
1724157152930640700,29,663.14,238.98,225.23000000000002,107.52000000000001,1,1,1.0
1724157152930640700,30,480.0,89.39,174.89,65.92999999999999,1,1,1.0
1724157152930640700,31,25.57,172.6,166.73000000000002,85.4,1,1,1.0
1724157152930640700,32,217.51,130.35,57.75,80.71000000000001,1,1,1.0
1724157152930640700,33,221.58,278.6,230.31999999999996,55.049999999999955,1,1,1.0
1724157152930640700,34,26.89,306.7,97.11,185.40000000000003,1,1,1.0
1724157152930640700,36,161.01,98.1,80.45000000000002,69.76000000000002,1,1,1.0
1724157152930640700,37,48.18,116.6,84.91999999999999,72.33000000000001,1,1,1.0
1724157152930640700,38,0.0,490.84,106.37,89.20999999999998,1,1,1.0
1724157152930640700,39,96.2,16.2,141.89999999999998,90.36999999999999,1,1,1.0
1724157152930640700,41,0.0,258.05,54.05,79.96999999999997,1,1,1.0
1724157152930640700,42,437.01,11.64,204.15999999999997,62.78,1,1,1.0
1724157152930640700,43,1.07,61.28,55.05,66.75999999999999,1,1,1.0
1724157152975624700,13,457.3,368.38,217.36999999999995,99.19999999999999,1,1,1.0
1724157152975624700,15,198.55,400.81,254.25,73.04000000000002,1,1,1.0
1724157152975624700,17,79.6,451.34,272.70000000000005,64.65000000000003,1,1,1.0
1724157152975624700,18,862.89,432.08,341.5100000000001,146.62000000000006,1,1,1.0
1724157152975624700,19,154.2,324.51,170.7,85.69,1,1,1.0
1724157152975624700,21,1037.13,384.88,242.8699999999999,145.72000000000003,1,1,1.0
1724157152975624700,22,98.66,247.85,80.06,77.77000000000001,1,1,1.0
1724157152975624700,24,53.43,387.6,164.37,91.91999999999996,1,1,1.0
1724157152975624700,25,264.58,217.92,119.62,90.44000000000003,1,1,1.0
1724157152975624700,27,209.47,218.75,53.22999999999999,76.74000000000001,1,1,1.0
1724157152975624700,28,262.85,75.01,240.14999999999998,81.99,1,1,1.0
1724157152975624700,29,678.5,240.64,226.23000000000002,108.66000000000003,1,1,1.0
1724157152975624700,30,469.1,91.27,201.69999999999993,63.730000000000004,1,1,1.0
1724157152975624700,31,19.4,170.4,175.4,88.6,1,1,1.0
1724157152975624700,32,218.97,128.49,57.66999999999999,80.85,1,1,1.0
1724157152975624700,33,228.31,278.1,230.19,52.599999999999966,1,1,1.0
1724157152975624700,34,35.19,307.0,92.21000000000001,176.5,1,1,1.0
1724157152975624700,36,163.84,103.35,79.29999999999998,64.6,1,1,1.0
1724157152975624700,37,54.6,117.14,75.94,64.05999999999999,1,1,1.0
1724157152975624700,38,0.0,490.23,109.9,87.13,1,1,1.0
1724157152975624700,39,97.43,14.0,141.44,91.4,1,1,1.0
1724157152975624700,41,0.0,255.69,54.51,80.76999999999998,1,1,1.0
1724157152975624700,42,447.39,13.68,200.02999999999997,61.43,1,1,1.0
1724157152975624700,43,1.0,60.53,55.21,65.02,1,1,1.0
1724157153020813000,13,472.5,366.44,206.39999999999998,102.38,1,1,1.0
1724157153020813000,15,201.6,398.0,256.1,72.80000000000001,1,1,1.0
1724157153020813000,17,84.77,446.87,273.73,69.30999999999995,1,1,1.0
1724157153020813000,18,883.4,433.7,350.4,153.00000000000006,1,1,1.0
1724157153020813000,19,149.4,320.72,182.99999999999997,89.47999999999996,1,1,1.0
1724157153020813000,21,1055.78,390.46,220.51999999999998,140.86000000000007,1,1,1.0
1724157153020813000,22,99.56,245.34,82.12,79.83000000000001,1,1,1.0
1724157153020813000,24,66.48,384.5,159.62,89.35000000000002,1,1,1.0
1724157153020813000,25,279.41,214.72,118.88999999999999,86.09,1,1,1.0
1724157153020813000,27,202.92,212.98,52.34,76.54999999999998,1,1,1.0
1724157153020813000,28,288.84,70.54,220.76000000000005,85.05999999999999,1,1,1.0
1724157153020813000,29,693.87,242.31,227.23000000000002,109.79000000000002,1,1,1.0
1724157153020813000,30,478.7,89.6,205.85999999999996,63.66,1,1,1.0
1724157153020813000,31,18.38,165.92,179.59,98.68000000000004,1,1,1.0
1724157153020813000,32,220.44,126.63,57.579999999999984,80.99000000000001,1,1,1.0
1724157153020813000,33,219.04,281.16,241.66,49.339999999999975,1,1,1.0
1724157153020813000,34,36.0,301.8,95.30000000000001,183.5,1,1,1.0
1724157153020813000,36,164.45,101.02,78.35000000000002,71.04,1,1,1.0
1724157153020813000,37,56.7,113.95,77.98,63.249999999999986,1,1,1.0
1724157153020813000,38,0.0,489.62,113.43,85.04999999999995,1,1,1.0
1724157153020813000,39,98.67,11.8,140.95999999999998,92.42,1,1,1.0
1724157153020813000,41,0.0,253.34,54.96,81.55999999999997,1,1,1.0
1724157153020813000,42,448.38,9.44,212.14,65.8,1,1,1.0
1724157153020813000,43,0.0,59.79,56.3,63.26,1,1,1.0
1724157153020813000,44,0.0,650.54,69.87,69.35000000000002,1,1,1.0
1724157153051003000,13,483.2,367.04,206.40000000000003,101.54999999999995,1,1,1.0
1724157153051003000,15,204.95,399.52,257.3,72.93,1,1,1.0
1724157153051003000,17,89.93,442.4,274.77,73.97000000000003,1,1,1.0
1724157153051003000,18,894.67,435.85,366.0300000000001,157.94999999999993,1,1,1.0
1724157153051003000,19,145.1,319.1,196.70000000000002,90.79999999999995,1,1,1.0
1724157153051003000,21,1079.11,399.59,200.8900000000001,134.91000000000003,1,1,1.0
1724157153051003000,22,106.66,243.92,78.22,75.81000000000003,1,1,1.0
1724157153051003000,24,54.09,383.9,174.91,91.85000000000002,1,1,1.0
1724157153051003000,25,289.62,212.72,110.27999999999997,80.19000000000003,1,1,1.0
1724157153051003000,27,207.35,213.07,50.849999999999994,68.32999999999998,1,1,1.0
1724157153051003000,28,313.55,70.3,210.74999999999994,87.75000000000001,1,1,1.0
1724157153051003000,29,708.59,248.45,229.78999999999996,109.75,1,1,1.0
1724157153051003000,30,501.81,91.99,199.58999999999997,63.209999999999994,1,1,1.0
1724157153051003000,31,17.35,161.45,183.8,93.75,1,1,1.0
1724157153051003000,32,221.9,124.76,57.49999999999997,81.14,1,1,1.0
1724157153051003000,33,237.82,277.9,229.57999999999998,52.200000000000045,1,1,1.0
1724157153051003000,34,42.74,301.4,92.35999999999999,178.10000000000002,1,1,1.0
1724157153051003000,36,165.17,98.79,74.33000000000001,70.21,1,1,1.0
1724157153051003000,37,58.7,112.7,76.10000000000001,59.3,1,1,1.0
1724157153051003000,38,0.0,489.01,116.97,82.98000000000002,1,1,1.0
1724157153051003000,39,99.9,9.6,140.5,93.45,1,1,1.0
1724157153051003000,41,0.0,250.99,55.41,83.11000000000001,1,1,1.0
1724157153051003000,42,457.58,8.81,209.00000000000006,66.32,1,1,1.0
1724157153051003000,43,0.0,60.98,61.22,62.24,1,1,1.0
1724157153051003000,44,1.86,644.35,73.54,69.35000000000002,1,1,1.0
1724157153096176300,13,488.25,367.84,214.04999999999995,98.56,1,1,1.0
1724157153096176300,15,208.3,401.04,258.5,73.06,1,1,1.0
1724157153096176300,17,103.25,441.06,264.48,72.28000000000003,1,1,1.0
1724157153096176300,18,914.17,437.68,361.92999999999995,160.32,1,1,1.0
1724157153096176300,19,147.1,318.0,193.70000000000002,91.10000000000002,1,1,1.0
1724157153096176300,21,1103.34,407.61,176.66000000000008,128.30999999999995,1,1,1.0
1724157153096176300,22,109.97,245.6,74.75,72.10999999999999,1,1,1.0
1724157153096176300,24,55.01,382.4,177.39000000000001,93.03000000000003,1,1,1.0
1724157153096176300,25,287.3,209.65,119.30000000000001,79.45000000000002,1,1,1.0
1724157153096176300,27,206.14,210.57,53.660000000000025,70.32999999999998,1,1,1.0
1724157153096176300,28,326.0,66.3,196.39999999999998,90.2,1,1,1.0
1724157153096176300,29,723.31,254.59,232.34000000000003,109.71000000000001,1,1,1.0
1724157153096176300,30,513.69,91.27,201.15999999999997,63.230000000000004,1,1,1.0
1724157153096176300,31,16.32,156.98,188.0,94.27000000000001,1,1,1.0
1724157153096176300,32,227.15,125.79,54.74999999999997,76.21,1,1,1.0
1724157153096176300,33,251.36,274.46,223.24,56.54000000000002,1,1,1.0
1724157153096176300,34,46.12,295.4,89.07999999999998,183.10000000000002,1,1,1.0
1724157153096176300,36,165.88,96.55,70.32,69.39999999999999,1,1,1.0
1724157153096176300,37,64.0,108.5,73.11000000000001,60.18000000000001,1,1,1.0
1724157153096176300,38,0.0,488.4,120.5,80.89999999999998,1,1,1.0
1724157153096176300,39,100.62,8.37,142.06,93.58999999999999,1,1,1.0
1724157153096176300,41,0.0,251.75,55.91,82.12,1,1,1.0
1724157153096176300,42,466.79,8.17,205.84999999999997,66.84,1,1,1.0
1724157153096176300,43,0.0,57.71,65.8,63.49,1,1,1.0
1724157153096176300,44,0.0,641.35,81.5,56.14999999999998,1,1,1.0
1724157153127298100,13,508.9,369.09,208.13,100.88000000000005,1,1,1.0
1724157153127298100,15,211.99,395.25,259.11,78.14999999999998,1,1,1.0
1724157153127298100,17,116.58,439.73,254.19,70.58999999999997,1,1,1.0
1724157153127298100,18,938.04,440.98,341.96000000000004,164.22000000000003,1,1,1.0
1724157153127298100,19,146.9,316.95,200.70000000000002,90.65000000000003,1,1,1.0
1724157153127298100,21,1125.11,415.06,154.8900000000001,119.98999999999995,1,1,1.0
1724157153127298100,22,110.8,245.88,72.42,69.86000000000001,1,1,1.0
1724157153127298100,24,55.61,379.8,179.08999999999997,94.82999999999998,1,1,1.0
1724157153127298100,25,287.02,206.87,126.33000000000004,82.88,1,1,1.0
1724157153127298100,27,209.73,210.41,52.70000000000002,71.22,1,1,1.0
1724157153127298100,28,325.55,67.59,212.05,87.60999999999999,1,1,1.0
1724157153127298100,29,738.04,260.74,234.89,109.65999999999997,1,1,1.0
1724157153127298100,30,525.57,90.55,202.7299999999999,63.250000000000014,1,1,1.0
1724157153127298100,31,15.3,152.5,192.2,94.80000000000001,1,1,1.0
1724157153127298100,32,228.38,125.3,53.5,74.94000000000001,1,1,1.0
1724157153127298100,33,257.41,270.59,223.19,58.910000000000025,1,1,1.0
1724157153127298100,34,48.1,294.4,88.80000000000001,168.70000000000005,1,1,1.0
1724157153127298100,36,166.6,94.32,66.30000000000001,68.57,1,1,1.0
1724157153127298100,37,70.57,105.18,71.66,60.47,1,1,1.0
1724157153127298100,38,0.0,487.15,127.27,81.70000000000005,1,1,1.0
1724157153127298100,39,101.33,7.14,143.64,93.73,1,1,1.0
1724157153127298100,41,0.62,253.05,56.88,80.55000000000001,1,1,1.0
1724157153127298100,42,475.99,7.54,202.71000000000004,67.36,1,1,1.0
1724157153127298100,43,0.0,53.93,68.58,66.41999999999999,1,1,1.0
1724157153127298100,44,0.0,635.76,79.6,51.73000000000002,1,1,1.0
1724157153172212000,13,520.1,364.8,213.47000000000003,107.97999999999996,1,1,1.0
1724157153172212000,15,217.62,392.61,261.18,75.78999999999996,1,1,1.0
1724157153172212000,17,129.9,438.39,243.9,68.91000000000003,1,1,1.0
1724157153172212000,18,959.97,447.49,320.03,167.90999999999997,1,1,1.0
1724157153172212000,19,147.9,315.78,202.70000000000002,90.52000000000004,1,1,1.0
1724157153172212000,21,1144.18,423.03,135.81999999999994,109.76999999999998,1,1,1.0
1724157153172212000,22,113.47,243.87,68.88,66.25,1,1,1.0
1724157153172212000,24,58.34,380.4,179.35999999999999,94.52000000000004,1,1,1.0
1724157153172212000,25,286.75,204.09,133.35000000000002,86.30999999999997,1,1,1.0
1724157153172212000,27,213.31,210.26,51.75,72.09000000000003,1,1,1.0
1724157153172212000,28,325.1,68.89,227.69999999999993,85.01,1,1,1.0
1724157153172212000,29,752.76,266.88,237.44000000000005,109.62,1,1,1.0
1724157153172212000,30,537.4,90.42,203.70000000000005,62.67999999999999,1,1,1.0
1724157153172212000,31,13.6,151.45,201.9,96.75,1,1,1.0
1724157153172212000,32,229.62,124.8,52.24000000000001,73.67999999999999,1,1,1.0
1724157153172212000,33,261.53,270.32,227.02000000000004,57.629999999999995,1,1,1.0
1724157153172212000,34,48.8,294.9,89.2,162.5,1,1,1.0
1724157153172212000,36,162.18,92.09,68.32,67.75,1,1,1.0
1724157153172212000,37,77.15,101.85,70.19999999999999,60.78,1,1,1.0
1724157153172212000,38,0.0,485.91,134.03,82.48999999999995,1,1,1.0
1724157153172212000,39,102.05,5.91,145.2,93.87,1,1,1.0
1724157153172212000,41,0.14,252.69,59.06,81.95999999999998,1,1,1.0
1724157153172212000,42,483.52,5.65,202.23000000000002,69.5,1,1,1.0
1724157153172212000,43,0.0,50.16,71.35,69.34,1,1,1.0
1724157153172212000,44,0.0,620.68,75.3,53.48000000000002,1,1,1.0
1724157153172212000,45,419.4,0.0,223.45000000000005,27.5,1,1,1.0
1724157153172212000,46,0.0,177.51,34.28,36.129999999999995,1,1,1.0
1724157153218388200,13,532.9,380.0,205.98000000000002,96.98000000000002,1,1,1.0
1724157153218388200,15,229.5,390.19,255.60000000000002,79.11000000000001,1,1,1.0
1724157153218388200,17,144.28,436.04,232.22,65.65999999999997,1,1,1.0
1724157153218388200,18,990.46,457.14,289.53999999999996,171.15999999999997,1,1,1.0
1724157153218388200,19,159.2,314.17,192.7,91.72999999999996,1,1,1.0
1724157153218388200,21,1175.03,438.8,104.97000000000003,91.30000000000001,1,1,1.0
1724157153218388200,22,110.59,236.22,72.96000000000001,70.85,1,1,1.0
1724157153218388200,24,59.57,379.5,183.03,89.5,1,1,1.0
1724157153218388200,25,286.48,201.31,140.37,89.74000000000001,1,1,1.0
1724157153218388200,27,216.9,210.1,50.78999999999999,72.97999999999999,1,1,1.0
1724157153218388200,28,342.8,67.7,235.09999999999997,82.39999999999999,1,1,1.0
1724157153218388200,29,767.49,273.02,250.30999999999995,118.18,1,1,1.0
1724157153218388200,30,565.92,90.29,213.48000000000002,68.61,1,1,1.0
1724157153218388200,31,30.99,149.8,185.91,88.6,1,1,1.0
1724157153218388200,32,230.86,124.31,50.97999999999996,72.41,1,1,1.0
1724157153218388200,33,265.66,270.05,230.83999999999997,56.349999999999966,1,1,1.0
1724157153218388200,34,47.3,294.0,94.50000000000001,160.89999999999998,1,1,1.0
1724157153218388200,36,163.37,91.59,66.26999999999998,67.19,1,1,1.0
1724157153218388200,37,83.72,98.53,68.75999999999999,61.06999999999999,1,1,1.0
1724157153218388200,38,0.0,484.66,140.8,83.29000000000002,1,1,1.0
1724157153218388200,39,102.77,4.68,146.76,94.0,1,1,1.0
1724157153218388200,41,0.85,251.27,57.58,83.78999999999999,1,1,1.0
1724157153218388200,42,491.05,3.77,201.74999999999994,71.63000000000001,1,1,1.0
1724157153218388200,43,0.0,46.38,74.13,72.27000000000001,1,1,1.0
1724157153218388200,44,0.0,610.88,65.82,49.139999999999986,1,1,1.0
1724157153218388200,45,451.11,0.0,223.44999999999993,30.45,1,1,1.0
1724157153218388200,46,0.0,170.86,46.3,46.53999999999999,1,1,1.0
1724157153297387300,13,535.56,382.87,210.58000000000004,98.30000000000001,1,1,1.0
1724157153297387300,15,229.04,384.14,264.56000000000006,84.25999999999999,1,1,1.0
1724157153297387300,17,155.69,434.99,231.26,72.31,1,1,1.0
1724157153297387300,18,1005.01,465.77,272.3499999999999,152.97000000000003,1,1,1.0
1724157153297387300,19,164.0,313.43,198.39999999999998,89.76999999999998,1,1,1.0
1724157153297387300,21,1194.23,449.77,85.76999999999998,97.43000000000006,1,1,1.0
1724157153297387300,22,110.58,231.91,72.71,71.77000000000001,1,1,1.0
1724157153297387300,24,63.6,389.45,176.3,80.65000000000003,1,1,1.0
1724157153297387300,25,281.75,197.88,158.02999999999997,92.14999999999998,1,1,1.0
1724157153297387300,27,227.88,213.57,46.75,70.88999999999999,1,1,1.0
1724157153297387300,28,352.93,68.4,236.27000000000004,81.19999999999999,1,1,1.0
1724157153297387300,29,784.58,277.66,252.58000000000004,124.28999999999996,1,1,1.0
1724157153297387300,30,581.1,93.26,206.19999999999993,68.54,1,1,1.0
1724157153297387300,31,37.38,144.93,194.32,96.95999999999998,1,1,1.0
1724157153297387300,32,233.34,123.32,48.46000000000001,69.88,1,1,1.0
1724157153297387300,33,271.84,267.92,230.36,57.68000000000001,1,1,1.0
1724157153297387300,34,46.3,288.41,90.11999999999999,148.78999999999996,1,1,1.0
1724157153297387300,36,165.74,90.6,62.17999999999998,66.07,1,1,1.0
1724157153297387300,37,92.31,90.15,71.84,66.01999999999998,1,1,1.0
1724157153297387300,38,0.0,482.17,154.33,84.88999999999993,1,1,1.0
1724157153297387300,39,104.2,2.22,149.89999999999998,94.28,1,1,1.0
1724157153297387300,41,1.29,249.03,60.62,87.84,1,1,1.0
1724157153297387300,42,506.12,0.0,200.77999999999997,75.9,1,1,1.0
1724157153297387300,43,0.61,41.45,77.74,76.67999999999999,1,1,1.0
1724157153297387300,44,0.0,604.21,58.2,54.99000000000001,1,1,1.0
1724157153297387300,45,470.28,0.0,225.62,33.4,1,1,1.0
1724157153297387300,46,0.0,168.07,51.33,52.93000000000001,1,1,1.0
1724157153340779600,13,546.85,390.5,217.25,101.89999999999998,1,1,1.0
1724157153340779600,15,236.97,379.84,264.33000000000004,90.46000000000004,1,1,1.0
1724157153340779600,17,161.4,434.46,230.78,75.64000000000004,1,1,1.0
1724157153340779600,18,1046.12,490.07,233.8800000000001,138.63000000000005,1,1,1.0
1724157153340779600,19,171.79,313.37,195.81000000000003,89.46999999999997,1,1,1.0
1724157153340779600,21,1230.56,461.43,49.440000000000055,52.170000000000016,1,1,1.0
1724157153340779600,22,109.7,226.44,77.77999999999999,77.10000000000002,1,1,1.0
1724157153340779600,24,68.92,376.48,166.27999999999997,90.75,1,1,1.0
1724157153340779600,25,277.3,197.24,168.64999999999998,91.11000000000001,1,1,1.0
1724157153340779600,27,220.1,200.0,57.82000000000002,91.45999999999998,1,1,1.0
1724157153340779600,28,374.51,67.64,236.89,87.76,1,1,1.0
1724157153340779600,29,818.29,279.75,256.21000000000004,139.95,1,1,1.0
1724157153340779600,30,608.57,95.33,214.03999999999996,74.36,1,1,1.0
1724157153340779600,31,40.03,143.57,199.57,96.97,1,1,1.0
1724157153340779600,32,237.2,126.4,52.53000000000003,70.97,1,1,1.0
1724157153340779600,33,281.02,266.77,232.58000000000004,61.129999999999995,1,1,1.0
1724157153340779600,34,41.0,288.9,101.0,145.90000000000003,1,1,1.0
1724157153340779600,36,166.93,90.1,60.129999999999995,65.51000000000002,1,1,1.0
1724157153340779600,37,90.78,90.92,73.68,65.67999999999999,1,1,1.0
1724157153340779600,38,0.0,480.93,161.1,85.68,1,1,1.0
1724157153340779600,39,102.95,3.28,149.33999999999997,94.55,1,1,1.0
1724157153340779600,41,3.86,248.6,60.11,85.65,1,1,1.0
1724157153340779600,42,514.28,1.4,200.75,75.78999999999999,1,1,1.0
1724157153340779600,43,1.21,40.3,78.59,78.15,1,1,1.0
1724157153340779600,44,0.0,592.3,39.9,61.15000000000009,1,1,1.0
1724157153340779600,45,484.3,0.0,241.83999999999997,37.82,1,1,1.0
1724157153340779600,46,0.0,163.47,72.35,61.19999999999999,1,1,1.0
1724157153371408100,13,558.43,398.14,210.23000000000002,97.48000000000002,1,1,1.0
1724157153371408100,15,235.64,378.46,270.56,94.64000000000004,1,1,1.0
1724157153371408100,17,167.11,433.93,230.28999999999996,78.96999999999997,1,1,1.0
1724157153371408100,18,1063.92,497.89,216.07999999999993,128.81000000000006,1,1,1.0
1724157153371408100,19,179.58,313.31,191.11999999999998,89.17000000000002,1,1,1.0
1724157153371408100,22,108.93,224.18,79.53,79.30000000000001,1,1,1.0
1724157153371408100,24,72.79,378.65,166.87,93.39000000000004,1,1,1.0
1724157153371408100,25,272.85,196.59,179.27999999999997,90.09,1,1,1.0
1724157153371408100,27,225.12,208.78,53.089999999999975,82.35,1,1,1.0
1724157153371408100,28,396.1,66.89,225.39999999999998,94.41000000000001,1,1,1.0
1724157153371408100,29,832.89,284.86,258.86,146.01999999999998,1,1,1.0
1724157153371408100,30,622.85,94.6,210.36,77.67000000000002,1,1,1.0
1724157153371408100,31,42.68,142.2,204.82,97.0,1,1,1.0
1724157153371408100,32,235.39,126.99,53.410000000000025,71.10000000000001,1,1,1.0
1724157153371408100,33,290.21,265.62,228.54000000000002,63.68000000000001,1,1,1.0
1724157153371408100,34,32.7,294.19,100.16000000000001,138.41000000000003,1,1,1.0
1724157153371408100,36,168.11,89.6,58.089999999999975,64.96000000000001,1,1,1.0
1724157153371408100,37,89.26,91.7,75.49999999999999,65.33999999999999,1,1,1.0
1724157153371408100,38,0.0,482.56,160.98,87.99999999999994,1,1,1.0
1724157153371408100,39,101.71,4.34,148.76999999999998,94.83,1,1,1.0
1724157153371408100,41,5.31,248.71,60.25999999999999,84.24999999999997,1,1,1.0
1724157153371408100,42,522.44,2.8,200.7199999999999,75.68,1,1,1.0
1724157153371408100,43,1.82,39.15,79.43,79.63,1,1,1.0
1724157153371408100,44,0.0,592.3,23.8,61.15000000000009,1,1,1.0
1724157153371408100,45,495.4,0.0,258.80000000000007,45.2,1,1,1.0
1724157153371408100,46,0.0,158.86,93.38,69.47,1,1,1.0
1724157153415663300,13,570.38,401.47,213.72000000000003,99.02999999999997,1,1,1.0
1724157153415663300,15,249.54,382.02,261.65999999999997,92.91000000000003,1,1,1.0
1724157153415663300,17,171.82,434.76,227.95,81.07000000000005,1,1,1.0
1724157153415663300,18,1089.9,502.04,187.01,125.12999999999994,1,1,1.0
1724157153415663300,19,187.37,313.26,186.43,88.86000000000001,1,1,1.0
1724157153415663300,22,110.17,222.53,80.08999999999999,80.41999999999999,1,1,1.0
1724157153415663300,24,72.1,381.66,173.78,89.83999999999997,1,1,1.0
1724157153415663300,25,268.4,195.94,189.90000000000003,89.06,1,1,1.0
1724157153415663300,27,222.26,209.29,54.44999999999999,83.72999999999999,1,1,1.0
1724157153415663300,28,405.49,70.29,229.11,91.51,1,1,1.0
1724157153415663300,29,847.5,289.97,261.5,152.07999999999998,1,1,1.0
1724157153415663300,30,635.03,94.88,212.87,83.22,1,1,1.0
1724157153415663300,31,45.33,144.04,209.87,89.86000000000001,1,1,1.0
1724157153415663300,32,233.58,127.58,54.29999999999998,71.24,1,1,1.0
1724157153415663300,33,299.39,264.47,224.51,66.22999999999996,1,1,1.0
1724157153415663300,34,32.9,292.53,99.93,137.37,1,1,1.0
1724157153415663300,36,169.3,89.1,56.79999999999998,64.4,1,1,1.0
1724157153415663300,37,87.73,92.47,77.33999999999999,65.0,1,1,1.0
1724157153415663300,38,0.0,484.2,160.86,90.31,1,1,1.0
1724157153415663300,39,100.47,5.41,148.2,95.09,1,1,1.0
1724157153415663300,41,6.13,249.97,60.699999999999996,83.17999999999998,1,1,1.0
1724157153415663300,42,530.6,4.2,200.68999999999994,75.57,1,1,1.0
1724157153415663300,43,2.43,38.01,80.27,81.09,1,1,1.0
1724157153415663300,45,510.1,0.0,252.16999999999996,48.15,1,1,1.0
1724157153415663300,46,0.0,154.26,114.4,77.74000000000001,1,1,1.0
1724157153460520600,13,583.88,407.16,214.04999999999995,99.09999999999997,1,1,1.0
1724157153460520600,15,259.33,386.41,254.37000000000006,91.00999999999999,1,1,1.0
1724157153460520600,17,176.53,435.6,225.6,83.16999999999996,1,1,1.0
1724157153460520600,18,1106.35,509.58,173.6500000000001,114.82,1,1,1.0
1724157153460520600,19,189.08,314.64,187.39000000000001,85.88,1,1,1.0
1724157153460520600,22,112.19,222.28,78.44,79.15,1,1,1.0
1724157153460520600,24,72.0,382.53,179.58,90.07000000000005,1,1,1.0
1724157153460520600,25,263.4,197.62,197.70000000000005,86.77999999999997,1,1,1.0
1724157153460520600,27,219.4,209.8,55.809999999999974,85.12,1,1,1.0
1724157153460520600,28,412.25,74.0,230.85000000000002,92.69999999999999,1,1,1.0
1724157153460520600,29,862.1,295.08,264.15,158.15000000000003,1,1,1.0
1724157153460520600,30,650.42,97.62,213.38,89.78,1,1,1.0
1724157153460520600,31,48.7,144.97,202.3,86.28,1,1,1.0
1724157153460520600,32,231.78,128.17,55.16999999999999,71.38000000000002,1,1,1.0
1724157153460520600,33,300.25,267.34,227.38,66.73000000000002,1,1,1.0
1724157153460520600,34,23.8,293.18,109.97000000000001,135.82,1,1,1.0
1724157153460520600,36,170.31,90.13,59.620000000000005,61.03999999999999,1,1,1.0
1724157153460520600,37,86.2,93.24,79.17,64.66000000000001,1,1,1.0
1724157153460520600,38,0.0,485.83,160.74,92.64000000000004,1,1,1.0
1724157153460520600,39,99.22,6.47,147.64000000000001,95.36,1,1,1.0
1724157153460520600,41,5.86,250.79,61.989999999999995,83.52000000000001,1,1,1.0
1724157153460520600,42,537.84,0.45,203.95999999999992,80.45,1,1,1.0
1724157153460520600,43,2.34,40.03,79.25,80.25,1,1,1.0
1724157153460520600,45,510.6,0.0,273.29999999999995,57.9,1,1,1.0
1724157153460520600,46,0.0,150.97,129.25,83.68,1,1,1.0
1724157153491078100,13,591.51,406.45,227.72000000000003,106.26000000000005,1,1,1.0
1724157153491078100,15,260.52,386.45,269.74,94.92000000000002,1,1,1.0
1724157153491078100,17,181.24,436.43,223.26,85.27000000000004,1,1,1.0
1724157153491078100,18,1127.61,517.81,152.3900000000001,96.99000000000001,1,1,1.0
1724157153491078100,19,190.78,316.03,188.35,82.88000000000005,1,1,1.0
1724157153491078100,22,116.86,225.5,75.2,74.48000000000002,1,1,1.0
1724157153491078100,24,70.73,387.6,190.41999999999996,83.87,1,1,1.0
1724157153491078100,25,258.4,199.29,205.5,84.51000000000002,1,1,1.0
1724157153491078100,27,221.4,207.9,53.24999999999997,86.48999999999998,1,1,1.0
1724157153491078100,28,422.15,80.65,229.72000000000003,88.62,1,1,1.0
1724157153491078100,29,876.7,300.18,266.79999999999995,164.21999999999997,1,1,1.0
1724157153491078100,30,662.0,99.65,213.77999999999997,94.0,1,1,1.0
1724157153491078100,31,52.08,145.91,205.32,82.69,1,1,1.0
1724157153491078100,32,229.97,128.76,56.059999999999974,71.51000000000002,1,1,1.0
1724157153491078100,33,301.1,270.2,230.26999999999998,67.23000000000002,1,1,1.0
1724157153491078100,34,19.4,292.11,113.1,140.89,1,1,1.0
1724157153491078100,36,170.5,92.13,57.68000000000001,62.97,1,1,1.0
1724157153491078100,37,80.34,94.19,81.44999999999999,65.61000000000001,1,1,1.0
1724157153491078100,38,0.0,487.46,160.62,94.95999999999998,1,1,1.0
1724157153491078100,39,97.98,7.53,147.06,95.64,1,1,1.0
1724157153491078100,41,6.32,252.43,62.15,82.07999999999998,1,1,1.0
1724157153491078100,42,542.58,5.92,203.39,77.01,1,1,1.0
1724157153491078100,43,2.26,42.05,78.22,79.4,1,1,1.0
1724157153491078100,45,523.8,0.0,275.2700000000001,64.58,1,1,1.0
1724157153491078100,46,0.0,147.68,144.1,89.62,1,1,1.0
1724157153537350800,13,602.55,406.68,224.35000000000002,104.82,1,1,1.0
1724157153537350800,15,262.24,389.37,266.96000000000004,95.04000000000002,1,1,1.0
1724157153537350800,17,183.81,436.59,224.39,87.51000000000005,1,1,1.0
1724157153537350800,18,1146.8,525.35,133.20000000000005,90.85000000000002,1,1,1.0
1724157153537350800,19,192.48,317.42,189.32000000000002,79.88,1,1,1.0
1724157153537350800,22,117.04,228.6,72.24,71.39000000000001,1,1,1.0
1724157153537350800,24,69.2,385.16,188.52000000000004,93.73999999999995,1,1,1.0
1724157153537350800,25,253.4,200.97,213.29999999999998,82.22999999999999,1,1,1.0
1724157153537350800,27,218.43,207.35,54.71999999999997,88.91999999999999,1,1,1.0
1724157153537350800,28,432.06,87.3,228.57,84.53000000000002,1,1,1.0
1724157153537350800,29,886.63,306.46,273.69999999999993,168.83000000000004,1,1,1.0
1724157153537350800,30,673.58,101.69,214.16999999999996,98.21000000000001,1,1,1.0
1724157153537350800,31,64.47,149.13,196.83,72.87,1,1,1.0
1724157153537350800,32,228.16,129.34,56.940000000000026,71.66,1,1,1.0
1724157153537350800,33,301.96,273.06,233.14000000000004,67.74000000000001,1,1,1.0
1724157153537350800,34,9.3,293.45,119.39999999999999,140.95,1,1,1.0
1724157153537350800,36,168.66,98.88,55.72999999999999,58.00999999999999,1,1,1.0
1724157153537350800,37,74.48,95.14,83.71999999999998,66.55999999999999,1,1,1.0
1724157153537350800,38,0.0,489.1,160.5,97.26999999999998,1,1,1.0
1724157153537350800,39,96.73,8.59,146.5,95.91,1,1,1.0
1724157153537350800,41,3.67,254.44,62.739999999999995,82.57999999999998,1,1,1.0
1724157153537350800,42,547.31,11.39,202.82000000000005,73.58,1,1,1.0
1724157153537350800,43,2.17,44.07,77.21,78.56,1,1,1.0
1724157153537350800,45,537.0,0.0,277.25,71.25,1,1,1.0
1724157153537350800,46,0.0,144.39,158.95,95.56,1,1,1.0
1724157153570125300,13,608.64,406.58,238.23000000000002,113.06,1,1,1.0
1724157153570125300,15,264.3,389.1,269.28000000000003,97.23999999999995,1,1,1.0
1724157153570125300,17,186.37,436.75,225.52999999999997,89.75,1,1,1.0
1724157153570125300,18,1169.43,533.58,110.56999999999994,73.71999999999991,1,1,1.0
1724157153570125300,19,187.96,318.68,196.59,78.21999999999997,1,1,1.0
1724157153570125300,22,116.9,237.6,69.82999999999998,63.77000000000001,1,1,1.0
1724157153570125300,24,70.3,386.31,186.83999999999997,92.58999999999997,1,1,1.0
1724157153570125300,25,248.4,202.64,221.1,79.96000000000004,1,1,1.0
1724157153570125300,27,215.45,206.8,56.210000000000036,91.34999999999997,1,1,1.0
1724157153570125300,28,441.96,93.94,227.44,80.46000000000001,1,1,1.0
1724157153570125300,29,896.55,312.73,280.6100000000001,173.45,1,1,1.0
1724157153570125300,30,685.16,103.72,214.57000000000005,102.43,1,1,1.0
1724157153570125300,31,63.04,149.47,203.91,76.63,1,1,1.0
1724157153570125300,32,229.27,133.44,46.099999999999994,62.97999999999999,1,1,1.0
1724157153570125300,33,313.96,280.5,222.74000000000007,63.60000000000002,1,1,1.0
1724157153570125300,34,12.5,294.74,116.75999999999999,145.56,1,1,1.0
1724157153570125300,36,165.22,95.91,56.650000000000006,59.31999999999999,1,1,1.0
1724157153570125300,37,68.62,96.08,86.0,67.52,1,1,1.0
1724157153570125300,38,0.0,490.8,163.33,96.25999999999993,1,1,1.0
1724157153570125300,39,95.49,9.66,145.93,96.17,1,1,1.0
1724157153570125300,41,1.04,255.5,63.330000000000005,83.76999999999998,1,1,1.0
1724157153570125300,42,552.04,16.87,202.26,70.13,1,1,1.0
1724157153570125300,43,2.09,46.09,76.17999999999999,77.72,1,1,1.0
1724157153570125300,45,550.2,0.0,279.2199999999999,77.93,1,1,1.0
1724157153570125300,46,0.0,141.1,173.8,101.5,1,1,1.0
1724157153614691600,13,628.02,411.62,229.18000000000006,111.77999999999997,1,1,1.0
1724157153614691600,15,270.09,391.46,265.28000000000003,96.87,1,1,1.0
1724157153614691600,17,188.93,436.91,226.67000000000002,91.98999999999995,1,1,1.0
1724157153614691600,18,1192.74,538.38,87.25999999999999,64.12,1,1,1.0
1724157153614691600,19,183.44,319.95,203.86,76.55000000000001,1,1,1.0
1724157153614691600,22,118.28,239.3,65.56,63.079999999999984,1,1,1.0
1724157153614691600,24,71.61,389.81,186.0,99.57999999999998,1,1,1.0
1724157153614691600,25,249.97,203.71,222.58,77.67999999999998,1,1,1.0
1724157153614691600,27,212.48,206.24,57.690000000000026,93.78999999999996,1,1,1.0
1724157153614691600,28,458.14,97.05,225.78999999999996,80.08,1,1,1.0
1724157153614691600,29,910.59,327.23,287.5099999999999,178.07,1,1,1.0
1724157153614691600,30,696.74,105.75,214.96000000000004,106.65,1,1,1.0
1724157153614691600,31,61.61,149.81,210.99,80.38999999999999,1,1,1.0
1724157153614691600,32,227.0,136.33,56.0,70.57,1,1,1.0
1724157153614691600,33,318.82,282.93,221.97999999999996,62.599999999999966,1,1,1.0
1724157153614691600,34,4.6,296.43,123.15,151.37,1,1,1.0
1724157153614691600,36,157.45,95.72,62.45000000000002,66.18,1,1,1.0
1724157153614691600,37,62.76,97.03,88.27000000000001,68.47,1,1,1.0
1724157153614691600,38,0.0,492.51,166.15,95.24000000000001,1,1,1.0
1724157153614691600,39,94.24,10.72,145.37,96.45,1,1,1.0
1724157153614691600,41,0.0,256.57,62.81,84.79000000000002,1,1,1.0
1724157153614691600,42,556.44,13.86,202.90999999999997,75.84,1,1,1.0
1724157153614691600,43,2.0,48.11,75.16,76.88,1,1,1.0
1724157153614691600,45,486.1,0.0,358.28,84.82,1,1,1.0
1724157153614691600,46,0.0,142.14,189.73,104.81,1,1,1.0
1724157153661738700,13,641.1,416.0,226.60000000000002,111.0,1,1,1.0
1724157153661738700,15,276.25,395.22,257.64,94.88,1,1,1.0
1724157153661738700,17,195.71,437.11,225.02,94.41999999999996,1,1,1.0
1724157153661738700,18,1214.68,545.24,65.31999999999994,59.960000000000036,1,1,1.0
1724157153661738700,19,178.92,321.21,211.13000000000002,74.89000000000004,1,1,1.0
1724157153661738700,22,121.6,244.1,63.53,59.97999999999999,1,1,1.0
1724157153661738700,24,63.0,392.57,194.63,92.53000000000003,1,1,1.0
1724157153661738700,25,251.55,204.77,224.05,75.41,1,1,1.0
1724157153661738700,27,209.5,205.69,59.170000000000016,96.22000000000003,1,1,1.0
1724157153661738700,28,474.32,100.15,224.15000000000003,79.72,1,1,1.0
1724157153661738700,29,920.54,328.02,294.9200000000001,182.10000000000002,1,1,1.0
1724157153661738700,30,714.43,116.21,203.47000000000003,102.79,1,1,1.0
1724157153661738700,31,56.58,157.33,204.52000000000004,71.86999999999998,1,1,1.0
1724157153661738700,32,215.58,136.37,64.52000000000001,71.22999999999999,1,1,1.0
1724157153661738700,33,323.68,285.36,221.21999999999997,61.610000000000014,1,1,1.0
1724157153661738700,34,0.9,298.19,126.75,142.11,1,1,1.0
1724157153661738700,36,150.82,95.36,66.39000000000001,71.25000000000001,1,1,1.0
1724157153661738700,37,56.9,97.98,90.54999999999998,69.42,1,1,1.0
1724157153661738700,38,0.0,494.21,168.98,94.23000000000008,1,1,1.0
1724157153661738700,39,93.0,11.78,144.8,96.72,1,1,1.0
1724157153661738700,41,0.0,258.19,60.9,83.95999999999998,1,1,1.0
1724157153661738700,42,560.84,10.86,203.55999999999995,81.54,1,1,1.0
1724157153661738700,43,0.0,49.94,75.46,81.28999999999999,1,1,1.0
1724157153661738700,45,492.7,0.0,366.64000000000004,91.71,1,1,1.0
1724157153661738700,46,0.0,143.19,205.65,108.11000000000001,1,1,1.0
1724157153689907400,13,653.8,417.9,225.0,113.5,1,1,1.0
1724157153689907400,15,286.7,404.15,242.06,88.85000000000002,1,1,1.0
1724157153689907400,17,202.49,437.31,223.38,96.85999999999996,1,1,1.0
1724157153689907400,18,1235.93,552.09,44.069999999999936,58.610000000000014,1,1,1.0
1724157153689907400,19,174.4,322.48,218.4,73.21999999999997,1,1,1.0
1724157153689907400,22,129.57,246.0,55.73000000000002,59.01999999999998,1,1,1.0
1724157153689907400,24,66.38,393.85,191.64,102.87,1,1,1.0
1724157153689907400,25,253.12,205.84,225.52999999999997,73.13000000000002,1,1,1.0
1724157153689907400,27,214.41,210.2,48.16999999999999,89.10000000000002,1,1,1.0
1724157153689907400,28,490.5,103.26,222.5,79.33999999999999,1,1,1.0
1724157153689907400,29,940.08,341.14,302.34000000000003,186.14,1,1,1.0
1724157153689907400,30,726.45,121.03,208.51999999999998,105.77000000000001,1,1,1.0
1724157153689907400,31,61.39,157.35,180.51,69.65,1,1,1.0
1724157153689907400,32,213.45,137.06,67.05000000000001,71.49000000000001,1,1,1.0
1724157153689907400,33,328.53,287.78,220.47000000000003,60.620000000000005,1,1,1.0
1724157153689907400,34,3.1,301.13,124.74000000000001,142.57,1,1,1.0
1724157153689907400,36,149.33,96.06,66.38999999999999,72.21000000000001,1,1,1.0
1724157153689907400,37,53.05,101.41,94.39,66.14000000000001,1,1,1.0
1724157153689907400,38,0.0,495.92,171.8,93.20999999999998,1,1,1.0
1724157153689907400,39,92.23,12.77,145.02999999999997,95.81,1,1,1.0
1724157153689907400,41,0.0,260.63,59.37,83.30000000000001,1,1,1.0
1724157153689907400,42,567.61,17.34,194.68999999999994,75.96,1,1,1.0
1724157153689907400,43,0.0,52.74,74.61,82.22,1,1,1.0
1724157153689907400,45,504.9,0.0,369.4,98.6,1,1,1.0
1724157153689907400,46,0.0,144.24,221.58,111.41,1,1,1.0
1724157153735928100,13,662.86,427.64,238.80999999999995,115.10000000000002,1,1,1.0
1724157153735928100,15,288.01,407.69,250.03999999999996,92.17000000000002,1,1,1.0
1724157153735928100,17,209.27,437.5,221.73,99.29999999999995,1,1,1.0
1724157153735928100,19,174.4,325.05,222.9,66.44999999999999,1,1,1.0
1724157153735928100,22,130.47,258.4,55.78,47.55000000000001,1,1,1.0
1724157153735928100,24,61.65,391.78,201.4,108.47000000000003,1,1,1.0
1724157153735928100,25,254.69,206.9,227.01,70.85999999999999,1,1,1.0
1724157153735928100,27,215.64,222.13,48.170000000000016,76.38999999999999,1,1,1.0
1724157153735928100,28,509.24,111.14,229.46000000000004,81.36,1,1,1.0
1724157153735928100,29,970.25,356.33,309.75,190.17000000000002,1,1,1.0
1724157153735928100,30,738.46,125.85,213.56999999999994,108.75,1,1,1.0
1724157153735928100,31,55.6,159.8,158.23000000000002,65.69,1,1,1.0
1724157153735928100,32,211.32,137.74,69.57999999999998,71.75999999999999,1,1,1.0
1724157153735928100,33,335.3,287.81,218.27000000000004,61.79000000000002,1,1,1.0
1724157153735928100,34,3.4,304.16,124.69999999999999,146.83999999999997,1,1,1.0
1724157153735928100,36,153.09,97.51,61.50999999999999,71.68999999999998,1,1,1.0
1724157153735928100,37,49.2,104.84,98.23,62.859999999999985,1,1,1.0
1724157153735928100,38,0.0,497.62,174.63,92.21000000000004,1,1,1.0
1724157153735928100,39,91.45,13.76,145.26999999999998,94.91,1,1,1.0
1724157153735928100,41,0.0,261.75,56.99,81.80000000000001,1,1,1.0
1724157153735928100,42,574.38,23.82,185.82000000000005,70.38,1,1,1.0
1724157153735928100,43,0.24,53.83,74.54,79.47000000000001,1,1,1.0
1724157153735928100,45,546.7,0.0,349.75,108.45,1,1,1.0
1724157153735928100,46,0.0,145.29,237.5,114.71000000000001,1,1,1.0
1724157153782080300,13,673.84,433.38,239.2199999999999,114.46000000000004,1,1,1.0
1724157153782080300,15,287.45,410.2,256.51000000000005,95.13,1,1,1.0
1724157153782080300,17,210.72,438.18,222.71,101.15000000000003,1,1,1.0
1724157153782080300,19,171.8,327.99,228.7,56.81,1,1,1.0
1724157153782080300,22,130.47,259.4,51.53,46.55000000000001,1,1,1.0
1724157153782080300,24,64.63,394.23,195.51999999999998,104.74000000000001,1,1,1.0
1724157153782080300,25,256.65,206.9,227.48000000000002,69.77000000000001,1,1,1.0
1724157153782080300,27,213.98,225.4,48.22999999999999,74.53,1,1,1.0
1724157153782080300,28,514.62,114.02,232.92999999999995,80.86,1,1,1.0
1724157153782080300,29,979.87,359.81,300.13,193.89000000000004,1,1,1.0
1724157153782080300,30,750.48,130.67,218.62,111.73000000000002,1,1,1.0
1724157153782080300,31,63.83,159.66,139.67000000000002,64.97,1,1,1.0
1724157153782080300,32,209.19,138.43,72.11000000000001,72.01999999999998,1,1,1.0
1724157153782080300,33,342.07,287.84,216.06,62.960000000000036,1,1,1.0
1724157153782080300,34,0.0,305.96,128.2,145.14000000000004,1,1,1.0
1724157153782080300,36,157.34,98.67,54.97999999999999,61.17,1,1,1.0
1724157153782080300,37,47.0,108.27,99.69,59.58,1,1,1.0
1724157153782080300,38,0.0,499.33,177.45,91.19,1,1,1.0
1724157153782080300,39,90.68,14.75,145.5,94.0,1,1,1.0
1724157153782080300,41,0.0,262.27,55.45,81.05000000000001,1,1,1.0
1724157153782080300,42,578.46,25.5,182.74,69.9,1,1,1.0
1724157153782080300,43,0.47,54.92,74.49,76.71,1,1,1.0
1724157153782080300,45,573.83,0.0,344.77,118.3,1,1,1.0
1724157153782080300,46,0.0,149.07,243.7,112.82999999999998,1,1,1.0
1724157153857586900,13,680.0,446.84,259.08000000000004,113.82999999999998,1,1,1.0
1724157153857586900,15,296.22,414.79,249.30999999999995,93.20999999999998,1,1,1.0
1724157153857586900,17,213.63,439.53,224.67000000000002,104.87,1,1,1.0
1724157153857586900,19,172.2,331.12,230.40000000000003,57.48000000000002,1,1,1.0
1724157153857586900,22,127.7,265.8,53.999999999999986,39.80000000000001,1,1,1.0
1724157153857586900,24,63.92,395.11,195.87,104.25,1,1,1.0
1724157153857586900,25,260.58,206.9,228.40000000000003,67.58000000000001,1,1,1.0
1724157153857586900,27,210.66,262.8,48.349999999999994,39.94999999999999,1,1,1.0
1724157153857586900,28,525.38,119.78,239.87,79.84,1,1,1.0
1724157153857586900,29,1003.9,368.86,276.1,199.25,1,1,1.0
1724157153857586900,30,775.86,140.89,212.51999999999998,109.07000000000002,1,1,1.0
1724157153857586900,31,62.6,159.38,137.1,49.72,1,1,1.0
1724157153857586900,32,203.73,140.41,75.97,70.09,1,1,1.0
1724157153857586900,33,357.03,288.74,213.30000000000007,65.13,1,1,1.0
1724157153857586900,34,1.04,306.56,128.3,142.16000000000003,1,1,1.0
1724157153857586900,36,162.06,101.32,50.75,57.5,1,1,1.0
1724157153857586900,37,49.8,113.17,89.67,57.040000000000006,1,1,1.0
1724157153857586900,38,0.0,502.74,183.1,89.15999999999997,1,1,1.0
1724157153857586900,39,89.13,16.73,145.97,92.19,1,1,1.0
1724157153857586900,41,0.0,263.89,54.42,79.62,1,1,1.0
1724157153857586900,42,584.29,20.59,185.81000000000006,77.11,1,1,1.0
1724157153857586900,43,0.95,57.1,74.35,71.20000000000002,1,1,1.0
1724157153857586900,45,587.2,0.0,350.3499999999999,125.2,1,1,1.0
1724157153857586900,46,0.0,156.62,261.1,110.68,1,1,1.0
1724157153891712300,13,690.71,449.99,257.28999999999996,110.40999999999997,1,1,1.0
1724157153891712300,15,311.6,418.87,236.10000000000002,93.73000000000002,1,1,1.0
1724157153891712300,17,219.45,441.58,222.18,105.69999999999999,1,1,1.0
1724157153891712300,19,179.1,333.13,220.79999999999998,57.76999999999998,1,1,1.0
1724157153891712300,22,129.82,269.3,51.379999999999995,37.80000000000001,1,1,1.0
1724157153891712300,24,63.52,395.86,197.4,105.16999999999996,1,1,1.0
1724157153891712300,25,262.54,206.9,228.85999999999996,66.47999999999999,1,1,1.0
1724157153891712300,27,211.88,268.9,48.420000000000016,46.0,1,1,1.0
1724157153891712300,28,530.76,122.66,243.34000000000003,79.34,1,1,1.0
1724157153891712300,29,1018.3,374.43,261.70000000000005,200.87999999999994,1,1,1.0
1724157153891712300,30,789.22,146.28,216.43999999999994,110.53999999999999,1,1,1.0
1724157153891712300,31,72.31,159.23,125.09,45.97,1,1,1.0
1724157153891712300,32,208.77,145.26,71.72999999999999,66.34,1,1,1.0
1724157153891712300,33,365.23,289.62,212.74,66.11000000000001,1,1,1.0
1724157153891712300,34,0.78,306.53,128.81,139.41000000000003,1,1,1.0
1724157153891712300,36,161.51,102.45,52.09,58.80999999999999,1,1,1.0
1724157153891712300,37,49.5,112.93,92.63,59.75,1,1,1.0
1724157153891712300,38,0.0,504.44,193.5,91.88000000000005,1,1,1.0
1724157153891712300,39,88.36,17.72,149.83999999999997,91.28,1,1,1.0
1724157153891712300,41,0.0,264.46,54.72,79.34000000000003,1,1,1.0
1724157153891712300,42,589.61,23.48,185.89,76.42,1,1,1.0
1724157153891712300,43,0.92,58.57,73.42,69.74000000000001,1,1,1.0
1724157153891712300,45,608.3,0.0,349.20000000000005,133.1,1,1,1.0
1724157153891712300,46,0.0,160.4,280.4,110.1,1,1,1.0
1724157153943152200,13,718.84,460.31,246.26,113.19999999999999,1,1,1.0
1724157153943152200,15,318.51,427.2,234.40999999999997,87.77000000000004,1,1,1.0
1724157153943152200,17,225.27,443.63,219.67999999999998,106.51999999999998,1,1,1.0
1724157153943152200,19,186.0,335.13,232.5,49.170000000000016,1,1,1.0
1724157153943152200,22,131.94,272.2,53.31999999999999,36.05000000000001,1,1,1.0
1724157153943152200,24,69.16,393.13,193.95000000000002,102.72000000000003,1,1,1.0
1724157153943152200,25,304.7,208.04,193.90000000000003,62.71000000000001,1,1,1.0
1724157153943152200,27,216.6,267.27,41.940000000000026,48.43000000000001,1,1,1.0
1724157153943152200,28,560.79,127.88,244.41000000000008,79.12,1,1,1.0
1724157153943152200,29,1027.92,381.88,252.07999999999993,194.34000000000003,1,1,1.0
1724157153943152200,30,802.58,151.68,220.36,112.0,1,1,1.0
1724157153943152200,31,0.0,159.24,206.81,91.75999999999999,1,1,1.0
1724157153943152200,32,208.55,146.14,72.0,66.31,1,1,1.0
1724157153943152200,33,373.42,290.5,212.18,67.10000000000002,1,1,1.0
1724157153943152200,34,0.52,306.49,129.32,136.67000000000002,1,1,1.0
1724157153943152200,36,161.74,103.48,52.54999999999998,58.89,1,1,1.0
1724157153943152200,37,44.8,112.69,98.10000000000001,61.31,1,1,1.0
1724157153943152200,38,0.0,503.23,193.35,90.18999999999994,1,1,1.0
1724157153943152200,39,90.97,20.45,148.63,94.6,1,1,1.0
1724157153943152200,41,0.0,264.44,56.62,85.13999999999999,1,1,1.0
1724157153943152200,42,603.13,25.88,161.26999999999998,71.52000000000001,1,1,1.0
1724157153943152200,43,0.9,60.04,72.47999999999999,68.29000000000002,1,1,1.0
1724157153943152200,45,649.4,0.0,346.9,146.1,1,1,1.0
1724157153943152200,46,0.0,167.27,317.7,108.62999999999997,1,1,1.0
1724157153981471900,13,732.64,463.53,268.46000000000004,119.76999999999998,1,1,1.0
1724157153981471900,15,327.66,430.96,229.31,85.69,1,1,1.0
1724157153981471900,17,231.09,445.67,217.18999999999997,107.35999999999996,1,1,1.0
1724157153981471900,19,192.9,337.14,222.6,41.960000000000036,1,1,1.0
1724157153981471900,22,134.06,269.53,55.25,35.07000000000005,1,1,1.0
1724157153981471900,24,69.72,390.79,201.38000000000002,101.20999999999998,1,1,1.0
1724157153981471900,25,327.9,213.8,173.27000000000004,58.93000000000001,1,1,1.0
1724157153981471900,27,222.2,275.9,34.579999999999984,40.610000000000014,1,1,1.0
1724157153981471900,28,576.92,129.6,243.38,80.87,1,1,1.0
1724157153981471900,29,1037.55,389.34,242.45000000000005,187.8,1,1,1.0
1724157153981471900,30,815.94,157.07,224.27999999999997,113.47000000000003,1,1,1.0
1724157153981471900,31,0.0,172.4,206.6,79.4,1,1,1.0
1724157153981471900,32,208.34,147.02,72.26000000000002,66.28,1,1,1.0
1724157153981471900,33,379.54,290.09,209.19,68.71000000000004,1,1,1.0
1724157153981471900,34,0.26,306.45,129.82000000000002,133.93,1,1,1.0
1724157153981471900,36,163.32,104.63,54.70000000000002,60.81999999999999,1,1,1.0
1724157153981471900,37,43.3,112.58,103.63000000000001,63.540000000000006,1,1,1.0
1724157153981471900,38,0.0,502.01,193.2,88.5,1,1,1.0
1724157153981471900,39,90.82,19.66,150.78,95.94,1,1,1.0
1724157153981471900,41,0.0,266.55,56.65,89.07999999999998,1,1,1.0
1724157153981471900,42,610.05,28.73,167.05000000000007,70.47,1,1,1.0
1724157153981471900,43,0.87,61.51,71.55,66.83000000000001,1,1,1.0
1724157153981471900,45,671.3,0.0,343.25,153.11,1,1,1.0
1724157153981471900,46,0.0,165.99,336.35,112.33999999999997,1,1,1.0
1724157154010161800,13,740.4,469.99,275.20000000000005,119.90999999999997,1,1,1.0
1724157154010161800,15,336.43,432.75,232.68,87.47000000000003,1,1,1.0
1724157154010161800,17,236.9,447.72,214.70000000000002,108.17999999999995,1,1,1.0
1724157154010161800,19,199.8,338.07,221.59999999999997,40.73000000000002,1,1,1.0
1724157154010161800,22,123.89,265.33,57.19000000000001,39.25999999999999,1,1,1.0
1724157154010161800,24,72.32,390.83,201.36,102.87,1,1,1.0
1724157154010161800,25,328.6,208.95,170.32,58.99000000000001,1,1,1.0
1724157154010161800,27,218.85,279.05,36.170000000000016,38.27999999999997,1,1,1.0
1724157154010161800,28,593.05,131.31,242.35000000000002,82.62,1,1,1.0
1724157154010161800,29,1047.17,396.79,232.82999999999993,181.25999999999993,1,1,1.0
1724157154010161800,30,829.31,162.47,228.19000000000005,114.92999999999998,1,1,1.0
1724157154010161800,31,2.8,171.2,204.2,82.9,1,1,1.0
1724157154010161800,32,208.12,147.9,72.52999999999997,66.25,1,1,1.0
1724157154010161800,33,385.65,289.68,206.20000000000005,70.32,1,1,1.0
1724157154010161800,34,0.0,306.42,130.33,131.18,1,1,1.0
1724157154010161800,36,161.38,105.65,55.80000000000001,61.400000000000006,1,1,1.0
1724157154010161800,37,41.1,111.67,108.03999999999999,64.98,1,1,1.0
1724157154010161800,38,0.0,500.8,193.05,86.81,1,1,1.0
1724157154010161800,39,88.79,19.24,148.26,97.28,1,1,1.0
1724157154010161800,41,0.0,267.58,57.51,93.03000000000003,1,1,1.0
1724157154010161800,42,618.02,31.19,165.98000000000002,69.61,1,1,1.0
1724157154010161800,43,0.85,62.99,70.60000000000001,65.37,1,1,1.0
1724157154010161800,45,694.0,0.0,335.29999999999995,159.05,1,1,1.0
1724157154010161800,46,0.0,164.71,355.0,116.03999999999999,1,1,1.0
1724157154058162100,13,752.4,470.46,275.65,122.49000000000007,1,1,1.0
1724157154058162100,15,338.02,431.85,234.27999999999997,91.04999999999995,1,1,1.0
1724157154058162100,17,237.23,450.31,215.15,108.73999999999995,1,1,1.0
1724157154058162100,19,207.2,338.84,209.5,40.76000000000005,1,1,1.0
1724157154058162100,22,125.49,263.18,46.31000000000002,43.44,1,1,1.0
1724157154058162100,24,75.52,391.59,197.95000000000005,106.37,1,1,1.0
1724157154058162100,25,347.1,208.58,159.32,59.78999999999999,1,1,1.0
1724157154058162100,27,215.5,282.2,37.75999999999999,35.94,1,1,1.0
1724157154058162100,28,609.18,133.03,241.32000000000005,84.37,1,1,1.0
1724157154058162100,29,1056.8,404.24,223.20000000000005,174.72000000000003,1,1,1.0
1724157154058162100,30,838.96,166.77,232.25,116.85,1,1,1.0
1724157154058162100,31,1.5,166.5,200.6,91.69999999999999,1,1,1.0
1724157154058162100,32,207.9,148.79,72.79999999999998,66.21000000000001,1,1,1.0
1724157154058162100,33,391.77,289.27,203.21000000000004,71.93,1,1,1.0
1724157154058162100,34,0.0,306.38,130.58,131.22000000000003,1,1,1.0
1724157154058162100,36,155.72,108.73,57.97,63.92,1,1,1.0
1724157154058162100,37,47.6,110.39,102.33000000000001,65.86,1,1,1.0
1724157154058162100,38,0.0,501.85,192.9,82.86000000000001,1,1,1.0
1724157154058162100,39,86.76,18.82,145.74,98.63,1,1,1.0
1724157154058162100,41,0.0,268.29,57.6,94.38,1,1,1.0
1724157154058162100,42,618.92,33.62,171.11,67.75999999999999,1,1,1.0
1724157154058162100,43,0.64,64.0,69.58,64.66999999999999,1,1,1.0
1724157154058162100,45,706.3,0.0,337.75,164.99,1,1,1.0
1724157154058162100,46,0.0,163.43,373.65,119.75,1,1,1.0
1724157154088196300,13,765.32,470.96,278.04999999999984,125.19,1,1,1.0
1724157154088196300,15,343.9,430.27,231.80000000000007,93.02999999999997,1,1,1.0
1724157154088196300,17,237.55,452.89,215.59999999999997,109.31000000000006,1,1,1.0
1724157154088196300,19,208.13,340.0,212.76999999999998,39.69999999999999,1,1,1.0
1724157154088196300,22,120.42,266.77,59.67999999999999,37.629999999999995,1,1,1.0
1724157154088196300,24,75.93,392.54,199.42000000000002,107.57999999999998,1,1,1.0
1724157154088196300,25,350.4,208.59,162.20000000000005,60.54999999999998,1,1,1.0
1724157154088196300,27,218.5,285.42,30.5,31.079999999999984,1,1,1.0
1724157154088196300,28,621.09,138.42,242.61,81.58000000000001,1,1,1.0
1724157154088196300,29,1068.6,413.04,211.4000000000001,170.13999999999993,1,1,1.0
1724157154088196300,30,848.62,171.07,236.30000000000007,118.78000000000003,1,1,1.0
1724157154088196300,31,0.0,166.2,198.0,87.15,1,1,1.0
1724157154088196300,32,208.5,149.48,70.38,62.55000000000001,1,1,1.0
1724157154088196300,33,397.88,288.86,200.22000000000003,73.53999999999996,1,1,1.0
1724157154088196300,34,0.0,307.17,128.87,127.65999999999997,1,1,1.0
1724157154088196300,36,151.29,110.15,60.83000000000001,67.47,1,1,1.0
1724157154088196300,37,45.97,110.27,98.9,65.04,1,1,1.0
1724157154088196300,38,0.0,502.89,192.75,78.90999999999997,1,1,1.0
1724157154088196300,39,84.73,18.4,143.21999999999997,99.97,1,1,1.0
1724157154088196300,41,0.0,269.81,55.77,93.80000000000001,1,1,1.0
1724157154088196300,42,627.21,33.68,158.99,70.82,1,1,1.0
1724157154088196300,43,0.42,65.0,68.56,63.97999999999999,1,1,1.0
1724157154088196300,45,718.65,8.12,340.15,162.81,1,1,1.0
1724157154088196300,46,0.0,162.15,392.3,123.45000000000002,1,1,1.0
1724157154134921700,13,776.78,473.6,281.1600000000001,126.37,1,1,1.0
1724157154134921700,15,347.9,427.25,232.0,96.14999999999998,1,1,1.0
1724157154134921700,17,237.88,455.48,216.05,109.87,1,1,1.0
1724157154134921700,19,209.06,341.15,205.94,42.75,1,1,1.0
1724157154134921700,22,110.73,264.54,55.269999999999996,37.06,1,1,1.0
1724157154134921700,24,73.11,393.5,202.3,109.55000000000001,1,1,1.0
1724157154134921700,25,346.85,210.4,171.54999999999995,59.890000000000015,1,1,1.0
1724157154134921700,27,217.1,284.2,32.629999999999995,34.69999999999999,1,1,1.0
1724157154134921700,28,628.99,141.21,250.78999999999996,81.37,1,1,1.0
1724157154134921700,29,1080.4,421.83,199.5999999999999,165.57,1,1,1.0
1724157154134921700,30,858.28,175.37,240.35000000000014,120.69999999999999,1,1,1.0
1724157154134921700,31,0.0,163.6,187.4,90.30000000000001,1,1,1.0
1724157154134921700,32,209.1,150.17,67.96000000000001,58.890000000000015,1,1,1.0
1724157154134921700,33,399.47,292.39,199.67999999999995,72.69,1,1,1.0
1724157154134921700,34,0.0,307.97,127.17,124.07999999999998,1,1,1.0
1724157154134921700,36,147.22,109.89,63.66999999999999,71.26,1,1,1.0
1724157154134921700,37,44.35,110.14,95.47,64.23,1,1,1.0
1724157154134921700,38,0.0,503.94,192.6,74.95999999999998,1,1,1.0
1724157154134921700,39,82.7,17.99,140.7,101.30000000000001,1,1,1.0
1724157154134921700,41,0.0,271.13,54.0,95.25999999999999,1,1,1.0
1724157154134921700,42,639.21,37.5,155.08999999999992,70.7,1,1,1.0
1724157154134921700,43,0.21,66.01,67.53,63.27999999999999,1,1,1.0
1724157154134921700,45,731.0,16.24,342.54999999999995,160.62,1,1,1.0
1724157154134921700,46,19.32,182.18,388.18,107.42000000000002,1,1,1.0
1724157154182429300,13,785.23,476.25,289.22,130.04999999999995,1,1,1.0
1724157154182429300,15,347.9,423.03,236.39999999999998,100.17000000000007,1,1,1.0
1724157154182429300,17,238.2,458.06,216.5,110.44,1,1,1.0
1724157154182429300,19,209.99,342.31,202.70999999999998,46.99000000000001,1,1,1.0
1724157154182429300,22,116.39,261.24,58.05999999999999,42.889999999999986,1,1,1.0
1724157154182429300,24,70.7,394.59,203.15000000000003,110.32000000000005,1,1,1.0
1724157154182429300,25,347.23,212.4,171.29999999999995,60.53,1,1,1.0
1724157154182429300,27,213.93,284.2,34.03999999999999,35.579999999999984,1,1,1.0
1724157154182429300,28,636.89,144.0,258.96000000000004,81.15,1,1,1.0
1724157154182429300,29,1092.2,430.62,187.79999999999995,146.53999999999996,1,1,1.0
1724157154182429300,30,867.94,179.67,244.39999999999986,122.62000000000003,1,1,1.0
1724157154182429300,31,0.0,165.71,187.16,87.20999999999998,1,1,1.0
1724157154182429300,32,202.6,152.93,76.13000000000002,56.150000000000006,1,1,1.0
1724157154182429300,33,401.05,295.93,199.15000000000003,71.82,1,1,1.0
1724157154182429300,34,0.0,308.76,125.47,120.51999999999998,1,1,1.0
1724157154182429300,36,139.14,110.55,70.37,79.92,1,1,1.0
1724157154182429300,37,42.72,110.02,92.03999999999999,63.41000000000001,1,1,1.0
1724157154182429300,38,0.0,505.13,194.2,76.89999999999998,1,1,1.0
1724157154182429300,39,78.5,17.57,140.35,102.65,1,1,1.0
1724157154182429300,41,0.0,274.37,51.68,92.64999999999998,1,1,1.0
1724157154182429300,42,643.07,36.41,149.7299999999999,71.89,1,1,1.0
1724157154182429300,43,0.0,67.02,66.5,62.58,1,1,1.0
1724157154182429300,45,739.44,20.29,348.8599999999999,162.51000000000002,1,1,1.0
1724157154182429300,46,16.0,185.7,405.45,105.69999999999999,1,1,1.0
1724157154211540000,13,793.06,478.4,296.47,133.55000000000007,1,1,1.0
1724157154211540000,15,352.93,423.32,231.46999999999997,102.18,1,1,1.0
1724157154211540000,17,242.34,460.95,216.1,110.89000000000004,1,1,1.0
1724157154211540000,19,210.5,337.78,199.99,52.420000000000016,1,1,1.0
1724157154211540000,22,122.04,257.95,60.86,48.710000000000036,1,1,1.0
1724157154211540000,24,74.32,396.24,198.28000000000003,107.71999999999997,1,1,1.0
1724157154211540000,25,355.13,212.35,165.26999999999998,63.82000000000002,1,1,1.0
1724157154211540000,27,210.77,286.7,35.44,33.97000000000003,1,1,1.0
1724157154211540000,28,644.79,146.79,267.14,80.94,1,1,1.0
1724157154211540000,29,1110.4,439.42,169.5999999999999,137.13999999999993,1,1,1.0
1724157154211540000,30,890.4,190.67,234.91999999999996,119.09,1,1,1.0
1724157154211540000,31,0.0,161.17,180.18,92.16000000000003,1,1,1.0
1724157154211540000,32,196.1,155.69,84.29999999999998,53.41,1,1,1.0
1724157154211540000,33,402.63,299.46,198.62,70.97000000000003,1,1,1.0
1724157154211540000,34,0.0,309.55,123.76,116.94999999999999,1,1,1.0
1724157154211540000,36,130.77,113.22,72.82,84.05000000000001,1,1,1.0
1724157154211540000,37,41.1,109.9,88.6,62.59,1,1,1.0
1724157154211540000,38,0.0,506.32,195.8,78.84999999999997,1,1,1.0
1724157154211540000,39,73.94,17.15,140.36,103.99000000000001,1,1,1.0
1724157154211540000,41,0.0,276.9,44.96,81.5,1,1,1.0
1724157154211540000,42,644.12,36.14,147.88,73.96,1,1,1.0
1724157154211540000,43,1.39,67.88,62.3,57.14,1,1,1.0
1724157154211540000,45,756.77,26.89,349.8299999999999,163.94,1,1,1.0
1724157154211540000,46,20.5,190.8,414.9,102.39999999999998,1,1,1.0
1724157154257729900,13,804.96,482.46,300.31999999999994,135.48000000000008,1,1,1.0
1724157154257729900,15,357.97,423.61,231.02999999999997,102.88999999999999,1,1,1.0
1724157154257729900,17,246.48,463.83,215.70000000000002,111.34999999999997,1,1,1.0
1724157154257729900,19,218.36,334.86,194.14,56.639999999999986,1,1,1.0
1724157154257729900,22,112.46,253.7,68.44000000000001,54.54000000000002,1,1,1.0
1724157154257729900,24,75.22,396.08,199.10999999999999,108.68,1,1,1.0
1724157154257729900,25,358.92,212.99,163.37999999999994,64.44,1,1,1.0
1724157154257729900,27,205.57,278.97,38.879999999999995,42.579999999999984,1,1,1.0
1724157154257729900,28,652.69,149.58,275.30999999999995,80.72,1,1,1.0
1724157154257729900,29,1140.12,448.21,139.8800000000001,127.75000000000006,1,1,1.0
1724157154257729900,30,912.87,201.68,225.43999999999994,115.55000000000001,1,1,1.0
1724157154257729900,31,0.0,159.75,177.38,93.91999999999999,1,1,1.0
1724157154257729900,32,190.3,155.69,97.30000000000001,57.71000000000001,1,1,1.0
1724157154257729900,33,404.21,302.99,198.08999999999997,70.11000000000001,1,1,1.0
1724157154257729900,34,0.0,310.35,122.06,118.14999999999998,1,1,1.0
1724157154257729900,36,124.02,115.26,73.94000000000001,85.62999999999998,1,1,1.0
1724157154257729900,37,38.1,113.22,89.05000000000001,65.58000000000001,1,1,1.0
1724157154257729900,38,0.0,507.51,197.4,80.78999999999996,1,1,1.0
1724157154257729900,39,71.59,18.07,134.26,102.53999999999999,1,1,1.0
1724157154257729900,41,0.0,278.0,40.84,71.89999999999998,1,1,1.0
1724157154257729900,42,650.73,36.03,143.76999999999998,77.57,1,1,1.0
1724157154257729900,43,1.19,69.52,60.7,59.980000000000004,1,1,1.0
1724157154257729900,45,774.1,33.48,350.80000000000007,165.39000000000001,1,1,1.0
1724157154257729900,46,28.1,196.3,421.25,98.69999999999999,1,1,1.0
1724157154287893400,13,813.73,484.03,309.9200000000001,140.32000000000005,1,1,1.0
1724157154287893400,15,363.0,423.9,233.79999999999995,104.60000000000002,1,1,1.0
1724157154287893400,17,250.62,466.71,215.3,111.81,1,1,1.0
1724157154287893400,19,220.53,332.22,184.67,59.67999999999995,1,1,1.0
1724157154287893400,22,103.37,256.7,52.329999999999984,47.69999999999999,1,1,1.0
1724157154287893400,24,78.2,394.82,201.2,111.78000000000003,1,1,1.0
1724157154287893400,25,367.11,214.09,156.59000000000003,63.45000000000002,1,1,1.0
1724157154287893400,27,200.38,271.23,42.31,51.20999999999998,1,1,1.0
1724157154287893400,28,665.31,154.59,280.1,82.88999999999999,1,1,1.0
1724157154287893400,29,1156.6,464.83,123.40000000000009,113.87000000000006,1,1,1.0
1724157154287893400,30,935.33,212.69,215.9699999999999,112.00999999999999,1,1,1.0
1724157154287893400,31,0.0,157.7,167.3,98.19,1,1,1.0
1724157154287893400,32,185.0,158.58,102.10000000000002,61.51999999999998,1,1,1.0
1724157154287893400,33,409.82,304.76,197.85999999999996,70.54000000000002,1,1,1.0
1724157154287893400,34,0.0,311.14,120.35,119.36000000000001,1,1,1.0
1724157154287893400,36,115.7,117.32,67.86999999999999,71.98000000000002,1,1,1.0
1724157154287893400,37,36.1,113.57,87.35999999999999,68.53,1,1,1.0
1724157154287893400,38,0.0,508.7,206.44,82.76000000000005,1,1,1.0
1724157154287893400,39,69.23,18.98,128.17000000000002,101.1,1,1,1.0
1724157154287893400,41,0.0,278.0,40.84,71.0,1,1,1.0
1724157154287893400,42,655.74,36.28,141.22000000000003,79.48,1,1,1.0
1724157154287893400,43,0.99,71.15,59.1,62.04999999999998,1,1,1.0
1724157154287893400,45,791.42,40.08,351.7800000000001,166.82,1,1,1.0
1724157154287893400,46,46.5,202.9,416.8,93.9,1,1,1.0
1724157154334273500,13,831.35,489.07,317.11,143.87000000000006,1,1,1.0
1724157154334273500,15,376.26,432.04,227.74,99.35999999999996,1,1,1.0
1724157154334273500,17,254.76,469.6,214.90000000000003,112.25999999999999,1,1,1.0
1724157154334273500,19,236.66,334.73,167.84,64.16999999999996,1,1,1.0
1724157154334273500,22,85.9,252.45,67.79999999999998,53.03000000000003,1,1,1.0
1724157154334273500,24,81.7,399.2,196.8,108.43,1,1,1.0
1724157154334273500,25,385.5,213.58,144.84000000000003,63.44999999999996,1,1,1.0
1724157154334273500,27,195.18,263.5,45.75,59.81999999999999,1,1,1.0
1724157154334273500,28,694.73,159.88,284.89,85.06,1,1,1.0
1724157154334273500,29,1189.47,481.45,90.52999999999997,94.89000000000004,1,1,1.0
1724157154334273500,30,957.8,223.7,217.51999999999998,112.46000000000004,1,1,1.0
1724157154334273500,31,0.0,169.7,142.0,73.4,1,1,1.0
1724157154334273500,32,181.53,159.96,110.77000000000001,52.84,1,1,1.0
1724157154334273500,33,415.43,306.54,197.61999999999995,70.95999999999998,1,1,1.0
1724157154334273500,34,0.0,311.94,118.65,120.56,1,1,1.0
1724157154334273500,36,101.9,107.1,79.69999999999999,78.80000000000001,1,1,1.0
1724157154334273500,37,36.4,114.11,80.4,73.49,1,1,1.0
1724157154334273500,38,0.0,519.0,209.9,75.60000000000002,1,1,1.0
1724157154334273500,39,66.88,19.9,122.07,99.65,1,1,1.0
1724157154334273500,41,0.0,280.38,40.05,61.920000000000016,1,1,1.0
1724157154334273500,42,660.76,36.53,138.65999999999997,81.39,1,1,1.0
1724157154334273500,43,0.79,72.79,57.5,66.40999999999998,1,1,1.0
1724157154334273500,45,808.75,46.67,357.6300000000001,168.88,1,1,1.0
1724157154334273500,46,91.62,206.82,399.68,96.63,1,1,1.0
1724157154388065300,13,845.05,492.83,321.26,146.01000000000005,1,1,1.0
1724157154388065300,15,377.36,439.14,233.0,96.5,1,1,1.0
1724157154388065300,17,258.91,472.48,214.48999999999995,112.72000000000003,1,1,1.0
1724157154388065300,19,243.84,335.08,163.21,66.80000000000001,1,1,1.0
1724157154388065300,22,84.51,248.21,67.17999999999999,58.34,1,1,1.0
1724157154388065300,24,88.61,397.27,197.77999999999997,110.79000000000002,1,1,1.0
1724157154388065300,25,393.2,213.58,137.14000000000004,63.44999999999996,1,1,1.0
1724157154388065300,27,189.99,255.77,49.17999999999998,68.42999999999998,1,1,1.0
1724157154388065300,28,708.73,162.97,289.66999999999996,87.22999999999999,1,1,1.0
1724157154388065300,29,1222.33,498.07,57.67000000000007,75.92000000000002,1,1,1.0
1724157154388065300,30,956.52,225.13,234.53999999999996,119.5,1,1,1.0
1724157154388065300,31,0.0,180.82,131.12,63.640000000000015,1,1,1.0
1724157154388065300,32,178.04,157.94,116.37000000000003,57.75,1,1,1.0
1724157154388065300,33,421.04,308.31,197.38999999999993,71.38999999999999,1,1,1.0
1724157154388065300,34,0.05,314.16,119.49000000000001,120.11999999999995,1,1,1.0
1724157154388065300,36,96.7,109.2,81.8,80.60000000000001,1,1,1.0
1724157154388065300,37,38.08,108.8,73.52,81.35000000000001,1,1,1.0
1724157154388065300,38,0.0,521.45,213.48,74.75,1,1,1.0
1724157154388065300,39,64.52,20.81,115.98,98.21,1,1,1.0
1724157154388065300,41,0.0,282.76,39.26,61.650000000000034,1,1,1.0
1724157154388065300,42,665.78,36.78,136.10000000000002,83.3,1,1,1.0
1724157154388065300,43,0.59,74.42,55.9,68.08,1,1,1.0
1724157154388065300,45,826.08,53.26,363.4799999999999,170.94,1,1,1.0
1724157154388065300,46,136.74,210.75,382.55999999999995,99.35000000000002,1,1,1.0
1724157154457498300,13,871.97,499.92,319.98,145.12999999999994,1,1,1.0
1724157154457498300,15,392.8,450.31,226.3,87.48999999999995,1,1,1.0
1724157154457498300,17,271.17,475.47,211.38,111.25,1,1,1.0
1724157154457498300,19,258.2,335.77,153.95,72.08000000000004,1,1,1.0
1724157154457498300,22,81.22,244.84,67.38,64.53999999999999,1,1,1.0
1724157154457498300,24,102.8,402.54,186.68,105.32,1,1,1.0
1724157154457498300,27,179.6,240.3,56.03999999999999,85.67000000000002,1,1,1.0
1724157154457498300,28,743.8,166.28,284.95000000000005,91.04999999999998,1,1,1.0
1724157154457498300,30,1000.55,241.57,227.27999999999997,115.82999999999998,1,1,1.0
1724157154457498300,31,2.16,189.67,121.71000000000001,63.43000000000001,1,1,1.0
1724157154457498300,32,171.07,153.9,127.57,67.57,1,1,1.0
1724157154457498300,33,441.77,311.18,193.10000000000002,73.5,1,1,1.0
1724157154457498300,34,0.16,318.61,121.17,119.24000000000001,1,1,1.0
1724157154457498300,36,83.01,115.07,91.58999999999999,73.4,1,1,1.0
1724157154457498300,37,40.41,112.68,70.43,81.28999999999999,1,1,1.0
1724157154457498300,38,0.0,526.35,220.65,73.04999999999995,1,1,1.0
1724157154457498300,39,58.99,22.51,110.41,94.33999999999999,1,1,1.0
1724157154457498300,41,0.0,287.52,37.68,53.78000000000003,1,1,1.0
1724157154457498300,42,683.17,37.27,123.63,87.13,1,1,1.0
1724157154457498300,43,0.2,77.69,52.699999999999996,60.610000000000014,1,1,1.0
1724157154457498300,45,857.22,69.88,370.79999999999995,171.93,1,1,1.0
1724157154457498300,46,189.98,214.02,363.31999999999994,99.78,1,1,1.0
1724157154488948800,13,890.04,503.29,321.1400000000001,144.90000000000003,1,1,1.0
1724157154488948800,15,398.4,456.89,229.20000000000005,85.90999999999997,1,1,1.0
1724157154488948800,17,280.38,477.82,208.32,110.22999999999996,1,1,1.0
1724157154488948800,19,265.38,336.12,149.32,74.70999999999998,1,1,1.0
1724157154488948800,22,86.6,244.59,62.59,66.53,1,1,1.0
1724157154488948800,24,111.23,404.66,179.82999999999998,101.89999999999998,1,1,1.0
1724157154488948800,27,178.7,233.5,55.18000000000001,93.36000000000001,1,1,1.0
1724157154488948800,28,759.39,169.88,292.81000000000006,92.72000000000003,1,1,1.0
1724157154488948800,30,1019.81,249.06,226.16000000000008,114.56,1,1,1.0
1724157154488948800,31,1.0,195.54,119.03,55.670000000000016,1,1,1.0
1724157154488948800,32,167.58,157.52,133.17,66.84,1,1,1.0
1724157154488948800,33,456.88,312.28,189.06000000000006,75.17000000000002,1,1,1.0
1724157154488948800,34,0.22,320.83,122.01,118.80000000000001,1,1,1.0
1724157154488948800,36,80.4,115.95,91.84,73.38000000000001,1,1,1.0
1724157154488948800,37,41.57,114.62,68.88999999999999,81.25999999999999,1,1,1.0
1724157154488948800,38,0.0,528.8,224.24,72.20000000000005,1,1,1.0
1724157154488948800,39,58.59,24.39,106.56,94.97,1,1,1.0
1724157154488948800,41,0.0,289.9,36.9,55.73000000000002,1,1,1.0
1724157154488948800,42,690.06,38.54,120.62,88.0,1,1,1.0
1724157154488948800,43,0.0,79.33,51.1,56.86999999999999,1,1,1.0
1724157154488948800,45,867.2,70.76,375.89999999999986,174.94,1,1,1.0
1724157154488948800,46,222.95,219.93,337.17,100.11000000000001,1,1,1.0
1724157154535771100,13,905.49,506.81,328.4100000000001,145.69,1,1,1.0
1724157154535771100,15,401.9,462.98,233.60000000000002,82.22000000000003,1,1,1.0
1724157154535771100,17,289.59,480.16,205.26000000000005,109.20999999999998,1,1,1.0
1724157154535771100,19,272.56,336.47,144.69,77.34999999999997,1,1,1.0
1724157154535771100,22,89.43,246.65,56.06999999999999,66.95000000000002,1,1,1.0
1724157154535771100,24,114.78,405.98,180.07000000000002,102.65999999999997,1,1,1.0
1724157154535771100,27,178.83,235.51,53.28999999999999,92.23000000000002,1,1,1.0
1724157154535771100,28,777.49,170.16,289.28999999999996,96.69000000000003,1,1,1.0
1724157154535771100,30,1032.1,259.3,231.21000000000004,108.28999999999996,1,1,1.0
1724157154535771100,31,0.0,201.62,110.7,47.579999999999984,1,1,1.0
1724157154535771100,32,164.1,161.13,138.76000000000002,66.12,1,1,1.0
1724157154535771100,33,472.0,313.37,185.01999999999998,76.86000000000001,1,1,1.0
1724157154535771100,34,0.27,323.05,122.85000000000001,118.36000000000001,1,1,1.0
1724157154535771100,36,77.79,116.83,92.09999999999998,73.35000000000001,1,1,1.0
1724157154535771100,37,42.74,116.56,67.34,81.22999999999999,1,1,1.0
1724157154535771100,38,0.0,530.83,228.71,73.64999999999998,1,1,1.0
1724157154535771100,39,58.2,26.27,102.7,95.60000000000001,1,1,1.0
1724157154535771100,41,0.0,292.29,36.11,57.68000000000001,1,1,1.0
1724157154535771100,42,696.95,39.81,117.6099999999999,88.87,1,1,1.0
1724157154535771100,43,0.0,80.12,52.99,61.76999999999998,1,1,1.0
1724157154535771100,45,882.36,79.75,386.2399999999999,171.25,1,1,1.0
1724157154535771100,46,251.89,222.87,336.20000000000005,99.62,1,1,1.0
1724157154579146400,13,918.36,509.2,331.41999999999996,149.00000000000006,1,1,1.0
1724157154579146400,15,408.2,471.32,230.90000000000003,72.41000000000003,1,1,1.0
1724157154579146400,17,298.8,482.5,202.2,108.20000000000005,1,1,1.0
1724157154579146400,19,279.74,336.81,140.06,79.99000000000001,1,1,1.0
1724157154579146400,22,86.26,247.77,68.73,66.78,1,1,1.0
1724157154579146400,24,121.96,409.72,176.35000000000002,100.47999999999996,1,1,1.0
1724157154579146400,27,178.97,237.51,51.390000000000015,91.12,1,1,1.0
1724157154579146400,28,786.53,172.02,300.21000000000004,100.33000000000001,1,1,1.0
1724157154579146400,30,1030.7,264.64,249.29999999999995,111.63999999999999,1,1,1.0
1724157154579146400,31,0.0,201.19,102.14,68.54000000000002,1,1,1.0
1724157154579146400,32,164.08,160.21,141.92,68.78,1,1,1.0
1724157154579146400,33,478.01,317.41,187.93000000000006,76.50999999999999,1,1,1.0
1724157154579146400,34,0.33,325.28,123.69,117.91000000000003,1,1,1.0
1724157154579146400,36,79.92,118.0,92.33999999999999,73.31,1,1,1.0
1724157154579146400,37,43.9,118.5,65.80000000000001,81.19999999999999,1,1,1.0
1724157154579146400,38,0.0,532.87,233.18,75.09000000000003,1,1,1.0
1724157154579146400,39,57.8,28.15,98.85000000000001,96.24000000000001,1,1,1.0
1724157154579146400,41,0.0,294.67,35.32,59.629999999999995,1,1,1.0
1724157154579146400,42,703.85,41.08,114.59000000000003,89.74,1,1,1.0
1724157154579146400,43,0.0,81.91,53.01,62.33000000000001,1,1,1.0
1724157154579146400,45,896.04,88.74,383.96000000000004,168.86,1,1,1.0
1724157154579146400,46,270.62,224.71,335.74,99.18999999999997,1,1,1.0
1724157154609509300,13,933.59,513.41,334.80000000000007,150.12,1,1,1.0
1724157154609509300,15,414.4,476.36,233.20000000000005,69.38,1,1,1.0
1724157154609509300,17,305.04,486.56,202.33999999999997,108.66000000000003,1,1,1.0
1724157154609509300,19,288.08,337.74,138.57,83.15999999999997,1,1,1.0
1724157154609509300,22,87.69,251.08,68.74000000000001,67.22999999999999,1,1,1.0
1724157154609509300,24,127.3,411.09,174.8,93.41000000000003,1,1,1.0
1724157154609509300,25,345.57,223.31,171.95,63.44999999999999,1,1,1.0
1724157154609509300,27,179.1,239.52,49.5,89.98999999999998,1,1,1.0
1724157154609509300,28,799.31,175.71,313.6400000000001,101.28999999999999,1,1,1.0
1724157154609509300,30,1047.29,268.94,232.71000000000004,111.72000000000003,1,1,1.0
1724157154609509300,31,0.0,208.5,91.84,53.18000000000001,1,1,1.0
1724157154609509300,32,162.84,161.49,144.72,71.70999999999998,1,1,1.0
1724157154609509300,33,484.02,321.44,190.84000000000003,76.18,1,1,1.0
1724157154609509300,34,0.38,327.5,124.53,117.47000000000003,1,1,1.0
1724157154609509300,36,82.05,119.16,92.58999999999999,73.28,1,1,1.0
1724157154609509300,37,43.64,114.21,66.03,75.2,1,1,1.0
1724157154609509300,38,0.0,534.9,237.66,76.55000000000007,1,1,1.0
1724157154609509300,39,57.4,30.03,95.0,96.87,1,1,1.0
1724157154609509300,41,0.0,297.05,34.53,61.579999999999984,1,1,1.0
1724157154609509300,42,710.74,42.35,111.58000000000004,90.61000000000001,1,1,1.0
1724157154609509300,43,0.0,84.82,53.37,64.89000000000001,1,1,1.0
1724157154609509300,45,913.4,97.73,366.6,166.96999999999997,1,1,1.0
1724157154609509300,46,283.87,225.24,342.65999999999997,101.23000000000002,1,1,1.0
1724157154656900100,13,950.79,515.61,329.21000000000004,149.14999999999998,1,1,1.0
1724157154656900100,15,420.6,481.41,235.5,66.32999999999998,1,1,1.0
1724157154656900100,17,311.28,490.61,202.47000000000003,109.13999999999999,1,1,1.0
1724157154656900100,19,296.43,338.67,137.07,86.32999999999998,1,1,1.0
1724157154656900100,22,89.91,254.36,66.27000000000001,65.20999999999998,1,1,1.0
1724157154656900100,24,128.22,414.24,178.26000000000002,92.49000000000001,1,1,1.0
1724157154656900100,25,353.25,224.84,157.64999999999998,63.45000000000002,1,1,1.0
1724157154656900100,27,179.36,241.36,52.359999999999985,92.61000000000001,1,1,1.0
1724157154656900100,28,814.38,178.77,324.62,105.12999999999997,1,1,1.0
1724157154656900100,30,1063.88,273.23,216.1199999999999,111.79999999999995,1,1,1.0
1724157154656900100,31,0.0,207.84,83.42,49.27000000000001,1,1,1.0
1724157154656900100,32,159.2,164.04,146.82,67.62,1,1,1.0
1724157154656900100,33,490.02,325.47,193.76,75.83999999999997,1,1,1.0
1724157154656900100,34,0.44,329.73,125.37,117.01999999999998,1,1,1.0
1724157154656900100,36,89.29,121.21,88.02,74.62000000000002,1,1,1.0
1724157154656900100,37,46.4,120.78,61.38,69.52000000000001,1,1,1.0
1724157154656900100,38,0.0,536.93,242.13,78.0,1,1,1.0
1724157154656900100,39,59.16,33.18,89.18,96.06,1,1,1.0
1724157154656900100,41,0.0,299.43,33.74,63.54000000000002,1,1,1.0
1724157154656900100,42,717.63,43.61,108.57000000000005,91.49,1,1,1.0
1724157154656900100,43,0.0,86.89,51.36,63.05999999999999,1,1,1.0
1724157154656900100,45,928.36,104.28,351.64,159.32000000000002,1,1,1.0
1724157154656900100,46,297.8,227.2,355.59999999999997,101.60000000000002,1,1,1.0
1724157154687626800,13,959.76,521.68,320.24,149.56000000000006,1,1,1.0
1724157154687626800,15,426.8,486.45,237.8,63.30000000000001,1,1,1.0
1724157154687626800,17,317.51,494.67,202.61,109.59999999999997,1,1,1.0
1724157154687626800,19,304.77,339.61,135.58000000000004,89.49000000000001,1,1,1.0
1724157154687626800,22,93.06,259.95,64.15,63.44999999999999,1,1,1.0
1724157154687626800,24,129.15,417.39,181.70000000000002,91.56,1,1,1.0
1724157154687626800,25,364.83,223.22,97.37,46.75000000000003,1,1,1.0
1724157154687626800,27,179.61,243.2,55.23999999999998,95.24000000000001,1,1,1.0
1724157154687626800,28,825.62,180.12,338.2800000000001,110.57999999999998,1,1,1.0
1724157154687626800,30,1080.48,277.53,199.51999999999998,111.88000000000005,1,1,1.0
1724157154687626800,31,0.0,207.06,70.63,47.78,1,1,1.0
1724157154687626800,32,159.16,166.19,150.04999999999998,70.75,1,1,1.0
1724157154687626800,33,496.03,329.5,196.67000000000007,75.5,1,1,1.0
1724157154687626800,34,0.49,331.95,126.21000000000001,116.59000000000003,1,1,1.0
1724157154687626800,36,96.52,123.26,83.45,75.95,1,1,1.0
1724157154687626800,37,48.98,123.37,60.86000000000001,70.04999999999998,1,1,1.0
1724157154687626800,38,0.0,538.97,246.6,79.44999999999993,1,1,1.0
1724157154687626800,39,60.92,36.33,83.36,95.25000000000001,1,1,1.0
1724157154687626800,41,0.0,301.81,32.95,65.49000000000001,1,1,1.0
1724157154687626800,42,723.34,45.34,104.15999999999997,90.85999999999999,1,1,1.0
1724157154687626800,43,0.0,89.76,50.34,62.459999999999994,1,1,1.0
1724157154687626800,45,947.29,107.82,332.71000000000004,157.32999999999998,1,1,1.0
1724157154687626800,46,323.7,233.0,352.50000000000006,99.77999999999997,1,1,1.0
1724157154732191700,13,979.0,529.64,301.0,143.07000000000005,1,1,1.0
1724157154732191700,15,435.97,488.99,236.60000000000002,63.25999999999999,1,1,1.0
1724157154732191700,17,323.75,498.73,202.75,110.06999999999994,1,1,1.0
1724157154732191700,19,313.12,340.54,134.07999999999998,92.65999999999997,1,1,1.0
1724157154732191700,22,95.67,263.16,64.17999999999999,63.50999999999999,1,1,1.0
1724157154732191700,24,130.07,420.54,185.16000000000003,90.63999999999999,1,1,1.0
1724157154732191700,25,373.35,229.24,92.96999999999997,44.370000000000005,1,1,1.0
1724157154732191700,27,179.87,245.04,58.099999999999994,97.85999999999999,1,1,1.0
1724157154732191700,28,844.89,182.97,346.61,115.9,1,1,1.0
1724157154732191700,30,1125.66,286.51,154.33999999999992,98.59000000000003,1,1,1.0
1724157154732191700,31,0.0,207.79,54.0,48.859999999999985,1,1,1.0
1724157154732191700,32,159.11,168.35,153.3,73.87,1,1,1.0
1724157154732191700,33,499.5,331.21,201.92999999999995,78.62,1,1,1.0
1724157154732191700,34,0.55,334.17,127.05,116.14999999999998,1,1,1.0
1724157154732191700,36,103.76,125.31,78.87999999999998,77.28,1,1,1.0
1724157154732191700,37,51.55,125.96,60.34,70.59000000000002,1,1,1.0
1724157154732191700,38,0.0,541.0,245.1,80.89999999999998,1,1,1.0
1724157154732191700,39,62.68,39.48,77.53999999999999,94.44,1,1,1.0
1724157154732191700,41,0.0,305.33,34.76,70.17000000000002,1,1,1.0
1724157154732191700,42,729.05,47.07,106.88,90.30000000000001,1,1,1.0
1724157154732191700,43,0.0,93.51,49.72,61.37999999999998,1,1,1.0
1724157154732191700,45,966.21,111.37,313.78999999999996,155.32999999999998,1,1,1.0
1724157154732191700,46,349.6,238.8,349.39,97.96999999999997,1,1,1.0
1724157154783198600,13,999.2,538.3,280.79999999999995,137.61,1,1,1.0
1724157154783198600,15,445.13,491.52,235.39999999999998,63.23000000000002,1,1,1.0
1724157154783198600,17,329.08,510.69,201.96999999999997,102.41000000000003,1,1,1.0
1724157154783198600,19,321.46,341.47,132.59000000000003,95.82999999999998,1,1,1.0
1724157154783198600,22,96.68,264.45,64.44,63.78000000000003,1,1,1.0
1724157154783198600,24,131.0,423.69,188.60000000000002,89.70999999999998,1,1,1.0
1724157154783198600,25,374.5,233.8,124.19999999999999,48.120000000000005,1,1,1.0
1724157154783198600,27,180.13,246.88,60.97,100.49000000000001,1,1,1.0
1724157154783198600,28,866.62,184.23,358.67999999999995,124.27000000000001,1,1,1.0
1724157154783198600,30,1162.1,292.8,117.90000000000009,92.24000000000001,1,1,1.0
1724157154783198600,31,0.0,200.15,37.95,64.43999999999997,1,1,1.0
1724157154783198600,32,159.07,170.5,156.53000000000003,77.0,1,1,1.0
1724157154783198600,33,502.96,332.91,207.20999999999998,81.75999999999999,1,1,1.0
1724157154783198600,34,0.6,336.4,127.89000000000001,115.70000000000005,1,1,1.0
1724157154783198600,36,110.99,127.36,74.31000000000002,78.61999999999999,1,1,1.0
1724157154783198600,37,54.13,128.54,59.82,71.13,1,1,1.0
1724157154783198600,38,0.0,545.94,242.68,86.16999999999996,1,1,1.0
1724157154783198600,39,64.44,42.63,71.72,93.63,1,1,1.0
1724157154783198600,41,0.0,308.97,35.22,71.13,1,1,1.0
1724157154783198600,42,734.76,48.8,109.61000000000001,89.73,1,1,1.0
1724157154783198600,43,0.0,96.5,50.64,61.53,1,1,1.0
1724157154783198600,45,985.13,114.92,294.87,153.32999999999998,1,1,1.0
1724157154783198600,46,383.9,243.3,337.89,97.44999999999999,1,1,1.0
1724157154811556900,13,1028.47,544.53,251.52999999999997,130.47000000000003,1,1,1.0
1724157154811556900,15,454.3,494.06,234.2,63.19,1,1,1.0
1724157154811556900,17,334.41,522.65,201.19,94.75,1,1,1.0
1724157154811556900,19,329.8,342.4,131.09999999999997,99.0,1,1,1.0
1724157154811556900,22,98.31,266.38,63.91999999999999,63.48000000000002,1,1,1.0
1724157154811556900,24,131.97,428.02,193.6,87.14999999999998,1,1,1.0
1724157154811556900,25,375.64,238.37,140.13,51.870000000000005,1,1,1.0
1724157154811556900,27,182.65,249.37,65.03999999999999,109.23000000000002,1,1,1.0
1724157154811556900,28,888.52,188.05,349.68000000000006,116.64999999999998,1,1,1.0
1724157154811556900,30,1197.0,301.7,83.0,86.88999999999999,1,1,1.0
1724157154811556900,31,0.0,196.55,23.57,64.44,1,1,1.0
1724157154811556900,32,156.83,175.31,160.17,72.99000000000001,1,1,1.0
1724157154811556900,33,506.43,334.61,212.46999999999997,84.88999999999999,1,1,1.0
1724157154811556900,34,0.53,338.92,128.87,114.57999999999998,1,1,1.0
1724157154811556900,36,110.3,125.65,76.35000000000001,76.63999999999999,1,1,1.0
1724157154811556900,37,56.7,131.13,59.3,71.66,1,1,1.0
1724157154811556900,38,0.0,546.13,245.5,92.59000000000003,1,1,1.0
1724157154811556900,39,66.2,45.78,65.89999999999999,92.82,1,1,1.0
1724157154811556900,41,0.0,311.72,36.31,72.38,1,1,1.0
1724157154811556900,42,740.47,50.53,112.32999999999993,89.16999999999999,1,1,1.0
1724157154811556900,43,0.0,103.96,48.56,57.32000000000001,1,1,1.0
1724157154811556900,45,1004.05,118.46,275.95000000000005,151.34000000000003,1,1,1.0
1724157154811556900,46,404.97,246.4,338.53,95.9,1,1,1.0
1724157154856853700,13,1057.73,550.75,222.26999999999998,123.35000000000002,1,1,1.0
1724157154856853700,15,463.32,496.25,233.63000000000005,63.32000000000005,1,1,1.0
1724157154856853700,17,339.74,534.61,202.80999999999995,90.28999999999996,1,1,1.0
1724157154856853700,19,335.32,345.9,134.23000000000002,99.30000000000001,1,1,1.0
1724157154856853700,22,98.99,270.19,64.16000000000001,63.839999999999975,1,1,1.0
1724157154856853700,24,132.93,432.35,198.59999999999997,84.57999999999993,1,1,1.0
1724157154856853700,25,381.39,243.7,163.71000000000004,55.620000000000005,1,1,1.0
1724157154856853700,27,181.8,253.97,67.57999999999998,101.53,1,1,1.0
1724157154856853700,28,925.52,196.12,353.8800000000001,108.27999999999997,1,1,1.0
1724157154856853700,30,1157.93,288.64,122.06999999999994,104.69,1,1,1.0
1724157154856853700,32,154.6,180.11,163.79999999999998,68.98999999999998,1,1,1.0
1724157154856853700,33,516.58,338.22,212.62,87.72999999999996,1,1,1.0
1724157154856853700,34,0.45,341.44,129.85000000000002,113.45999999999998,1,1,1.0
1724157154856853700,36,121.7,128.69,63.999999999999986,78.34,1,1,1.0
1724157154856853700,37,55.47,134.81,60.760000000000005,72.71000000000001,1,1,1.0
1724157154856853700,38,1.24,548.55,242.85999999999999,112.65000000000009,1,1,1.0
1724157154856853700,39,59.13,49.4,69.37,82.5,1,1,1.0
1724157154856853700,41,0.0,314.48,37.39,73.62,1,1,1.0
1724157154856853700,42,751.58,55.78,114.01999999999998,88.72,1,1,1.0
1724157154856853700,43,0.0,103.96,51.7,63.64,1,1,1.0
1724157154856853700,45,1044.17,136.76,235.82999999999993,135.51,1,1,1.0
1724157154856853700,46,454.1,257.09,335.29999999999995,93.21000000000004,1,1,1.0
1724157154900087000,13,1087.0,556.98,193.0,116.21000000000004,1,1,1.0
1724157154900087000,15,472.35,498.44,233.04999999999995,63.44999999999999,1,1,1.0
1724157154900087000,17,345.07,546.58,204.43,85.81999999999994,1,1,1.0
1724157154900087000,19,340.83,349.4,137.37,99.60000000000002,1,1,1.0
1724157154900087000,22,102.51,274.02,62.58999999999999,62.400000000000034,1,1,1.0
1724157154900087000,24,133.9,436.68,203.6,82.02000000000004,1,1,1.0
1724157154900087000,25,386.63,248.37,174.97000000000003,49.629999999999995,1,1,1.0
1724157154900087000,27,180.03,255.85,70.25999999999999,102.08000000000001,1,1,1.0
1724157154900087000,28,949.14,204.35,330.86,111.04999999999998,1,1,1.0
1724157154900087000,32,153.65,184.11,166.79999999999998,63.139999999999986,1,1,1.0
1724157154900087000,33,526.74,341.82,212.76,90.57999999999998,1,1,1.0
1724157154900087000,34,0.38,343.96,130.83,112.34000000000003,1,1,1.0
1724157154900087000,36,123.85,131.73,60.900000000000006,81.44,1,1,1.0
1724157154900087000,37,54.23,138.49,62.24,73.76999999999998,1,1,1.0
1724157154900087000,38,2.49,550.98,243.60999999999999,115.98000000000002,1,1,1.0
1724157154900087000,39,60.12,51.86,72.47999999999999,75.46,1,1,1.0
1724157154900087000,41,0.0,317.23,38.48,74.87,1,1,1.0
1724157154900087000,42,753.0,58.8,120.60000000000002,88.8,1,1,1.0
1724157154900087000,43,1.46,117.48,50.839999999999996,55.42,1,1,1.0
1724157154900087000,45,1067.17,143.88,212.82999999999993,123.84000000000003,1,1,1.0
1724157154900087000,46,474.68,261.93,341.05,91.04000000000002,1,1,1.0
1724157154931822800,13,1101.0,558.26,179.0,112.84000000000003,1,1,1.0
1724157154931822800,15,481.38,500.64,232.47000000000003,63.58000000000004,1,1,1.0
1724157154931822800,17,344.08,547.45,213.42000000000002,89.56999999999994,1,1,1.0
1724157154931822800,19,346.35,352.9,140.5,99.90000000000003,1,1,1.0
1724157154931822800,22,103.75,279.3,61.74000000000001,61.81999999999999,1,1,1.0
1724157154931822800,24,130.93,442.1,204.17000000000002,78.60000000000002,1,1,1.0
1724157154931822800,25,392.84,249.87,177.23000000000008,54.15999999999997,1,1,1.0
1724157154931822800,27,178.25,257.73,72.94,102.62,1,1,1.0
1724157154931822800,28,966.04,213.92,307.3600000000001,113.08000000000001,1,1,1.0
1724157154931822800,30,1114.6,291.0,165.4000000000001,118.32999999999998,1,1,1.0
1724157154931822800,32,152.7,188.11,169.8,57.28999999999999,1,1,1.0
1724157154931822800,33,536.89,345.43,212.90999999999997,93.42000000000002,1,1,1.0
1724157154931822800,34,0.3,346.49,131.81,111.20999999999998,1,1,1.0
1724157154931822800,36,126.0,134.78,57.80000000000001,84.52000000000001,1,1,1.0
1724157154931822800,37,53.0,142.17,63.7,74.82000000000002,1,1,1.0
1724157154931822800,38,3.73,553.4,244.37,119.32000000000005,1,1,1.0
1724157154931822800,39,61.38,55.03,69.97,72.11,1,1,1.0
1724157154931822800,41,0.0,317.23,38.48,79.87,1,1,1.0
1724157154931822800,42,750.3,64.23,128.9000000000001,85.05,1,1,1.0
1724157154931822800,43,1.32,120.31,51.06,57.02000000000001,1,1,1.0
1724157154931822800,45,1089.82,153.02,190.18000000000006,114.21000000000001,1,1,1.0
1724157154931822800,46,495.27,266.78,346.80000000000007,88.85000000000002,1,1,1.0
1724157154977361700,13,1115.0,559.55,165.0,109.47000000000003,1,1,1.0
1724157154977361700,15,490.4,502.83,231.89999999999998,63.70999999999998,1,1,1.0
1724157154977361700,17,343.1,548.33,222.39999999999998,93.31999999999994,1,1,1.0
1724157154977361700,19,351.87,356.4,143.63,100.20000000000005,1,1,1.0
1724157154977361700,22,99.2,282.72,59.89999999999999,60.19999999999999,1,1,1.0
1724157154977361700,24,132.34,444.3,207.17,75.19999999999999,1,1,1.0
1724157154977361700,25,399.05,251.38,179.47999999999996,58.69,1,1,1.0
1724157154977361700,27,176.48,259.61,75.62,103.16999999999996,1,1,1.0
1724157154977361700,28,986.12,215.18,264.17999999999995,121.62,1,1,1.0
1724157154977361700,30,1133.63,299.31,74.66999999999985,69.12,1,1,1.0
1724157154977361700,32,136.9,190.4,189.42999999999998,58.69999999999999,1,1,1.0
1724157154977361700,33,547.05,349.04,213.05000000000007,96.25999999999999,1,1,1.0
1724157154977361700,34,0.23,349.01,132.79000000000002,110.09000000000003,1,1,1.0
1724157154977361700,36,117.8,137.82,70.8,90.68,1,1,1.0
1724157154977361700,37,51.77,145.84,65.16,75.88999999999999,1,1,1.0
1724157154977361700,38,13.2,558.11,235.74,108.11000000000001,1,1,1.0
1724157154977361700,39,63.53,57.95,69.53999999999999,70.98,1,1,1.0
1724157154977361700,41,0.27,325.07,39.04,71.85000000000002,1,1,1.0
1724157154977361700,42,756.02,69.55,126.90999999999997,83.60000000000001,1,1,1.0
1724157154977361700,43,1.18,123.14,51.27,58.61,1,1,1.0
1724157154977361700,45,1107.75,158.18,172.25,106.88,1,1,1.0
1724157154977361700,46,515.85,271.62,352.54999999999995,86.68,1,1,1.0
1724157155007824200,13,1129.0,560.83,151.0,106.09999999999991,1,1,1.0
1724157155007824200,15,498.16,503.72,230.29000000000002,65.41999999999996,1,1,1.0
1724157155007824200,17,353.26,549.21,220.24,97.05999999999995,1,1,1.0
1724157155007824200,19,355.85,362.71,145.09999999999997,96.98000000000002,1,1,1.0
1724157155007824200,22,102.39,282.88,61.980000000000004,62.01999999999998,1,1,1.0
1724157155007824200,24,133.75,446.5,210.18,71.79999999999995,1,1,1.0
1724157155007824200,25,405.25,252.88,181.75,63.22000000000003,1,1,1.0
1724157155007824200,27,174.7,261.49,78.31,103.70999999999998,1,1,1.0
1724157155007824200,28,1001.64,224.18,278.36,118.62,1,1,1.0
1724157155007824200,30,1154.37,314.7,61.0300000000002,50.170000000000016,1,1,1.0
1724157155007824200,32,139.5,192.63,190.67000000000002,60.170000000000016,1,1,1.0
1724157155007824200,33,559.09,348.86,210.43999999999994,102.71999999999997,1,1,1.0
1724157155007824200,34,0.15,351.53,133.76999999999998,108.97000000000003,1,1,1.0
1724157155007824200,36,125.07,140.97,66.20000000000002,85.72999999999999,1,1,1.0
1724157155007824200,37,50.53,149.52,66.64,76.94,1,1,1.0
1724157155007824200,38,27.0,561.1,222.8,112.0,1,1,1.0
1724157155007824200,39,66.43,60.87,76.57,75.82999999999998,1,1,1.0
1724157155007824200,41,0.0,326.83,39.33,74.47000000000003,1,1,1.0
1724157155007824200,42,754.66,67.84,137.24,86.06,1,1,1.0
1724157155007824200,43,1.04,125.97,51.49,60.21000000000001,1,1,1.0
1724157155007824200,45,1118.47,161.5,161.52999999999997,101.75999999999999,1,1,1.0
1724157155007824200,46,537.4,268.0,356.1,97.30000000000001,1,1,1.0
1724157155053213000,13,1153.3,562.45,126.70000000000005,98.75,1,1,1.0
1724157155053213000,15,505.92,504.6,228.68,67.13999999999999,1,1,1.0
1724157155053213000,17,363.42,550.09,218.07999999999998,100.80999999999995,1,1,1.0
1724157155053213000,19,359.83,369.02,146.57,93.75,1,1,1.0
1724157155053213000,22,99.96,284.78,63.95,63.97000000000003,1,1,1.0
1724157155053213000,24,135.15,448.7,213.18999999999997,68.40000000000003,1,1,1.0
1724157155053213000,25,417.32,254.82,173.28000000000003,67.28000000000003,1,1,1.0
1724157155053213000,27,175.58,263.59,77.78999999999999,101.16000000000003,1,1,1.0
1724157155053213000,28,1023.36,227.78,256.64,123.72,1,1,1.0
1724157155053213000,30,1169.19,312.92,61.01999999999998,50.16999999999996,1,1,1.0
1724157155053213000,32,134.3,194.86,199.7,61.639999999999986,1,1,1.0
1724157155053213000,33,571.12,348.69,207.83000000000004,109.16000000000003,1,1,1.0
1724157155053213000,34,0.08,354.05,134.75,107.84999999999997,1,1,1.0
1724157155053213000,36,128.3,141.28,59.28,80.02000000000001,1,1,1.0
1724157155053213000,37,49.3,153.2,68.10000000000001,78.0,1,1,1.0
1724157155053213000,38,41.7,564.1,209.0,110.55999999999995,1,1,1.0
1724157155053213000,39,65.74,62.04,80.19000000000001,77.24000000000001,1,1,1.0
1724157155053213000,41,0.0,331.58,38.42,72.90000000000003,1,1,1.0
1724157155053213000,42,756.52,70.32,139.27999999999997,86.98000000000002,1,1,1.0
1724157155053213000,43,0.9,128.8,51.7,61.79999999999998,1,1,1.0
1724157155053213000,45,1133.92,168.0,146.07999999999993,93.49000000000001,1,1,1.0
1724157155053213000,46,544.2,270.3,360.81999999999994,96.63999999999999,1,1,1.0
1724157155097481800,13,1175.9,572.59,104.09999999999991,85.86000000000001,1,1,1.0
1724157155097481800,15,513.68,505.49,227.07000000000005,68.85000000000002,1,1,1.0
1724157155097481800,17,372.44,548.31,218.14000000000004,105.74000000000001,1,1,1.0
1724157155097481800,19,363.82,375.33,148.01999999999998,90.53000000000003,1,1,1.0
1724157155097481800,22,99.64,289.84,62.30999999999999,61.910000000000025,1,1,1.0
1724157155097481800,24,136.56,450.9,216.2,65.0,1,1,1.0
1724157155097481800,25,420.72,254.99,164.67999999999995,88.20999999999998,1,1,1.0
1724157155097481800,27,176.45,265.69,77.28,98.61000000000001,1,1,1.0
1724157155097481800,28,1047.31,233.26,232.69000000000005,120.34000000000003,1,1,1.0
1724157155097481800,30,1186.96,314.7,61.02999999999997,50.170000000000016,1,1,1.0
1724157155097481800,32,132.3,196.5,203.2,69.69999999999999,1,1,1.0
1724157155097481800,33,583.16,348.52,205.22000000000003,115.61000000000001,1,1,1.0
1724157155097481800,34,0.0,356.58,135.73,106.72000000000003,1,1,1.0
1724157155097481800,36,125.02,142.7,68.96,80.44,1,1,1.0
1724157155097481800,37,55.14,153.29,66.16,73.51000000000002,1,1,1.0
1724157155097481800,38,54.7,568.17,199.82999999999998,111.18000000000006,1,1,1.0
1724157155097481800,39,65.06,63.2,83.78999999999999,78.66000000000001,1,1,1.0
1724157155097481800,41,0.0,333.4,39.03,72.97000000000003,1,1,1.0
1724157155097481800,42,757.62,71.0,147.08000000000004,89.69999999999999,1,1,1.0
1724157155097481800,43,0.76,131.63,54.940000000000005,61.870000000000005,1,1,1.0
1724157155097481800,45,1154.15,172.03,125.84999999999991,85.64000000000001,1,1,1.0
1724157155097481800,46,582.9,271.3,355.24,100.33999999999997,1,1,1.0
1724157155127919000,13,1198.5,582.73,81.5,72.97000000000003,1,1,1.0
1724157155127919000,15,521.16,507.89,225.22000000000003,68.18000000000006,1,1,1.0
1724157155127919000,17,381.47,546.53,218.17999999999995,110.67000000000007,1,1,1.0
1724157155127919000,19,367.8,381.64,149.48999999999995,87.31,1,1,1.0
1724157155127919000,22,97.61,292.96,64.05,63.31999999999999,1,1,1.0
1724157155127919000,24,137.97,453.1,219.20000000000002,61.60000000000002,1,1,1.0
1724157155127919000,25,429.01,258.36,157.19000000000005,89.21999999999997,1,1,1.0
1724157155127919000,27,177.33,267.79,76.75,96.06,1,1,1.0
1724157155127919000,28,1073.97,241.98,206.02999999999997,120.78999999999999,1,1,1.0
1724157155127919000,30,1199.41,315.29,61.01999999999998,50.16999999999996,1,1,1.0
1724157155127919000,32,143.88,196.65,194.25,70.6,1,1,1.0
1724157155127919000,33,595.2,348.35,202.5999999999999,122.04999999999995,1,1,1.0
1724157155127919000,34,0.4,356.3,141.29999999999998,110.69999999999999,1,1,1.0
1724157155127919000,36,121.74,144.12,78.64999999999999,80.85999999999999,1,1,1.0
1724157155127919000,37,53.4,154.57,69.13,77.13,1,1,1.0
1724157155127919000,38,67.7,572.24,190.65000000000003,111.79999999999995,1,1,1.0
1724157155127919000,39,64.37,64.37,87.41,80.07,1,1,1.0
1724157155127919000,41,0.2,334.94,39.26,73.29000000000002,1,1,1.0
1724157155127919000,42,758.72,71.69,151.95999999999992,91.71000000000001,1,1,1.0
1724157155127919000,43,0.87,132.24,55.43,63.06,1,1,1.0
1724157155127919000,45,1171.42,182.77,108.57999999999993,74.1,1,1,1.0
1724157155127919000,46,605.5,271.8,363.5,105.64999999999998,1,1,1.0
1724157155172130900,13,1216.4,594.71,63.59999999999991,69.99000000000001,1,1,1.0
1724157155172130900,15,524.26,507.54,230.48000000000002,70.13999999999993,1,1,1.0
1724157155172130900,17,390.49,544.75,218.24,115.60000000000002,1,1,1.0
1724157155172130900,19,371.79,390.71,150.95,84.09000000000003,1,1,1.0
1724157155172130900,22,95.72,294.48,66.19999999999999,65.47999999999996,1,1,1.0
1724157155172130900,24,139.38,455.3,222.20999999999998,58.19999999999999,1,1,1.0
1724157155172130900,25,437.3,261.74,149.7,90.20999999999998,1,1,1.0
1724157155172130900,27,178.2,269.89,76.24000000000001,93.50999999999999,1,1,1.0
1724157155172130900,28,1094.17,245.57,185.82999999999993,119.0,1,1,1.0
1724157155172130900,30,1217.77,320.03,61.02999999999997,50.170000000000016,1,1,1.0
1724157155172130900,32,155.46,196.8,185.30999999999997,71.50999999999999,1,1,1.0
1724157155172130900,33,604.59,350.51,201.51,128.39,1,1,1.0
1724157155172130900,34,0.2,357.0,142.18,110.30000000000001,1,1,1.0
1724157155172130900,36,118.46,145.53,88.33,81.28999999999999,1,1,1.0
1724157155172130900,37,48.72,151.4,70.58,81.15,1,1,1.0
1724157155172130900,38,80.7,576.31,181.48000000000002,112.42000000000007,1,1,1.0
1724157155172130900,39,63.69,65.53,91.00999999999999,81.49000000000001,1,1,1.0
1724157155172130900,41,0.69,335.95,39.47,73.44,1,1,1.0
1724157155172130900,42,759.82,72.38,156.82999999999993,93.72,1,1,1.0
1724157155172130900,43,0.98,132.85,55.92,64.25,1,1,1.0
1724157155172130900,45,1198.16,191.77,81.83999999999992,68.36999999999998,1,1,1.0
1724157155172130900,46,628.6,277.69,367.15999999999997,106.45999999999998,1,1,1.0
1724157155217338000,15,535.1,504.41,226.39999999999998,75.57999999999998,1,1,1.0
1724157155217338000,17,399.52,542.97,218.27999999999997,120.52999999999997,1,1,1.0
1724157155217338000,19,366.08,395.17,160.42000000000002,81.63,1,1,1.0
1724157155217338000,22,93.57,294.23,67.77000000000001,66.72999999999996,1,1,1.0
1724157155217338000,24,140.79,457.5,225.21,54.809999999999945,1,1,1.0
1724157155217338000,25,445.6,265.12,142.19999999999993,91.20999999999998,1,1,1.0
1724157155217338000,27,176.2,270.1,81.10000000000002,77.19999999999999,1,1,1.0
1724157155217338000,28,1119.8,248.63,160.20000000000005,121.37,1,1,1.0
1724157155217338000,30,1235.55,328.33,44.450000000000045,50.170000000000016,1,1,1.0
1724157155217338000,32,167.04,196.95,176.35999999999999,72.41000000000003,1,1,1.0
1724157155217338000,33,613.98,352.66,200.41999999999996,134.73999999999995,1,1,1.0
1724157155217338000,34,0.0,357.7,143.06,109.90000000000003,1,1,1.0
1724157155217338000,36,115.18,146.95,98.01999999999998,81.71000000000001,1,1,1.0
1724157155217338000,37,49.25,151.91,70.7,80.83000000000001,1,1,1.0
1724157155217338000,38,93.7,580.38,172.3,113.03999999999996,1,1,1.0
1724157155217338000,39,63.0,66.7,89.30000000000001,82.89999999999999,1,1,1.0
1724157155217338000,41,0.94,337.76,39.0,72.31,1,1,1.0
1724157155217338000,42,760.92,73.07,161.71000000000004,95.73000000000002,1,1,1.0
1724157155217338000,43,1.09,133.46,56.41,65.44,1,1,1.0
1724157155217338000,45,1221.84,197.07,58.16000000000008,74.24000000000001,1,1,1.0
1724157155217338000,46,648.1,281.83,373.36,107.18,1,1,1.0
1724157155250503500,15,544.4,509.14,228.68000000000006,76.16999999999996,1,1,1.0
1724157155250503500,17,404.16,549.73,221.32,117.38999999999999,1,1,1.0
1724157155250503500,19,359.79,397.13,166.91000000000003,80.67000000000002,1,1,1.0
1724157155250503500,22,90.45,295.05,69.96999999999998,68.5,1,1,1.0
1724157155250503500,24,145.0,457.48,223.60000000000002,55.35000000000002,1,1,1.0
1724157155250503500,25,453.89,268.5,134.71000000000004,92.19999999999999,1,1,1.0
1724157155250503500,27,175.8,271.7,81.30000000000001,78.90000000000003,1,1,1.0
1724157155250503500,28,1139.25,255.12,140.75,100.33999999999997,1,1,1.0
1724157155250503500,32,178.63,197.1,162.97000000000003,73.31000000000003,1,1,1.0
1724157155250503500,33,623.37,354.81,199.33000000000004,141.08999999999997,1,1,1.0
1724157155250503500,34,2.4,360.35,143.73,107.09999999999997,1,1,1.0
1724157155250503500,36,111.9,148.37,107.69999999999999,82.13,1,1,1.0
1724157155250503500,37,49.78,152.42,70.83,80.51000000000002,1,1,1.0
1724157155250503500,38,107.85,578.77,164.75000000000003,120.74000000000001,1,1,1.0
1724157155250503500,39,63.99,72.65,80.22,77.01999999999998,1,1,1.0
1724157155250503500,41,1.3,339.69,39.09,72.01999999999998,1,1,1.0
1724157155250503500,42,762.02,73.76,166.58000000000004,97.74,1,1,1.0
1724157155250503500,43,1.2,134.07,56.9,66.63,1,1,1.0
1724157155250503500,45,1243.23,201.49,36.76999999999998,74.24000000000001,1,1,1.0
1724157155250503500,46,678.1,285.57,372.38,108.35000000000002,1,1,1.0
1724157155250503500,47,0.0,479.54,40.14,51.23999999999995,1,1,1.0
1724157155296304100,15,553.7,513.86,230.94999999999993,76.75999999999999,1,1,1.0
1724157155296304100,17,408.8,556.5,224.34999999999997,114.25,1,1,1.0
1724157155296304100,19,356.91,401.4,173.98999999999995,79.70000000000005,1,1,1.0
1724157155296304100,22,90.89,295.79,71.01,69.22999999999996,1,1,1.0
1724157155296304100,24,149.22,457.46,221.98,55.900000000000034,1,1,1.0
1724157155296304100,25,462.02,268.04,127.58000000000004,96.50999999999999,1,1,1.0
1724157155296304100,27,173.1,271.97,84.97,82.35999999999996,1,1,1.0
1724157155296304100,28,1161.31,260.32,118.69000000000005,80.45999999999998,1,1,1.0
1724157155296304100,32,185.99,202.06,160.90999999999997,65.79000000000002,1,1,1.0
1724157155296304100,33,624.75,359.69,209.70000000000005,149.51,1,1,1.0
1724157155296304100,34,4.8,363.0,144.39999999999998,104.30000000000001,1,1,1.0
1724157155296304100,36,109.58,147.79,113.24,83.46000000000001,1,1,1.0
1724157155296304100,37,50.31,152.93,70.95,80.19,1,1,1.0
1724157155296304100,38,122.0,577.15,157.2,128.45000000000005,1,1,1.0
1724157155296304100,39,62.2,73.39,80.18999999999998,76.80999999999999,1,1,1.0
1724157155296304100,41,1.12,340.81,38.86,71.43,1,1,1.0
1724157155296304100,42,757.0,77.73,179.70000000000005,96.96999999999998,1,1,1.0
1724157155296304100,43,1.31,134.68,53.43,59.94999999999999,1,1,1.0
1724157155296304100,46,702.5,287.73,377.19000000000005,111.79999999999995,1,1,1.0
1724157155296304100,47,0.0,478.87,44.45,51.58000000000004,1,1,1.0
1724157155337958900,15,563.0,518.59,233.23000000000002,77.35000000000002,1,1,1.0
1724157155337958900,17,413.45,563.26,227.38000000000005,111.12,1,1,1.0
1724157155337958900,19,354.03,405.67,181.07000000000005,78.72999999999996,1,1,1.0
1724157155337958900,22,91.25,295.26,72.11000000000001,69.99000000000001,1,1,1.0
1724157155337958900,24,153.43,457.44,220.37,56.44999999999999,1,1,1.0
1724157155337958900,25,470.16,267.58,120.44,100.82,1,1,1.0
1724157155337958900,27,170.4,272.23,88.62999999999997,85.83999999999997,1,1,1.0
1724157155337958900,28,1210.71,276.74,69.28999999999996,61.93000000000001,1,1,1.0
1724157155337958900,32,183.1,200.86,166.31000000000003,65.19999999999999,1,1,1.0
1724157155337958900,33,626.14,364.57,220.06000000000006,157.93,1,1,1.0
1724157155337958900,34,7.4,362.92,141.51999999999998,103.38,1,1,1.0
1724157155337958900,36,107.26,147.21,118.77,84.78999999999999,1,1,1.0
1724157155337958900,37,50.84,153.45,71.08,79.87,1,1,1.0
1724157155337958900,38,152.9,575.54,132.9,139.46000000000004,1,1,1.0
1724157155337958900,39,60.26,75.88,75.43,72.13,1,1,1.0
1724157155337958900,41,0.66,341.19,40.1,73.69999999999999,1,1,1.0
1724157155337958900,42,754.01,85.93,196.19000000000005,94.07,1,1,1.0
1724157155337958900,43,1.68,133.8,54.99,61.379999999999995,1,1,1.0
1724157155337958900,46,741.2,292.43,391.0899999999999,118.43,1,1,1.0
1724157155337958900,47,0.0,478.21,48.76,51.920000000000016,1,1,1.0
1724157155412901200,15,571.54,523.76,230.16000000000008,79.74000000000001,1,1,1.0
1724157155412901200,17,422.73,574.94,236.19999999999993,109.83999999999992,1,1,1.0
1724157155412901200,19,357.76,413.02,188.03999999999996,76.88,1,1,1.0
1724157155412901200,22,90.12,293.98,72.41,69.63999999999999,1,1,1.0
1724157155412901200,24,161.85,457.4,217.15,57.55000000000007,1,1,1.0
1724157155412901200,25,486.42,266.65,106.18,109.45000000000005,1,1,1.0
1724157155412901200,27,167.66,272.15,93.09,90.59000000000003,1,1,1.0
1724157155412901200,28,1241.91,286.11,38.08999999999992,57.079999999999984,1,1,1.0
1724157155412901200,32,177.3,198.45,177.14,64.02000000000004,1,1,1.0
1724157155412901200,33,634.77,371.66,220.63,159.44,1,1,1.0
1724157155412901200,34,12.47,362.93,139.26,99.74000000000001,1,1,1.0
1724157155412901200,36,102.62,146.05,129.85,87.44999999999999,1,1,1.0
1724157155412901200,37,51.9,154.47,71.33000000000001,79.22999999999999,1,1,1.0
1724157155412901200,38,161.7,572.31,125.19999999999999,145.9000000000001,1,1,1.0
1724157155412901200,39,56.88,77.09,71.74000000000001,68.32999999999998,1,1,1.0
1724157155412901200,41,0.0,341.15,41.13,73.38,1,1,1.0
1724157155412901200,42,749.63,84.8,208.47000000000003,102.05,1,1,1.0
1724157155412901200,43,1.67,133.62,56.94,63.099999999999994,1,1,1.0
1724157155412901200,46,759.7,296.71,409.70000000000005,127.82,1,1,1.0
1724157155412901200,47,0.0,477.05,57.55,55.74999999999994,1,1,1.0
1724157155459579700,15,591.07,525.37,222.7299999999999,82.13,1,1,1.0
1724157155459579700,17,427.36,579.86,241.99,111.68999999999994,1,1,1.0
1724157155459579700,19,368.18,413.16,187.76000000000005,76.71999999999997,1,1,1.0
1724157155459579700,22,88.59,294.39,72.57,69.16000000000003,1,1,1.0
1724157155459579700,24,175.31,457.42,200.64999999999998,62.31999999999999,1,1,1.0
1724157155459579700,25,495.57,265.45,100.75000000000006,115.19999999999999,1,1,1.0
1724157155459579700,27,167.61,271.8,93.88999999999999,91.88,1,1,1.0
1724157155459579700,32,174.4,197.25,182.54999999999998,63.420000000000016,1,1,1.0
1724157155459579700,33,648.24,375.66,230.65999999999997,174.33999999999997,1,1,1.0
1724157155459579700,34,19.23,363.02,135.58,95.71000000000004,1,1,1.0
1724157155459579700,36,100.3,145.47,135.38,88.78,1,1,1.0
1724157155459579700,37,55.28,155.43,63.129999999999995,71.53,1,1,1.0
1724157155459579700,38,170.67,571.65,123.13000000000002,146.30000000000007,1,1,1.0
1724157155459579700,39,57.56,77.96,70.69999999999999,66.42,1,1,1.0
1724157155459579700,41,0.0,341.11,41.5,72.25999999999999,1,1,1.0
1724157155459579700,42,747.44,84.24,214.6099999999999,106.04,1,1,1.0
1724157155459579700,43,2.15,134.07,57.190000000000005,62.98000000000002,1,1,1.0
1724157155459579700,46,800.7,299.27,435.0,138.23000000000002,1,1,1.0
1724157155459579700,47,0.0,476.55,62.03,59.24999999999994,1,1,1.0
1724157155536847800,15,606.21,521.84,229.49,88.55999999999995,1,1,1.0
1724157155536847800,17,436.64,589.69,253.56000000000006,115.40999999999997,1,1,1.0
1724157155536847800,19,388.44,414.62,187.19,76.40999999999997,1,1,1.0
1724157155536847800,22,81.89,293.49,76.55,72.64999999999998,1,1,1.0
1724157155536847800,24,184.43,458.48,195.96999999999997,60.68999999999994,1,1,1.0
1724157155536847800,25,513.88,263.05,89.87,126.69999999999999,1,1,1.0
1724157155536847800,27,167.52,271.1,95.47999999999999,94.44999999999999,1,1,1.0
1724157155536847800,32,170.0,194.84,191.97000000000003,62.24999999999997,1,1,1.0
1724157155536847800,33,676.84,383.82,227.76,179.47999999999996,1,1,1.0
1724157155536847800,34,35.62,363.6,120.28,85.72999999999996,1,1,1.0
1724157155536847800,36,92.8,142.92,128.07,84.58000000000001,1,1,1.0
1724157155536847800,37,55.42,157.71,51.209999999999994,66.76999999999998,1,1,1.0
1724157155536847800,38,166.12,583.0,130.14999999999998,135.76999999999998,1,1,1.0
1724157155536847800,39,57.86,77.75,76.04,65.35,1,1,1.0
1724157155536847800,41,0.0,341.3,39.75,67.94999999999999,1,1,1.0
1724157155536847800,42,751.6,85.91,233.29999999999995,115.28999999999999,1,1,1.0
1724157155536847800,43,4.1,137.62,53.18,57.09,1,1,1.0
1724157155536847800,46,850.0,309.5,430.0,142.74,1,1,1.0
1724157155536847800,47,0.6,476.07,60.69,54.96999999999997,1,1,1.0
1724157155536847800,48,0.0,416.2,74.79,51.639999999999986,1,1,1.0
1724157155566808600,15,611.47,516.86,225.92999999999995,94.43999999999994,1,1,1.0
1724157155566808600,17,445.17,588.91,254.40000000000003,118.43000000000006,1,1,1.0
1724157155566808600,19,404.2,415.95,186.90000000000003,76.25,1,1,1.0
1724157155566808600,22,80.36,292.32,77.14,73.74000000000001,1,1,1.0
1724157155566808600,24,193.15,458.58,188.73999999999998,58.25000000000006,1,1,1.0
1724157155566808600,25,523.03,261.85,84.44000000000005,132.45,1,1,1.0
1724157155566808600,27,159.2,270.8,103.30000000000001,101.5,1,1,1.0
1724157155566808600,32,172.17,193.64,192.32000000000002,61.650000000000006,1,1,1.0
1724157155566808600,33,691.97,387.99,225.42999999999995,183.80999999999995,1,1,1.0
1724157155566808600,34,39.0,364.02,110.16999999999999,79.85000000000002,1,1,1.0
1724157155566808600,36,88.95,141.36,139.06,81.72,1,1,1.0
1724157155566808600,37,54.84,158.98,48.61,64.68,1,1,1.0
1724157155566808600,38,164.51,585.07,130.14,134.01,1,1,1.0
1724157155566808600,39,52.3,76.79,76.38000000000001,63.62999999999998,1,1,1.0
1724157155566808600,41,0.0,339.9,40.8,66.60000000000002,1,1,1.0
1724157155566808600,42,761.83,85.2,235.18999999999994,118.51,1,1,1.0
1724157155566808600,43,1.94,135.02,54.120000000000005,58.00999999999999,1,1,1.0
1724157155566808600,46,877.65,312.06,402.35,148.45999999999998,1,1,1.0
1724157155566808600,47,0.6,474.25,66.33000000000001,53.309999999999945,1,1,1.0
1724157155566808600,48,0.0,413.85,91.2,65.88,1,1,1.0
1724157155612053500,15,619.28,513.41,226.45000000000005,100.72000000000003,1,1,1.0
1724157155612053500,17,453.71,588.13,255.21999999999997,121.44000000000005,1,1,1.0
1724157155612053500,19,420.26,414.46,181.64,80.44,1,1,1.0
1724157155612053500,22,81.33,291.48,76.17,73.14999999999998,1,1,1.0
1724157155612053500,24,201.87,458.69,181.51999999999998,55.81,1,1,1.0
1724157155612053500,25,532.18,260.65,79.0,138.20000000000005,1,1,1.0
1724157155612053500,27,158.9,268.77,99.53,98.52000000000004,1,1,1.0
1724157155612053500,32,174.35,192.43,192.65,61.06999999999999,1,1,1.0
1724157155612053500,33,707.1,392.16,221.69999999999993,186.04000000000002,1,1,1.0
1724157155612053500,34,46.9,363.49,100.41999999999999,67.90999999999997,1,1,1.0
1724157155612053500,36,85.1,139.79,150.05,78.88,1,1,1.0
1724157155612053500,37,54.27,160.25,46.01,62.59,1,1,1.0
1724157155612053500,38,162.91,587.13,130.10999999999999,132.26,1,1,1.0
1724157155612053500,39,51.4,76.48,75.89000000000001,61.07000000000001,1,1,1.0
1724157155612053500,41,0.0,338.5,41.85,65.24000000000001,1,1,1.0
1724157155612053500,42,772.06,84.48,237.09000000000003,121.74999999999999,1,1,1.0
1724157155612053500,43,0.5,133.71,54.52,58.609999999999985,1,1,1.0
1724157155612053500,46,896.23,312.19,383.77,154.76,1,1,1.0
1724157155612053500,47,0.6,472.42,71.96000000000001,51.660000000000025,1,1,1.0
1724157155612053500,48,0.0,408.4,106.84,74.02000000000004,1,1,1.0
1724157155661448000,15,627.08,509.96,226.99,107.01000000000005,1,1,1.0
1724157155661448000,17,462.24,587.35,256.05999999999995,124.45999999999992,1,1,1.0
1724157155661448000,19,428.09,415.47,181.81,78.77999999999997,1,1,1.0
1724157155661448000,22,83.47,291.23,74.58000000000001,72.03999999999996,1,1,1.0
1724157155661448000,24,210.59,458.8,174.29,53.35999999999996,1,1,1.0
1724157155661448000,25,541.34,259.45,73.55999999999995,143.95,1,1,1.0
1724157155661448000,27,154.8,266.94,103.78999999999996,99.86000000000001,1,1,1.0
1724157155661448000,32,168.6,190.37,201.44000000000003,62.03999999999999,1,1,1.0
1724157155661448000,33,714.56,398.02,229.09000000000003,190.56000000000006,1,1,1.0
1724157155661448000,34,48.25,361.54,100.71000000000001,64.45999999999998,1,1,1.0
1724157155661448000,36,81.25,138.23,161.03,76.02000000000001,1,1,1.0
1724157155661448000,37,53.7,161.53,43.39999999999999,60.47999999999999,1,1,1.0
1724157155661448000,38,161.3,589.2,130.09999999999997,130.49,1,1,1.0
1724157155661448000,39,52.7,74.51,73.57,58.290000000000006,1,1,1.0
1724157155661448000,41,0.0,337.1,42.9,63.889999999999986,1,1,1.0
1724157155661448000,42,784.66,86.14,238.98000000000002,124.97000000000001,1,1,1.0
1724157155661448000,43,0.25,132.57,54.93,59.099999999999994,1,1,1.0
1724157155661448000,46,921.87,313.44,358.13,159.76999999999998,1,1,1.0
1724157155661448000,47,0.6,470.6,77.60000000000001,50.0,1,1,1.0
1724157155661448000,48,0.0,404.4,126.77,81.61000000000001,1,1,1.0
1724157155689733700,15,634.89,506.5,227.51,113.29999999999995,1,1,1.0
1724157155689733700,17,470.77,586.57,256.9,127.4799999999999,1,1,1.0
1724157155689733700,19,435.93,416.48,181.96999999999997,77.12,1,1,1.0
1724157155689733700,22,88.1,289.04,72.84,71.33999999999997,1,1,1.0
1724157155689733700,24,216.03,459.24,175.71,53.84000000000003,1,1,1.0
1724157155689733700,25,545.23,266.33,76.81999999999994,139.7,1,1,1.0
1724157155689733700,27,153.33,264.96,106.83000000000001,99.11000000000001,1,1,1.0
1724157155689733700,32,174.5,188.31,198.57999999999998,63.02000000000001,1,1,1.0
1724157155689733700,33,722.01,403.88,236.49,195.07000000000005,1,1,1.0
1724157155689733700,34,49.6,359.6,101.0,62.40999999999997,1,1,1.0
1724157155689733700,36,77.4,136.67,172.01999999999998,73.16000000000003,1,1,1.0
1724157155689733700,37,54.59,181.9,57.349999999999994,41.81999999999999,1,1,1.0
1724157155689733700,38,168.53,588.43,125.89000000000001,131.32000000000005,1,1,1.0
1724157155689733700,39,52.7,70.36,75.61999999999999,60.80999999999999,1,1,1.0
1724157155689733700,41,0.0,331.9,45.4,68.01000000000005,1,1,1.0
1724157155689733700,42,797.26,87.8,240.87000000000012,128.2,1,1,1.0
1724157155689733700,43,1.17,130.83,55.71,59.66999999999999,1,1,1.0
1724157155689733700,46,947.62,315.86,332.38,162.45999999999998,1,1,1.0
1724157155689733700,47,0.3,472.6,85.9,39.0,1,1,1.0
1724157155689733700,48,0.0,400.41,146.7,89.19999999999999,1,1,1.0
1724157155734487500,15,642.5,509.43,228.48000000000002,114.10999999999996,1,1,1.0
1724157155734487500,17,491.1,584.23,260.29999999999995,130.16999999999996,1,1,1.0
1724157155734487500,19,443.76,417.48,189.32000000000005,79.07,1,1,1.0
1724157155734487500,22,91.71,286.64,69.76,70.16000000000003,1,1,1.0
1724157155734487500,24,221.47,459.68,177.13000000000002,54.31999999999999,1,1,1.0
1724157155734487500,25,549.12,273.21,80.08000000000004,135.44,1,1,1.0
1724157155734487500,27,151.87,262.98,109.86000000000001,98.34999999999997,1,1,1.0
1724157155734487500,32,180.35,186.25,195.77,64.0,1,1,1.0
1724157155734487500,33,729.47,409.74,243.88,199.59000000000003,1,1,1.0
1724157155734487500,34,55.22,356.98,99.88,56.71999999999997,1,1,1.0
1724157155734487500,36,73.55,135.1,183.01,70.32,1,1,1.0
1724157155734487500,37,55.09,180.45,58.53999999999999,41.150000000000006,1,1,1.0
1724157155734487500,38,175.75,587.66,121.68,132.16000000000008,1,1,1.0
1724157155734487500,39,51.4,67.48,80.44999999999999,63.52999999999999,1,1,1.0
1724157155734487500,41,0.0,330.81,43.47,64.52999999999997,1,1,1.0
1724157155734487500,42,817.56,94.94,242.76999999999998,131.42000000000002,1,1,1.0
1724157155734487500,43,1.94,132.82,55.92,59.41,1,1,1.0
1724157155734487500,46,994.93,325.84,285.07000000000005,160.11,1,1,1.0
1724157155734487500,47,0.0,471.6,102.08,31.0,1,1,1.0
1724157155734487500,48,0.0,396.41,181.6,96.78999999999996,1,1,1.0
1724157155816315200,15,657.73,515.28,230.40999999999997,115.74000000000001,1,1,1.0
1724157155816315200,17,501.08,587.85,257.75000000000006,127.94999999999993,1,1,1.0
1724157155816315200,19,441.16,422.28,200.51999999999992,76.22000000000003,1,1,1.0
1724157155816315200,22,96.19,282.04,65.55000000000001,68.76999999999998,1,1,1.0
1724157155816315200,24,233.46,459.46,174.43999999999997,55.240000000000066,1,1,1.0
1724157155816315200,25,556.9,286.97,86.60000000000002,126.92999999999995,1,1,1.0
1724157155816315200,27,148.39,260.8,114.11000000000001,99.61000000000001,1,1,1.0
1724157155816315200,32,192.81,182.12,189.39,65.94999999999999,1,1,1.0
1724157155816315200,33,740.34,424.05,262.3399999999999,206.53000000000003,1,1,1.0
1724157155816315200,34,60.72,351.92,90.11000000000001,62.99000000000001,1,1,1.0
1724157155816315200,36,67.55,130.54,198.45,66.05000000000001,1,1,1.0
1724157155816315200,37,56.09,177.55,60.92,39.81999999999999,1,1,1.0
1724157155816315200,38,190.2,586.12,113.27000000000004,133.82000000000005,1,1,1.0
1724157155816315200,39,54.5,64.71,80.65,64.77,1,1,1.0
1724157155816315200,41,0.0,327.47,42.05,65.25,1,1,1.0
1724157155816315200,42,828.22,96.95,249.18000000000006,135.98000000000002,1,1,1.0
1724157155816315200,43,2.46,129.09,58.61,61.329999999999984,1,1,1.0
1724157155816315200,46,1016.86,327.9,263.14,153.75,1,1,1.0
1724157155816315200,48,0.0,386.65,197.55,105.68,1,1,1.0
1724157155856710700,15,665.34,518.2,231.38,116.55999999999995,1,1,1.0
1724157155856710700,17,510.33,589.9,255.62000000000006,127.30000000000007,1,1,1.0
1724157155856710700,19,440.21,426.08,209.14000000000004,73.82,1,1,1.0
1724157155856710700,22,97.52,280.21,65.19000000000001,69.45000000000005,1,1,1.0
1724157155856710700,24,240.55,456.42,171.64999999999998,58.150000000000034,1,1,1.0
1724157155856710700,25,557.56,291.61,96.24000000000001,124.58999999999997,1,1,1.0
1724157155856710700,27,148.09,258.7,112.93999999999997,97.34000000000003,1,1,1.0
1724157155856710700,32,196.5,180.06,183.0,66.93,1,1,1.0
1724157155856710700,33,743.75,432.5,273.4,208.95000000000005,1,1,1.0
1724157155856710700,34,62.43,349.8,90.63999999999999,59.69999999999999,1,1,1.0
1724157155856710700,36,65.4,127.54,202.9,64.64,1,1,1.0
1724157155856710700,37,56.59,176.1,62.11,39.150000000000006,1,1,1.0
1724157155856710700,38,187.95,586.46,121.35000000000002,133.53999999999996,1,1,1.0
1724157155856710700,39,54.4,60.95,79.9,61.75999999999999,1,1,1.0
1724157155856710700,41,0.92,323.41,40.85,67.28999999999996,1,1,1.0
1724157155856710700,42,837.37,99.62,253.68999999999994,137.29999999999998,1,1,1.0
1724157155856710700,43,0.47,120.05,61.78,64.92,1,1,1.0
1724157155856710700,46,1041.01,336.88,238.99,144.17000000000002,1,1,1.0
1724157155856710700,48,0.0,381.78,213.0,110.12,1,1,1.0
1724157155887522000,15,672.95,521.13,232.3499999999999,117.37,1,1,1.0
1724157155887522000,17,519.57,591.96,253.51,126.63999999999999,1,1,1.0
1724157155887522000,19,439.26,429.87,217.76999999999998,71.43,1,1,1.0
1724157155887522000,22,98.34,278.92,63.94999999999999,69.21999999999997,1,1,1.0
1724157155887522000,24,247.63,453.38,168.87,61.07000000000005,1,1,1.0
1724157155887522000,25,552.99,293.82,115.21000000000004,122.28000000000003,1,1,1.0
1724157155887522000,27,147.8,256.6,111.76999999999998,95.07,1,1,1.0
1724157155887522000,32,205.2,178.0,176.39,67.9,1,1,1.0
1724157155887522000,33,747.17,440.94,284.46000000000015,211.39000000000004,1,1,1.0
1724157155887522000,34,62.25,347.4,93.4,55.93000000000001,1,1,1.0
1724157155887522000,36,63.25,124.53,207.35000000000002,63.22999999999999,1,1,1.0
1724157155887522000,37,54.94,171.16,65.12,40.379999999999995,1,1,1.0
1724157155887522000,38,187.38,584.58,121.56,135.41999999999996,1,1,1.0
1724157155887522000,39,53.3,56.71,84.58999999999999,64.97999999999999,1,1,1.0
1724157155887522000,41,0.46,319.36,41.019999999999996,65.21999999999997,1,1,1.0
1724157155887522000,42,844.74,102.87,263.51,143.04,1,1,1.0
1724157155887522000,43,1.48,115.6,63.11000000000001,66.03,1,1,1.0
1724157155887522000,46,1071.13,351.72,208.8699999999999,129.59999999999997,1,1,1.0
1724157155887522000,48,0.0,376.9,229.1,109.25,1,1,1.0
1724157155887522000,49,0.0,185.83,25.86,40.81999999999999,1,1,1.0
1724157155934261200,15,680.77,529.28,235.33000000000004,121.12,1,1,1.0
1724157155934261200,17,528.81,594.02,251.3900000000001,125.98000000000002,1,1,1.0
1724157155934261200,19,438.3,433.66,226.40000000000003,69.03999999999996,1,1,1.0
1724157155934261200,22,101.54,275.65,60.83999999999999,66.57000000000005,1,1,1.0
1724157155934261200,24,254.72,450.34,166.08,63.980000000000075,1,1,1.0
1724157155934261200,25,553.31,295.21,121.04000000000008,123.90000000000003,1,1,1.0
1724157155934261200,27,147.5,254.5,110.60000000000002,92.80000000000001,1,1,1.0
1724157155934261200,32,208.6,176.49,173.79999999999998,69.42999999999998,1,1,1.0
1724157155934261200,33,750.59,449.39,295.5099999999999,213.81000000000006,1,1,1.0
1724157155934261200,34,62.08,345.0,96.14999999999999,52.160000000000025,1,1,1.0
1724157155934261200,36,61.1,121.53,211.79999999999998,61.81999999999999,1,1,1.0
1724157155934261200,37,53.28,166.22,68.14,41.599999999999994,1,1,1.0
1724157155934261200,38,184.9,578.62,127.08000000000001,141.38,1,1,1.0
1724157155934261200,39,57.54,54.27,82.33000000000001,65.38,1,1,1.0
1724157155934261200,41,0.0,315.3,41.2,63.15999999999997,1,1,1.0
1724157155934261200,42,848.56,107.32,275.34000000000015,147.38,1,1,1.0
1724157155934261200,43,1.18,111.73,63.82,64.67,1,1,1.0
1724157155934261200,46,1103.89,362.4,176.1099999999999,114.44,1,1,1.0
1724157155934261200,48,0.0,372.02,245.2,108.38,1,1,1.0
1724157155934261200,49,0.13,181.97,25.86,40.81,1,1,1.0
1724157155978654900,15,688.6,537.43,238.29999999999995,124.87,1,1,1.0
1724157155978654900,17,540.43,601.44,255.7700000000001,118.55999999999995,1,1,1.0
1724157155978654900,19,445.16,433.41,229.44,74.08999999999997,1,1,1.0
1724157155978654900,22,104.37,269.88,59.870000000000005,65.98000000000002,1,1,1.0
1724157155978654900,24,261.8,447.3,163.3,66.90000000000003,1,1,1.0
1724157155978654900,25,549.91,295.05,138.57000000000005,123.75,1,1,1.0
1724157155978654900,27,152.37,251.24,104.19,93.44,1,1,1.0
1724157155978654900,32,217.17,173.91,164.16,67.66,1,1,1.0
1724157155978654900,33,763.25,461.24,302.0799999999999,215.96000000000004,1,1,1.0
1724157155978654900,34,68.6,339.2,92.22,51.80000000000001,1,1,1.0
1724157155978654900,36,59.75,117.59,218.61,61.21000000000001,1,1,1.0
1724157155978654900,37,51.62,161.28,71.16,42.83000000000001,1,1,1.0
1724157155978654900,38,182.42,572.66,132.6,147.34000000000003,1,1,1.0
1724157155978654900,39,60.39,48.12,84.49,67.17000000000002,1,1,1.0
1724157155978654900,41,0.0,311.95,41.53,67.56,1,1,1.0
1724157155978654900,42,855.93,110.57,293.37,155.73000000000002,1,1,1.0
1724157155978654900,43,0.89,107.87,64.53,63.29999999999998,1,1,1.0
1724157155978654900,46,1166.89,382.16,113.1099999999999,85.53999999999996,1,1,1.0
1724157155978654900,48,0.0,368.35,284.3,111.88999999999999,1,1,1.0
1724157155978654900,49,0.27,178.1,25.85,40.81999999999999,1,1,1.0
1724157156009508800,15,696.42,545.58,241.2800000000001,128.62,1,1,1.0
1724157156009508800,17,543.23,610.98,248.87,109.01999999999998,1,1,1.0
1724157156009508800,19,452.02,433.16,232.48000000000002,79.13999999999993,1,1,1.0
1724157156009508800,22,106.25,266.67,60.05000000000001,65.90999999999997,1,1,1.0
1724157156009508800,24,268.95,447.1,158.73000000000002,67.41999999999996,1,1,1.0
1724157156009508800,25,546.52,294.89,156.08000000000004,123.61000000000001,1,1,1.0
1724157156009508800,27,157.24,247.98,97.76999999999998,94.07000000000002,1,1,1.0
1724157156009508800,32,225.73,171.33,154.54,65.88,1,1,1.0
1724157156009508800,33,775.91,473.08,308.65999999999997,218.12000000000006,1,1,1.0
1724157156009508800,34,66.58,334.5,95.3,52.19999999999999,1,1,1.0
1724157156009508800,36,58.4,113.65,225.42,60.59,1,1,1.0
1724157156009508800,37,49.96,156.34,74.18,44.06,1,1,1.0
1724157156009508800,38,179.94,566.7,138.12,153.29999999999995,1,1,1.0
1724157156009508800,39,65.91,42.81,84.69,67.24,1,1,1.0
1724157156009508800,41,0.0,307.22,43.7,66.67999999999995,1,1,1.0
1724157156009508800,42,859.2,111.78,299.79999999999995,165.02,1,1,1.0
1724157156009508800,43,0.59,104.0,65.24,61.94999999999999,1,1,1.0
1724157156009508800,46,1192.92,392.04,87.07999999999993,79.69999999999999,1,1,1.0
1724157156009508800,48,0.0,364.67,301.1,115.40999999999997,1,1,1.0
1724157156009508800,49,0.4,174.24,25.860000000000003,40.81,1,1,1.0
1724157156055207300,15,704.21,548.39,240.7199999999999,135.19000000000005,1,1,1.0
1724157156055207300,17,543.45,620.19,257.94999999999993,99.80999999999995,1,1,1.0
1724157156055207300,19,458.88,432.91,235.51999999999998,84.19,1,1,1.0
1724157156055207300,22,107.09,264.29,60.81999999999999,66.25999999999999,1,1,1.0
1724157156055207300,24,276.1,446.9,154.14999999999998,67.95000000000005,1,1,1.0
1724157156055207300,25,543.12,294.73,165.17999999999995,122.76999999999998,1,1,1.0
1724157156055207300,27,161.66,244.55,94.28999999999999,90.56,1,1,1.0
1724157156055207300,32,234.3,168.76,144.89999999999998,64.10000000000002,1,1,1.0
1724157156055207300,33,788.57,484.93,315.2299999999999,220.27000000000004,1,1,1.0
1724157156055207300,34,64.55,329.8,98.39,52.599999999999966,1,1,1.0
1724157156055207300,36,62.9,109.7,226.39000000000001,59.980000000000004,1,1,1.0
1724157156055207300,37,48.3,151.4,77.2,45.28,1,1,1.0
1724157156055207300,38,177.46,584.0,143.64000000000001,136.0,1,1,1.0
1724157156055207300,39,72.2,38.24,84.71,66.80000000000001,1,1,1.0
1724157156055207300,41,0.29,301.1,44.230000000000004,69.69999999999999,1,1,1.0
1724157156055207300,42,869.45,117.67,306.3499999999999,166.13,1,1,1.0
1724157156055207300,43,0.3,100.14,65.95,60.58,1,1,1.0
1724157156055207300,46,1214.22,401.08,65.77999999999997,78.44,1,1,1.0
1724157156055207300,48,0.0,360.99,317.7,118.93,1,1,1.0
1724157156055207300,49,0.53,169.44,28.41,41.22999999999999,1,1,1.0
1724157156100603700,15,711.99,551.2,240.15999999999997,141.75,1,1,1.0
1724157156100603700,17,550.48,627.07,242.01999999999998,92.92999999999995,1,1,1.0
1724157156100603700,19,469.44,430.47,235.51000000000005,88.45999999999992,1,1,1.0
1724157156100603700,22,104.39,261.49,61.67,67.31,1,1,1.0
1724157156100603700,24,283.25,446.7,149.57,68.46999999999997,1,1,1.0
1724157156100603700,25,540.42,296.06,175.0300000000001,124.19,1,1,1.0
1724157156100603700,27,164.56,241.18,93.5,89.71999999999997,1,1,1.0
1724157156100603700,32,239.6,166.18,138.20000000000002,62.329999999999984,1,1,1.0
1724157156100603700,33,798.86,490.45,317.87,224.00000000000006,1,1,1.0
1724157156100603700,34,62.53,325.1,101.47,53.0,1,1,1.0
1724157156100603700,36,69.5,105.76,225.25,59.36999999999999,1,1,1.0
1724157156100603700,37,46.9,141.22,84.6,48.53,1,1,1.0
1724157156100603700,38,174.98,578.5,145.82000000000002,141.5,1,1,1.0
1724157156100603700,39,75.4,34.69,85.38999999999999,66.89,1,1,1.0
1724157156100603700,41,0.0,297.0,44.03,75.44,1,1,1.0
1724157156100603700,42,877.18,114.63,312.62,177.57,1,1,1.0
1724157156100603700,43,0.0,96.27,66.66,59.22000000000001,1,1,1.0
1724157156100603700,47,0.0,454.66,69.0,33.339999999999975,1,1,1.0
1724157156100603700,48,0.0,357.31,335.2,122.44999999999999,1,1,1.0
1724157156100603700,49,0.67,164.65,30.95,41.629999999999995,1,1,1.0
1724157156133660300,15,719.78,554.01,239.60000000000002,148.32000000000005,1,1,1.0
1724157156133660300,17,556.11,637.54,240.59000000000003,82.46000000000004,1,1,1.0
1724157156133660300,19,480.01,428.03,235.49,92.72000000000003,1,1,1.0
1724157156133660300,22,104.65,258.08,62.879999999999995,68.68,1,1,1.0
1724157156133660300,24,290.4,446.5,145.0,69.0,1,1,1.0
1724157156133660300,25,537.73,297.4,184.87,125.60000000000002,1,1,1.0
1724157156133660300,27,168.54,238.78,90.26000000000002,88.97,1,1,1.0
1724157156133660300,32,249.17,163.35,130.47,63.099999999999994,1,1,1.0
1724157156133660300,33,810.41,497.1,316.80000000000007,222.63,1,1,1.0
1724157156133660300,34,60.21,322.54,95.69999999999999,54.52999999999997,1,1,1.0
1724157156133660300,36,79.9,101.82,220.30999999999997,58.75,1,1,1.0
1724157156133660300,37,47.95,132.02,88.57000000000001,53.48999999999998,1,1,1.0
1724157156133660300,38,166.8,579.2,155.5,140.79999999999995,1,1,1.0
1724157156133660300,39,77.29,31.64,86.18999999999998,67.23,1,1,1.0
1724157156133660300,41,0.0,295.24,43.89,73.18,1,1,1.0
1724157156133660300,42,885.26,122.95,319.19000000000005,176.98000000000002,1,1,1.0
1724157156133660300,43,0.0,88.69,70.1,61.349999999999994,1,1,1.0
1724157156133660300,47,0.0,449.7,65.51,33.329999999999984,1,1,1.0
1724157156133660300,48,0.0,353.64,352.7,125.96000000000004,1,1,1.0
1724157156133660300,49,0.8,159.85,33.5,42.05000000000001,1,1,1.0
1724157156176893700,15,727.57,556.82,239.02999999999997,154.88,1,1,1.0
1724157156176893700,17,561.37,638.86,233.42999999999995,81.13999999999999,1,1,1.0
1724157156176893700,19,490.57,425.58,235.47999999999996,97.00000000000006,1,1,1.0
1724157156176893700,22,102.73,253.87,65.55999999999999,71.93,1,1,1.0
1724157156176893700,24,297.25,446.93,140.8,69.82,1,1,1.0
1724157156176893700,25,535.03,298.74,194.72000000000003,127.00999999999999,1,1,1.0
1724157156176893700,27,174.79,233.99,86.64000000000001,89.18,1,1,1.0
1724157156176893700,32,258.75,160.52,122.74000000000001,63.879999999999995,1,1,1.0
1724157156176893700,33,822.18,503.33,312.67999999999995,216.67000000000002,1,1,1.0
1724157156176893700,34,54.33,316.79,105.27,59.51999999999998,1,1,1.0
1724157156176893700,36,88.13,97.88,217.54000000000002,58.129999999999995,1,1,1.0
1724157156176893700,37,49.0,122.82,92.53999999999999,58.45000000000002,1,1,1.0
1724157156176893700,38,171.44,582.6,151.86,137.39999999999998,1,1,1.0
1724157156176893700,39,79.12,27.52,87.24000000000001,67.55,1,1,1.0
1724157156176893700,41,0.0,289.47,41.64,71.46999999999997,1,1,1.0
1724157156176893700,42,900.96,126.42,316.3399999999999,184.38,1,1,1.0
1724157156176893700,43,0.3,80.77,71.3,62.980000000000004,1,1,1.0
1724157156176893700,47,0.0,443.7,68.0,26.400000000000034,1,1,1.0
1724157156176893700,48,0.4,352.68,367.20000000000005,122.83999999999997,1,1,1.0
1724157156176893700,49,0.7,152.85,34.3,43.25,1,1,1.0
1724157156210085300,15,733.2,556.7,239.4699999999999,157.76999999999998,1,1,1.0
1724157156210085300,17,566.64,640.17,226.26,79.83000000000004,1,1,1.0
1724157156210085300,19,501.13,423.14,235.47000000000003,101.25999999999999,1,1,1.0
1724157156210085300,22,99.93,248.08,67.98999999999998,75.75999999999996,1,1,1.0
1724157156210085300,24,304.1,447.35,136.59999999999997,70.64999999999998,1,1,1.0
1724157156210085300,25,532.33,300.08,204.56999999999994,128.42000000000002,1,1,1.0
1724157156210085300,27,181.05,229.19,83.01999999999998,89.39999999999998,1,1,1.0
1724157156210085300,32,268.32,157.69,115.00999999999999,64.65,1,1,1.0
1724157156210085300,33,833.78,512.2,303.06999999999994,207.79999999999995,1,1,1.0
1724157156210085300,34,47.12,312.58,113.38999999999999,63.69,1,1,1.0
1724157156210085300,36,96.37,93.93,214.76999999999998,57.53,1,1,1.0
1724157156210085300,37,50.05,113.63,96.51,63.41,1,1,1.0
1724157156210085300,38,156.39,574.8,166.11,145.20000000000005,1,1,1.0
1724157156210085300,39,81.34,23.7,87.94,67.42999999999999,1,1,1.0
1724157156210085300,41,0.0,286.26,41.18,70.68,1,1,1.0
1724157156210085300,42,917.54,134.77,314.69000000000005,185.10999999999999,1,1,1.0
1724157156210085300,43,0.6,72.85,72.5,64.61000000000001,1,1,1.0
1724157156210085300,47,0.0,440.22,70.98,22.899999999999977,1,1,1.0
1724157156210085300,48,0.8,351.72,381.7,119.71999999999997,1,1,1.0
1724157156210085300,49,0.6,145.86,35.1,44.44,1,1,1.0
1724157156257068900,15,746.4,557.8,232.33000000000004,159.43000000000006,1,1,1.0
1724157156257068900,17,571.9,641.49,219.10000000000002,78.50999999999999,1,1,1.0
1724157156257068900,19,513.11,422.13,232.78999999999996,104.87,1,1,1.0
1724157156257068900,22,98.44,243.22,69.5,78.07000000000002,1,1,1.0
1724157156257068900,24,310.95,447.78,132.40000000000003,71.47000000000003,1,1,1.0
1724157156257068900,25,525.32,301.74,219.27999999999997,128.15999999999997,1,1,1.0
1724157156257068900,27,187.3,224.4,79.39999999999998,89.60999999999999,1,1,1.0
1724157156257068900,32,277.9,154.86,107.27000000000004,65.41999999999999,1,1,1.0
1724157156257068900,33,842.11,523.45,287.2499999999999,196.54999999999995,1,1,1.0
1724157156257068900,34,37.69,306.98,121.61000000000001,71.10999999999996,1,1,1.0
1724157156257068900,36,104.6,89.99,212.00000000000003,56.91000000000001,1,1,1.0
1724157156257068900,37,51.1,104.43,100.48000000000002,68.37,1,1,1.0
1724157156257068900,38,145.57,577.46,169.45,142.49,1,1,1.0
1724157156257068900,39,83.5,19.42,90.19,68.3,1,1,1.0
1724157156257068900,41,0.0,279.45,42.82,73.77000000000004,1,1,1.0
1724157156257068900,42,934.12,147.86,313.05000000000007,185.83999999999997,1,1,1.0
1724157156257068900,43,0.9,64.94,73.69999999999999,66.24000000000001,1,1,1.0
1724157156257068900,48,1.2,350.76,396.2,116.60000000000002,1,1,1.0
1724157156257068900,49,0.5,138.86,35.9,45.639999999999986,1,1,1.0
1724157156299381000,15,760.56,559.28,224.24,160.72000000000003,1,1,1.0
1724157156299381000,17,593.09,642.8,196.01,77.20000000000005,1,1,1.0
1724157156299381000,19,534.2,427.6,230.26999999999998,108.05999999999995,1,1,1.0
1724157156299381000,22,98.0,233.37,70.78999999999999,79.21999999999997,1,1,1.0
1724157156299381000,24,317.8,448.2,128.2,72.30000000000001,1,1,1.0
1724157156299381000,25,520.98,304.51,233.41999999999996,125.69,1,1,1.0
1724157156299381000,27,197.9,213.07,69.9,94.38,1,1,1.0
1724157156299381000,32,295.0,153.05,91.94999999999999,65.03999999999999,1,1,1.0
1724157156299381000,33,866.01,544.11,259.51,175.89,1,1,1.0
1724157156299381000,34,33.35,297.1,132.05,81.88,1,1,1.0
1724157156299381000,36,136.4,82.16,180.92999999999998,56.56,1,1,1.0
1724157156299381000,37,55.8,95.23,100.8,66.77,1,1,1.0
1724157156299381000,38,134.74,580.12,172.8,139.77999999999997,1,1,1.0
1724157156299381000,39,85.35,12.19,95.08000000000001,71.0,1,1,1.0
1724157156299381000,41,0.0,266.87,46.86,78.88,1,1,1.0
1724157156299381000,42,968.6,173.73,311.4,186.57000000000002,1,1,1.0
1724157156299381000,43,1.2,57.02,74.89999999999999,67.87,1,1,1.0
1724157156299381000,48,1.6,349.8,426.09999999999997,113.47999999999996,1,1,1.0
1724157156299381000,49,0.4,131.87,36.7,46.829999999999984,1,1,1.0
1724157156375622100,15,769.21,567.84,220.99,150.86,1,1,1.0
1724157156375622100,17,603.5,637.04,192.45000000000005,82.96000000000004,1,1,1.0
1724157156375622100,19,549.44,430.13,227.8599999999999,108.62,1,1,1.0
1724157156375622100,22,96.83,223.56,72.86,81.08999999999997,1,1,1.0
1724157156375622100,24,283.53,444.8,166.27000000000004,78.59999999999997,1,1,1.0
1724157156375622100,25,512.32,310.04,256.17999999999995,120.75999999999999,1,1,1.0
1724157156375622100,27,202.1,204.23,68.73999999999998,93.16999999999999,1,1,1.0
1724157156375622100,32,305.95,149.42,84.55000000000001,64.28,1,1,1.0
1724157156375622100,33,868.6,562.38,258.4999999999999,157.62,1,1,1.0
1724157156375622100,34,35.05,291.9,132.35000000000002,86.76000000000005,1,1,1.0
1724157156375622100,36,137.27,74.16,189.34,57.53999999999999,1,1,1.0
1724157156375622100,37,58.05,87.84,97.77,66.65,1,1,1.0
1724157156375622100,38,113.1,585.44,179.48,134.3499999999999,1,1,1.0
1724157156375622100,39,80.13,3.32,110.57,74.28,1,1,1.0
1724157156375622100,41,0.26,256.43,48.910000000000004,81.88,1,1,1.0
1724157156375622100,42,974.82,179.41,305.17999999999995,190.09,1,1,1.0
1724157156375622100,43,0.0,48.42,77.72,65.58,1,1,1.0
1724157156375622100,48,1.0,347.31,444.75,108.38999999999999,1,1,1.0
1724157156375622100,49,0.13,122.54,41.239999999999995,51.62999999999998,1,1,1.0
1724157156406328400,15,771.57,568.59,215.2299999999999,151.40999999999997,1,1,1.0
1724157156406328400,17,619.8,634.16,179.57000000000005,85.84000000000003,1,1,1.0
1724157156406328400,19,557.06,431.39,233.74,110.21000000000004,1,1,1.0
1724157156406328400,22,100.04,220.49,69.51,76.31,1,1,1.0
1724157156406328400,24,287.44,443.77,168.45999999999998,77.93000000000006,1,1,1.0
1724157156406328400,25,510.37,310.76,268.53,120.63999999999999,1,1,1.0
1724157156406328400,27,204.2,199.8,68.16000000000003,92.57999999999998,1,1,1.0
1724157156406328400,32,315.3,147.61,75.09999999999997,61.379999999999995,1,1,1.0
1724157156406328400,33,872.69,571.37,254.05999999999995,148.63,1,1,1.0
1724157156406328400,34,35.9,289.3,132.5,89.19999999999999,1,1,1.0
1724157156406328400,36,141.43,68.91,189.67000000000002,59.19,1,1,1.0
1724157156406328400,37,59.9,83.7,102.09,66.51,1,1,1.0
1724157156406328400,38,117.6,588.11,167.50000000000003,131.63,1,1,1.0
1724157156406328400,39,81.4,0.0,109.79999999999998,73.48,1,1,1.0
1724157156406328400,41,0.0,250.37,50.66,81.50999999999999,1,1,1.0
1724157156406328400,42,976.33,179.74,303.66999999999996,196.65999999999997,1,1,1.0
1724157156406328400,43,8.48,48.19,68.16,60.3,1,1,1.0
1724157156406328400,48,0.0,345.77,462.0,106.43,1,1,1.0
1724157156406328400,49,0.0,117.88,43.5,54.02000000000001,1,1,1.0
1724157156406328400,50,0.0,575.34,33.53,32.819999999999936,1,1,1.0
1724157156453285500,15,782.94,573.94,204.65999999999997,146.05999999999995,1,1,1.0
1724157156453285500,17,636.11,631.28,166.68999999999994,88.72000000000003,1,1,1.0
1724157156453285500,19,564.69,432.65,248.30999999999995,113.25,1,1,1.0
1724157156453285500,22,99.0,213.38,78.5,70.12,1,1,1.0
1724157156453285500,24,293.33,442.47,172.27000000000004,80.13,1,1,1.0
1724157156453285500,25,518.64,315.04,280.96000000000004,116.95999999999998,1,1,1.0
1724157156453285500,27,206.3,195.38,67.57999999999998,91.97000000000003,1,1,1.0
1724157156453285500,32,335.5,145.8,56.20999999999998,60.369999999999976,1,1,1.0
1724157156453285500,33,889.62,586.55,247.08000000000004,133.45000000000005,1,1,1.0
1724157156453285500,34,4.3,280.6,166.56,131.09999999999997,1,1,1.0
1724157156453285500,36,145.6,63.66,190.00000000000003,60.84,1,1,1.0
1724157156453285500,37,67.03,78.6,101.13,67.32,1,1,1.0
1724157156453285500,38,114.59,590.77,159.43999999999997,128.92000000000007,1,1,1.0
1724157156453285500,39,82.67,0.0,109.02999999999999,69.36,1,1,1.0
1724157156453285500,41,0.72,240.87,53.88,74.63,1,1,1.0
1724157156453285500,42,1007.97,195.7,272.03,188.94,1,1,1.0
1724157156453285500,43,13.9,42.46,72.5,59.24999999999999,1,1,1.0
1724157156453285500,47,1.33,398.44,48.260000000000005,48.25999999999999,1,1,1.0
1724157156453285500,48,43.51,340.04,450.89,109.25999999999999,1,1,1.0
1724157156453285500,49,0.0,107.49,42.7,54.019999999999996,1,1,1.0
1724157156453285500,50,0.8,574.94,39.5,32.8599999999999,1,1,1.0
1724157156502640200,15,794.3,579.29,194.10000000000002,140.71000000000004,1,1,1.0
1724157156502640200,17,648.23,632.4,160.14,87.60000000000002,1,1,1.0
1724157156502640200,19,569.76,433.66,255.36,115.44,1,1,1.0
1724157156502640200,22,99.1,208.45,86.4,71.15000000000003,1,1,1.0
1724157156502640200,24,324.4,437.6,148.0,83.19999999999993,1,1,1.0
1724157156502640200,25,529.56,316.12,280.72,116.57999999999998,1,1,1.0
1724157156502640200,27,208.4,190.96,66.99999999999997,91.36999999999998,1,1,1.0
1724157156502640200,32,342.11,142.52,57.19,60.97999999999999,1,1,1.0
1724157156502640200,33,906.56,601.74,240.09000000000015,118.25999999999999,1,1,1.0
1724157156502640200,34,5.47,278.24,167.03,129.32999999999998,1,1,1.0
1724157156502640200,36,144.56,58.41,195.54000000000002,62.49000000000001,1,1,1.0
1724157156502640200,37,74.15,73.5,100.18,68.13999999999999,1,1,1.0
1724157156502640200,38,111.57,593.43,151.40000000000003,126.20000000000005,1,1,1.0
1724157156502640200,39,83.93,0.0,108.26999999999998,65.24,1,1,1.0
1724157156502640200,41,0.6,237.64,56.33,75.63,1,1,1.0
1724157156502640200,42,1035.1,209.46,244.9000000000001,180.14000000000001,1,1,1.0
1724157156502640200,43,16.66,38.28,68.2,59.0,1,1,1.0
1724157156502640200,47,0.67,390.7,74.83,50.05000000000001,1,1,1.0
1724157156502640200,48,74.4,339.25,439.0,113.14999999999998,1,1,1.0
1724157156502640200,49,0.0,100.26,47.5,55.33999999999999,1,1,1.0
1724157156502640200,50,1.22,567.9,42.28,35.0,1,1,1.0
1724157156529224300,15,805.67,584.63,183.5300000000001,135.37,1,1,1.0
1724157156529224300,17,660.35,633.51,153.57999999999993,86.49000000000001,1,1,1.0
1724157156529224300,19,574.83,434.68,262.41999999999996,117.61999999999995,1,1,1.0
1724157156529224300,22,93.8,203.7,90.3,71.80000000000001,1,1,1.0
1724157156529224300,24,329.66,434.76,149.45999999999998,86.57000000000005,1,1,1.0
1724157156529224300,25,540.49,317.2,280.46000000000004,116.19999999999999,1,1,1.0
1724157156529224300,27,214.9,187.75,68.62999999999997,87.12,1,1,1.0
1724157156529224300,32,342.95,140.2,57.25,59.640000000000015,1,1,1.0
1724157156529224300,33,923.5,616.93,233.0999999999999,103.07000000000005,1,1,1.0
1724157156529224300,34,6.64,275.88,167.49,127.56,1,1,1.0
1724157156529224300,36,146.95,54.19,202.74,64.37,1,1,1.0
1724157156529224300,37,77.75,70.2,104.35,70.02999999999999,1,1,1.0
1724157156529224300,38,108.56,596.09,143.34,123.49000000000001,1,1,1.0
1724157156529224300,39,85.2,0.0,107.49999999999999,61.12,1,1,1.0
1724157156529224300,41,0.48,234.41,58.790000000000006,76.61999999999998,1,1,1.0
1724157156529224300,42,1052.29,217.45,227.71000000000004,174.97000000000003,1,1,1.0
1724157156529224300,43,19.14,35.3,67.79,57.94,1,1,1.0
1724157156529224300,47,0.0,387.0,84.42,47.80000000000001,1,1,1.0
1724157156529224300,48,103.98,341.51,426.89,112.36000000000001,1,1,1.0
1724157156529224300,49,0.0,98.8,50.84,56.14,1,1,1.0
1724157156529224300,50,1.29,562.49,48.11,41.00999999999999,1,1,1.0
1724157156574403600,15,811.01,589.73,180.49,130.26999999999998,1,1,1.0
1724157156574403600,17,672.46,634.63,147.03999999999996,85.37,1,1,1.0
1724157156574403600,19,579.91,435.69,269.47,119.81,1,1,1.0
1724157156574403600,22,101.2,200.78,86.89999999999999,71.91999999999999,1,1,1.0
1724157156574403600,24,334.92,431.92,150.91999999999996,89.94,1,1,1.0
1724157156574403600,25,551.41,318.28,280.22,115.82000000000005,1,1,1.0
1724157156574403600,27,218.13,186.75,61.56999999999999,74.38,1,1,1.0
1724157156574403600,32,346.67,140.3,57.72999999999996,56.379999999999995,1,1,1.0
1724157156574403600,33,937.7,619.69,218.70000000000005,100.30999999999995,1,1,1.0
1724157156574403600,34,7.81,273.52,167.96,125.79000000000002,1,1,1.0
1724157156574403600,36,150.95,51.72,202.28000000000003,64.32000000000001,1,1,1.0
1724157156574403600,37,79.8,67.5,105.7,70.19999999999999,1,1,1.0
1724157156574403600,38,102.58,598.75,137.22000000000003,120.77999999999997,1,1,1.0
1724157156574403600,39,86.47,0.0,106.72999999999999,57.0,1,1,1.0
1724157156574403600,41,0.36,231.18,61.24,77.62,1,1,1.0
1724157156574403600,42,1064.12,222.13,215.8800000000001,166.57999999999998,1,1,1.0
1724157156574403600,43,19.95,32.24,69.59,59.029999999999994,1,1,1.0
1724157156574403600,47,0.0,372.1,128.7,62.19999999999999,1,1,1.0
1724157156574403600,48,133.56,343.78,414.77000000000004,111.55000000000001,1,1,1.0
1724157156574403600,49,0.0,97.34,54.18,56.94,1,1,1.0
1724157156574403600,50,1.27,559.04,47.949999999999996,45.379999999999995,1,1,1.0
1724157156621104300,15,820.04,597.14,176.39,122.86000000000001,1,1,1.0
1724157156621104300,17,678.68,637.47,140.44000000000005,82.52999999999997,1,1,1.0
1724157156621104300,19,584.98,436.7,276.52,122.00000000000006,1,1,1.0
1724157156621104300,22,111.2,198.98,85.39999999999999,67.72,1,1,1.0
1724157156621104300,24,340.18,429.09,152.38,93.31,1,1,1.0
1724157156621104300,25,562.34,319.36,279.9599999999999,115.44,1,1,1.0
1724157156621104300,27,222.03,185.11,59.76000000000002,73.01999999999998,1,1,1.0
1724157156621104300,32,347.83,135.2,58.170000000000016,58.32000000000002,1,1,1.0
1724157156621104300,33,952.19,626.22,199.17999999999984,93.77999999999997,1,1,1.0
1724157156621104300,34,8.98,271.17,168.42000000000002,124.01999999999998,1,1,1.0
1724157156621104300,36,155.81,50.45,201.19,64.03,1,1,1.0
1724157156621104300,37,81.9,63.8,102.79999999999998,71.10000000000001,1,1,1.0
1724157156621104300,38,100.39,607.5,126.71,112.45000000000005,1,1,1.0
1724157156621104300,39,89.68,0.0,106.48999999999998,56.4,1,1,1.0
1724157156621104300,41,0.24,227.94,63.69,78.63,1,1,1.0
1724157156621104300,42,1075.94,226.81,204.05999999999995,158.19,1,1,1.0
1724157156621104300,43,21.09,27.51,72.56,61.519999999999996,1,1,1.0
1724157156621104300,47,0.0,368.41,172.9,66.72999999999996,1,1,1.0
1724157156621104300,48,163.14,346.04,402.65999999999997,110.75999999999999,1,1,1.0
1724157156621104300,49,0.0,95.88,57.52,57.74000000000001,1,1,1.0
1724157156621104300,50,1.24,555.59,47.8,49.74000000000001,1,1,1.0
1724157156700962700,15,838.11,611.94,168.18999999999994,108.05999999999995,1,1,1.0
1724157156700962700,17,700.68,652.61,117.70000000000005,67.38999999999999,1,1,1.0
1724157156700962700,19,603.9,444.83,295.68000000000006,125.74000000000007,1,1,1.0
1724157156700962700,22,128.85,198.31,74.65,61.589999999999975,1,1,1.0
1724157156700962700,24,350.7,423.41,155.3,100.05000000000001,1,1,1.0
1724157156700962700,25,570.18,320.27,288.12,116.61000000000001,1,1,1.0
1724157156700962700,27,229.22,181.6,55.08000000000001,69.1,1,1,1.0
1724157156700962700,32,332.27,134.07,82.83000000000004,63.629999999999995,1,1,1.0
1724157156700962700,33,981.16,639.28,160.14,80.72000000000003,1,1,1.0
1724157156700962700,34,11.32,266.45,169.35,120.48000000000002,1,1,1.0
1724157156700962700,36,166.44,49.1,199.37,63.559999999999995,1,1,1.0
1724157156700962700,37,89.41,60.44,99.56,69.49000000000001,1,1,1.0
1724157156700962700,38,113.5,612.5,93.69999999999999,107.36000000000001,1,1,1.0
1724157156700962700,39,96.1,0.0,106.0,55.2,1,1,1.0
1724157156700962700,41,0.0,221.48,68.6,80.62000000000003,1,1,1.0
1724157156700962700,42,1120.71,242.35,159.28999999999996,137.64000000000001,1,1,1.0
1724157156700962700,43,28.5,26.71,69.36,58.12,1,1,1.0
1724157156700962700,47,0.0,363.3,202.8,68.89999999999998,1,1,1.0
1724157156700962700,48,211.86,339.34,382.08000000000004,122.26000000000005,1,1,1.0
1724157156700962700,49,0.0,92.95,64.2,59.35000000000001,1,1,1.0
1724157156700962700,50,1.2,548.68,47.489999999999995,58.48000000000002,1,1,1.0
1724157156743029200,15,856.16,621.59,154.61,98.25999999999999,1,1,1.0
1724157156743029200,17,716.46,664.92,101.53999999999996,55.08000000000004,1,1,1.0
1724157156743029200,19,628.47,448.9,290.15,127.61000000000001,1,1,1.0
1724157156743029200,22,135.66,195.47,78.03999999999999,62.50000000000003,1,1,1.0
1724157156743029200,24,356.83,425.66,155.42000000000002,99.31,1,1,1.0
1724157156743029200,25,584.02,322.37,287.78,116.08999999999997,1,1,1.0
1724157156743029200,27,227.82,176.54,61.76999999999998,79.19,1,1,1.0
1724157156743029200,32,321.6,133.5,98.09999999999997,61.900000000000006,1,1,1.0
1724157156743029200,33,1018.76,647.82,123.1400000000001,72.17999999999995,1,1,1.0
1724157156743029200,34,12.49,264.09,169.81,118.71000000000004,1,1,1.0
1724157156743029200,36,180.0,48.57,191.32999999999998,60.660000000000004,1,1,1.0
1724157156743029200,37,86.2,59.11,103.42,68.69,1,1,1.0
1724157156743029200,38,122.3,633.8,61.89999999999999,85.7700000000001,1,1,1.0
1724157156743029200,39,99.31,0.0,105.75999999999999,54.6,1,1,1.0
1724157156743029200,41,0.0,221.57,67.2,90.63,1,1,1.0
1724157156743029200,42,1164.2,267.64,115.79999999999995,102.55000000000001,1,1,1.0
1724157156743029200,43,27.91,23.13,70.25,57.96000000000001,1,1,1.0
1724157156743029200,47,2.4,359.56,208.1,67.36000000000001,1,1,1.0
1724157156743029200,48,258.4,334.19,371.80000000000007,128.01,1,1,1.0
1724157156743029200,49,0.0,93.18,66.2,59.72999999999999,1,1,1.0
1724157156743029200,50,0.0,547.39,48.51,63.57000000000005,1,1,1.0
1724157156820670000,15,873.91,637.82,137.51999999999998,82.17999999999995,1,1,1.0
1724157156820670000,17,735.72,673.73,89.48000000000002,46.26999999999998,1,1,1.0
1724157156820670000,19,652.7,452.26,299.19999999999993,127.24000000000001,1,1,1.0
1724157156820670000,22,136.1,196.36,85.70000000000002,68.13999999999999,1,1,1.0
1724157156820670000,24,369.08,430.16,155.67000000000002,97.82999999999998,1,1,1.0
1724157156820670000,25,611.69,326.58,287.1099999999999,115.04000000000002,1,1,1.0
1724157156820670000,27,231.45,172.98,62.47000000000003,83.22999999999999,1,1,1.0
1724157156820670000,32,311.59,131.01,110.61000000000001,65.29000000000002,1,1,1.0
1724157156820670000,33,1059.75,664.38,66.75,55.620000000000005,1,1,1.0
1724157156820670000,34,17.09,263.38,166.96,119.92000000000002,1,1,1.0
1724157156820670000,36,188.71,45.64,196.85999999999999,62.31999999999999,1,1,1.0
1724157156820670000,37,91.77,57.52,99.78000000000002,66.97,1,1,1.0
1724157156820670000,38,131.5,651.84,45.150000000000006,67.73000000000002,1,1,1.0
1724157156820670000,39,105.73,0.0,105.27,53.4,1,1,1.0
1724157156820670000,41,0.0,221.45,70.12,89.50999999999999,1,1,1.0
1724157156820670000,42,1199.93,280.5,80.06999999999994,69.80000000000001,1,1,1.0
1724157156820670000,43,24.49,16.53,77.68,63.489999999999995,1,1,1.0
1724157156820670000,47,5.6,357.76,218.0,71.59000000000003,1,1,1.0
1724157156820670000,48,306.25,334.45,367.85,141.55,1,1,1.0
1724157156820670000,49,0.0,93.64,70.2,60.499999999999986,1,1,1.0
1724157156820670000,50,0.0,547.29,51.87,72.44000000000005,1,1,1.0
1724157156894723600,15,888.44,642.1,122.18999999999994,74.93999999999994,1,1,1.0
1724157156894723600,17,756.24,677.69,63.49000000000001,42.309999999999945,1,1,1.0
1724157156894723600,19,669.84,454.04,301.05999999999995,128.16000000000003,1,1,1.0
1724157156894723600,22,134.4,196.7,94.6,65.30000000000001,1,1,1.0
1724157156894723600,24,375.37,434.64,161.10000000000002,99.13,1,1,1.0
1724157156894723600,25,636.77,332.65,290.58000000000004,112.38,1,1,1.0
1724157156894723600,27,234.3,170.75,61.079999999999984,83.63,1,1,1.0
1724157156894723600,32,314.23,125.87,110.01999999999998,68.34,1,1,1.0
1724157156894723600,33,1075.44,676.56,66.46000000000004,43.440000000000055,1,1,1.0
1724157156894723600,34,21.7,262.66,164.10000000000002,121.13999999999999,1,1,1.0
1724157156894723600,36,195.79,46.07,195.96,62.13999999999999,1,1,1.0
1724157156894723600,37,91.4,58.31,104.32999999999998,69.39,1,1,1.0
1724157156894723600,38,140.7,675.5,26.200000000000017,44.07000000000005,1,1,1.0
1724157156894723600,39,98.68,0.0,116.48999999999998,54.71,1,1,1.0
1724157156894723600,41,0.0,221.33,73.04,88.4,1,1,1.0
1724157156894723600,42,1226.8,293.9,53.200000000000045,63.420000000000016,1,1,1.0
1724157156894723600,43,23.26,14.0,80.74,66.71,1,1,1.0
1724157156894723600,47,16.7,356.14,213.60000000000002,72.96000000000004,1,1,1.0
1724157156894723600,48,324.17,340.38,370.21,136.95999999999998,1,1,1.0
1724157156894723600,49,0.0,94.1,74.2,61.26000000000002,1,1,1.0
1724157156894723600,50,0.0,544.22,52.5,78.52999999999997,1,1,1.0
1724157156939036800,15,909.26,651.43,110.48000000000002,68.07000000000005,1,1,1.0
1724157156939036800,17,782.53,683.76,53.57000000000005,36.24000000000001,1,1,1.0
1724157156939036800,19,692.79,454.86,301.85,128.99,1,1,1.0
1724157156939036800,22,130.0,195.58,113.30000000000001,70.52000000000001,1,1,1.0
1724157156939036800,24,375.53,436.88,166.39999999999998,101.14999999999998,1,1,1.0
1724157156939036800,25,648.0,336.61,294.40999999999997,110.24000000000001,1,1,1.0
1724157156939036800,27,235.48,169.62,62.00000000000003,86.37,1,1,1.0
1724157156939036800,32,306.66,125.54,127.44,65.86,1,1,1.0
1724157156939036800,34,31.8,262.31,155.39999999999998,122.88999999999999,1,1,1.0
1724157156939036800,36,211.84,49.79,185.21,58.559999999999995,1,1,1.0
1724157156939036800,37,77.4,59.51,121.47999999999999,70.66,1,1,1.0
1724157156939036800,39,95.15,0.0,122.10999999999999,55.37,1,1,1.0
1724157156939036800,41,0.0,221.27,74.5,87.84,1,1,1.0
1724157156939036800,43,23.97,13.5,80.34,66.84,1,1,1.0
1724157156939036800,47,34.68,353.79,191.65,78.07,1,1,1.0
1724157156939036800,48,354.72,357.73,371.38,134.66999999999996,1,1,1.0
1724157156939036800,49,0.0,94.33,76.2,61.64999999999999,1,1,1.0
1724157156939036800,50,0.0,539.75,52.73,90.04999999999995,1,1,1.0
1724157157015198100,15,934.57,660.78,95.99999999999989,58.639999999999986,1,1,1.0
1724157157015198100,17,816.07,687.96,44.92999999999995,32.039999999999964,1,1,1.0
1724157157015198100,19,738.7,456.5,303.40999999999985,130.64999999999998,1,1,1.0
1724157157015198100,22,125.07,195.5,124.43,73.87,1,1,1.0
1724157157015198100,24,385.09,446.57,173.39000000000004,98.70999999999998,1,1,1.0
1724157157015198100,25,674.14,346.37,300.76,105.93,1,1,1.0
1724157157015198100,27,238.3,169.41,59.71999999999997,84.56,1,1,1.0
1724157157015198100,32,298.63,120.92,141.87,71.77999999999999,1,1,1.0
1724157157015198100,34,44.11,263.25,146.75,124.38999999999999,1,1,1.0
1724157157015198100,36,227.5,54.34,176.73000000000002,55.86,1,1,1.0
1724157157015198100,37,77.73,61.92,127.43999999999998,73.17999999999999,1,1,1.0
1724157157015198100,39,88.1,0.0,133.33,56.69,1,1,1.0
1724157157015198100,41,0.0,218.29,75.27,104.01000000000002,1,1,1.0
1724157157015198100,43,30.86,16.41,76.55,65.03,1,1,1.0
1724157157015198100,47,44.95,353.21,195.31,78.02000000000004,1,1,1.0
1724157157015198100,48,390.2,369.76,374.8,133.14,1,1,1.0
1724157157015198100,49,0.0,94.78,80.2,62.41999999999999,1,1,1.0
1724157157015198100,50,0.0,537.61,64.34,103.29999999999995,1,1,1.0
1724157157063674700,15,952.3,665.09,90.38000000000011,54.64999999999998,1,1,1.0
1724157157063674700,17,826.46,691.43,53.75999999999999,28.57000000000005,1,1,1.0
1724157157063674700,19,759.73,470.03,301.94000000000005,120.0,1,1,1.0
1724157157063674700,22,120.53,195.8,133.57,74.93,1,1,1.0
1724157157063674700,24,396.12,451.87,171.03999999999996,101.13,1,1,1.0
1724157157063674700,25,686.7,346.54,304.0,108.75999999999999,1,1,1.0
1724157157063674700,27,239.74,169.65,59.94,84.57,1,1,1.0
1724157157063674700,32,294.62,118.61,149.07999999999998,74.74,1,1,1.0
1724157157063674700,34,50.26,263.72,142.43,125.13999999999999,1,1,1.0
1724157157063674700,36,235.84,51.65,163.16,67.15,1,1,1.0
1724157157063674700,37,77.9,63.12,130.41,74.44999999999999,1,1,1.0
1724157157063674700,39,87.3,0.0,136.20999999999998,57.34,1,1,1.0
1724157157063674700,41,6.2,217.76,70.03,103.10000000000002,1,1,1.0
1724157157063674700,43,36.53,19.26,72.88,62.78999999999999,1,1,1.0
1724157157063674700,47,52.01,351.35,196.91,78.02999999999997,1,1,1.0
1724157157063674700,48,416.58,373.89,370.32,132.96000000000004,1,1,1.0
1724157157063674700,49,0.0,97.25,79.88,62.31999999999999,1,1,1.0
1724157157063674700,50,0.0,535.87,68.3,106.72000000000003,1,1,1.0
1724157157063674700,51,0.0,239.57,28.1,34.900000000000034,1,1,1.0
1724157157092614700,15,965.15,666.79,88.65999999999997,53.180000000000064,1,1,1.0
1724157157092614700,19,780.77,483.57,300.47,109.34999999999997,1,1,1.0
1724157157092614700,22,116.0,196.1,142.7,76.00000000000003,1,1,1.0
1724157157092614700,24,405.08,453.73,168.69,103.53999999999996,1,1,1.0
1724157157092614700,25,699.26,346.71,302.53999999999996,108.79000000000002,1,1,1.0
1724157157092614700,27,240.76,168.01,61.889999999999986,87.95000000000002,1,1,1.0
1724157157092614700,32,290.61,116.3,156.28999999999996,77.7,1,1,1.0
1724157157092614700,34,56.42,264.19,138.08999999999997,125.88999999999999,1,1,1.0
1724157157092614700,36,232.8,50.03,164.09999999999997,69.97,1,1,1.0
1724157157092614700,37,77.4,64.33,134.04999999999998,75.7,1,1,1.0
1724157157092614700,39,86.5,0.0,139.1,58.0,1,1,1.0
1724157157092614700,41,18.7,216.95,58.61999999999999,107.75,1,1,1.0
1724157157092614700,43,42.88,21.97,68.78999999999999,60.09,1,1,1.0
1724157157092614700,47,55.41,350.24,202.04,79.80000000000001,1,1,1.0
1724157157092614700,48,442.96,378.02,365.84,132.78000000000003,1,1,1.0
1724157157092614700,49,0.0,99.72,79.57,62.21000000000001,1,1,1.0
1724157157092614700,50,0.0,538.14,68.26,107.26999999999998,1,1,1.0
1724157157092614700,51,0.0,239.57,34.3,36.629999999999995,1,1,1.0
1724157157135191200,15,971.15,673.17,84.64999999999998,46.83000000000004,1,1,1.0
1724157157135191200,19,801.8,497.1,299.0,98.69999999999993,1,1,1.0
1724157157135191200,22,116.77,197.6,146.13,74.1,1,1,1.0
1724157157135191200,24,414.05,455.59,166.32999999999998,105.95999999999998,1,1,1.0
1724157157135191200,25,711.83,346.87,306.56999999999994,112.13,1,1,1.0
1724157157135191200,27,242.58,168.29,62.859999999999985,89.81000000000003,1,1,1.0
1724157157135191200,32,281.61,115.52,167.66999999999996,79.06000000000002,1,1,1.0
1724157157135191200,34,62.57,264.66,133.77,126.63999999999999,1,1,1.0
1724157157135191200,36,237.79,52.8,158.39000000000001,68.02,1,1,1.0
1724157157135191200,37,76.9,65.53,137.7,76.97,1,1,1.0
1724157157135191200,39,88.7,0.0,134.01,58.42,1,1,1.0
1724157157135191200,41,27.7,218.71,52.03,104.59,1,1,1.0
1724157157135191200,43,48.61,24.83,65.0,57.43000000000001,1,1,1.0
1724157157135191200,47,59.97,351.31,205.86999999999998,81.19,1,1,1.0
1724157157135191200,48,463.15,376.92,366.83000000000004,137.57999999999998,1,1,1.0
1724157157135191200,49,0.0,102.18,79.25,62.120000000000005,1,1,1.0
1724157157135191200,50,0.0,544.31,68.2,107.71000000000004,1,1,1.0
1724157157135191200,51,0.0,228.88,36.2,48.01999999999998,1,1,1.0
1724157157180731200,15,984.9,673.8,80.00000000000011,46.200000000000045,1,1,1.0
1724157157180731200,19,794.65,500.56,327.68999999999994,99.84999999999997,1,1,1.0
1724157157180731200,22,117.55,199.1,149.55,72.20000000000002,1,1,1.0
1724157157180731200,24,423.01,457.45,163.98000000000002,108.37000000000006,1,1,1.0
1724157157180731200,25,724.39,347.04,305.81000000000006,109.56,1,1,1.0
1724157157180731200,27,245.27,169.62,62.54999999999998,89.24000000000001,1,1,1.0
1724157157180731200,32,272.61,114.75,179.03999999999996,80.4,1,1,1.0
1724157157180731200,34,68.73,265.13,129.44,127.38999999999999,1,1,1.0
1724157157180731200,36,242.79,55.58,152.68000000000004,66.06,1,1,1.0
1724157157180731200,37,77.03,67.5,136.85,77.08000000000001,1,1,1.0
1724157157180731200,39,94.0,0.0,127.32,61.62,1,1,1.0
1724157157180731200,41,28.5,221.4,53.849999999999994,97.61999999999998,1,1,1.0
1724157157180731200,43,55.62,29.54,58.86000000000001,52.550000000000004,1,1,1.0
1724157157180731200,47,62.25,351.47,206.70999999999998,81.39999999999998,1,1,1.0
1724157157180731200,48,483.33,375.82,367.82,142.38000000000005,1,1,1.0
1724157157180731200,49,0.0,104.65,78.93,62.01999999999998,1,1,1.0
1724157157180731200,50,0.8,546.66,69.49000000000001,107.69000000000005,1,1,1.0
1724157157180731200,51,0.0,231.3,36.8,46.19999999999999,1,1,1.0
1724157157217733500,15,1003.39,679.59,70.36000000000001,40.40999999999997,1,1,1.0
1724157157217733500,19,787.5,504.02,356.3699999999999,100.99000000000001,1,1,1.0
1724157157217733500,22,118.32,200.61,152.18,69.99000000000001,1,1,1.0
1724157157217733500,24,431.98,459.31,161.62,110.79000000000002,1,1,1.0
1724157157217733500,25,737.05,348.4,303.04999999999995,109.90000000000003,1,1,1.0
1724157157217733500,27,247.6,172.64,60.880000000000024,87.02000000000004,1,1,1.0
1724157157217733500,32,263.61,113.98,190.41999999999996,81.74999999999999,1,1,1.0
1724157157217733500,34,74.88,265.6,125.12,128.14,1,1,1.0
1724157157217733500,36,247.78,58.35,146.97,64.10999999999999,1,1,1.0
1724157157217733500,37,77.15,69.48,136.01,77.17999999999999,1,1,1.0
1724157157217733500,39,96.1,0.0,125.6,63.63,1,1,1.0
1724157157217733500,41,32.3,223.04,50.93000000000001,91.76000000000002,1,1,1.0
1724157157217733500,43,59.76,32.22,60.449999999999996,54.57000000000001,1,1,1.0
1724157157217733500,47,68.06,351.67,207.33999999999997,81.56,1,1,1.0
1724157157217733500,48,503.52,374.72,368.81000000000006,147.17999999999995,1,1,1.0
1724157157217733500,49,0.0,107.12,78.62,61.91,1,1,1.0
1724157157217733500,50,0.4,547.97,71.57,109.22000000000003,1,1,1.0
1724157157217733500,51,0.0,234.21,37.3,46.45000000000002,1,1,1.0
1724157157257505400,15,1012.15,683.62,63.81000000000006,36.379999999999995,1,1,1.0
1724157157257505400,19,797.2,507.49,368.21000000000004,102.13,1,1,1.0
1724157157257505400,22,119.1,202.11,154.79999999999998,67.78999999999996,1,1,1.0
1724157157257505400,24,439.9,460.9,159.48000000000002,114.80000000000007,1,1,1.0
1724157157257505400,25,749.72,349.76,301.98,107.44,1,1,1.0
1724157157257505400,27,248.54,175.53,61.52000000000001,87.85999999999999,1,1,1.0
1724157157257505400,32,254.61,113.2,201.78999999999996,83.10000000000001,1,1,1.0
1724157157257505400,34,84.6,269.34,118.20000000000002,125.07000000000005,1,1,1.0
1724157157257505400,36,252.77,61.13,141.25999999999996,62.160000000000004,1,1,1.0
1724157157257505400,37,77.28,71.45,135.16,77.29,1,1,1.0
1724157157257505400,39,96.0,0.43,130.22,65.8,1,1,1.0
1724157157257505400,41,36.1,224.68,47.99999999999999,85.89999999999998,1,1,1.0
1724157157257505400,43,62.98,34.61,62.940000000000005,57.379999999999995,1,1,1.0
1724157157257505400,47,74.53,353.24,205.97,81.00999999999999,1,1,1.0
1724157157257505400,48,523.71,373.62,369.78999999999996,151.98000000000002,1,1,1.0
1724157157257505400,49,0.0,109.58,78.3,61.82000000000001,1,1,1.0
1724157157257505400,50,0.0,553.12,71.34,110.93999999999994,1,1,1.0
1724157157257505400,51,0.0,237.13,37.8,46.69,1,1,1.0
1724157157257505400,52,0.0,369.16,28.19,46.25999999999999,1,1,1.0
1724157157289232300,15,1027.87,688.71,56.56000000000017,31.289999999999964,1,1,1.0
1724157157289232300,19,844.93,507.86,341.70000000000016,103.0,1,1,1.0
1724157157289232300,22,116.6,205.46,160.70000000000002,68.53999999999999,1,1,1.0
1724157157289232300,24,447.82,462.5,157.32999999999998,118.79999999999995,1,1,1.0
1724157157289232300,25,762.39,351.11,303.7099999999999,106.88999999999999,1,1,1.0
1724157157289232300,27,249.26,176.38,62.879999999999995,89.87,1,1,1.0
1724157157289232300,32,244.58,115.59,203.98999999999998,82.57999999999998,1,1,1.0
1724157157289232300,34,91.39,271.89,112.71,123.79000000000002,1,1,1.0
1724157157289232300,36,257.76,63.9,135.56,60.21,1,1,1.0
1724157157289232300,37,77.4,73.42,134.32,77.39999999999999,1,1,1.0
1724157157289232300,39,95.91,0.55,130.31,71.18,1,1,1.0
1724157157289232300,41,40.6,224.73,49.52,89.9,1,1,1.0
1724157157289232300,43,63.45,36.59,65.21999999999998,60.28,1,1,1.0
1724157157289232300,47,78.66,353.72,205.17999999999998,80.60999999999996,1,1,1.0
1724157157289232300,48,539.8,379.32,376.68000000000006,152.78000000000003,1,1,1.0
1724157157289232300,49,0.0,114.82,79.8,61.379999999999995,1,1,1.0
1724157157289232300,50,0.0,550.12,72.81,118.08000000000004,1,1,1.0
1724157157289232300,51,0.0,240.04,38.3,46.940000000000026,1,1,1.0
1724157157289232300,52,0.0,370.09,30.86,51.02000000000004,1,1,1.0
1724157157333440800,15,1037.43,689.98,46.97000000000003,30.019999999999982,1,1,1.0
1724157157333440800,19,892.67,508.23,315.18999999999994,103.88,1,1,1.0
1724157157333440800,22,107.4,207.95,173.6,68.65000000000003,1,1,1.0
1724157157333440800,24,455.73,464.09,155.19999999999993,122.81,1,1,1.0
1724157157333440800,25,775.06,352.47,305.44000000000005,106.32999999999998,1,1,1.0
1724157157333440800,27,249.89,175.19,65.38,93.98000000000002,1,1,1.0
1724157157333440800,32,234.55,117.97,206.18,82.06,1,1,1.0
1724157157333440800,34,98.19,274.44,106.61000000000001,122.51999999999998,1,1,1.0
1724157157333440800,36,262.76,66.68,129.84000000000003,58.25,1,1,1.0
1724157157333440800,37,81.39,76.65,128.89999999999998,76.32999999999998,1,1,1.0
1724157157333440800,39,92.84,0.64,134.6,74.12,1,1,1.0
1724157157333440800,41,43.9,225.43,49.50000000000001,89.71999999999997,1,1,1.0
1724157157333440800,43,64.69,37.72,66.1,61.59,1,1,1.0
1724157157333440800,47,81.81,354.51,208.51999999999998,82.21000000000004,1,1,1.0
1724157157333440800,48,555.89,385.01,383.56000000000006,153.59000000000003,1,1,1.0
1724157157333440800,49,0.0,120.06,81.3,60.94,1,1,1.0
1724157157333440800,50,0.0,550.88,75.54,123.22000000000003,1,1,1.0
1724157157333440800,51,0.0,242.96,38.8,47.17999999999998,1,1,1.0
1724157157333440800,52,0.0,372.4,32.0,52.25,1,1,1.0
1724157157381997800,15,1053.9,695.07,40.899999999999864,24.92999999999995,1,1,1.0
1724157157381997800,19,940.4,508.6,288.67999999999995,104.75,1,1,1.0
1724157157381997800,22,111.9,211.44,171.6,62.860000000000014,1,1,1.0
1724157157381997800,24,463.65,465.69,153.05000000000007,126.81,1,1,1.0
1724157157381997800,25,786.62,356.3,310.2800000000001,103.80000000000001,1,1,1.0
1724157157381997800,27,251.26,175.15,66.57,96.10999999999999,1,1,1.0
1724157157381997800,32,224.52,120.36,208.37999999999997,81.54,1,1,1.0
1724157157381997800,34,104.98,277.0,100.52,121.24000000000001,1,1,1.0
1724157157381997800,36,272.5,68.8,124.60000000000002,56.3,1,1,1.0
1724157157381997800,37,81.02,79.76,130.73000000000002,77.27999999999999,1,1,1.0
1724157157381997800,39,91.54,0.71,138.2,76.47000000000001,1,1,1.0
1724157157381997800,41,39.93,227.0,56.38999999999999,90.56,1,1,1.0
1724157157381997800,43,64.2,38.49,66.24999999999999,62.57,1,1,1.0
1724157157381997800,47,85.37,358.4,205.89,81.38,1,1,1.0
1724157157381997800,48,571.98,390.71,390.44999999999993,154.39000000000004,1,1,1.0
1724157157381997800,49,0.0,125.29,82.8,60.510000000000005,1,1,1.0
1724157157381997800,50,0.0,550.56,80.77,130.6400000000001,1,1,1.0
1724157157381997800,51,0.0,245.87,39.3,47.43000000000001,1,1,1.0
1724157157381997800,52,0.23,376.74,31.779999999999998,49.31999999999999,1,1,1.0
1724157157412982000,19,962.31,509.93,292.23,107.17000000000002,1,1,1.0
1724157157412982000,22,102.6,215.01,181.50000000000003,63.629999999999995,1,1,1.0
1724157157412982000,24,471.25,469.54,148.85000000000002,127.95999999999998,1,1,1.0
1724157157412982000,25,800.68,359.99,316.97000000000014,102.74000000000001,1,1,1.0
1724157157412982000,27,252.9,177.59,65.85999999999999,95.03999999999999,1,1,1.0
1724157157412982000,32,210.51,121.63,218.99,81.67000000000002,1,1,1.0
1724157157412982000,34,111.77,279.55,96.08,119.95999999999998,1,1,1.0
1724157157412982000,36,284.9,72.55,110.48000000000002,55.17,1,1,1.0
1724157157412982000,37,80.34,82.22,131.24,77.33000000000001,1,1,1.0
1724157157412982000,39,89.15,0.73,140.17,78.05,1,1,1.0
1724157157412982000,41,35.96,228.57,63.279999999999994,91.40000000000003,1,1,1.0
1724157157412982000,43,65.03,45.35,63.5,60.29,1,1,1.0
1724157157412982000,47,90.69,362.27,204.89,81.64000000000004,1,1,1.0
1724157157412982000,48,588.07,396.41,397.3299999999999,155.19,1,1,1.0
1724157157412982000,49,0.0,130.53,84.3,60.06999999999999,1,1,1.0
1724157157412982000,50,0.0,554.51,83.83,135.59000000000003,1,1,1.0
1724157157412982000,51,0.0,244.84,36.9,56.059999999999974,1,1,1.0
1724157157412982000,52,0.2,378.86,34.75,51.43000000000001,1,1,1.0
1724157157457736500,19,984.21,511.25,295.78999999999996,109.60000000000002,1,1,1.0
1724157157457736500,22,101.57,219.18,184.51,61.589999999999975,1,1,1.0
1724157157457736500,24,478.86,473.38,144.64,129.12,1,1,1.0
1724157157457736500,25,814.74,363.69,323.6600000000001,101.66000000000003,1,1,1.0
1724157157457736500,27,252.0,180.49,63.889999999999986,92.25999999999999,1,1,1.0
1724157157457736500,32,196.51,122.91,229.59000000000003,81.78999999999999,1,1,1.0
1724157157457736500,34,118.56,282.1,91.63999999999999,118.69,1,1,1.0
1724157157457736500,36,297.3,76.29,96.36000000000001,54.040000000000006,1,1,1.0
1724157157457736500,37,83.72,89.9,130.18,71.93,1,1,1.0
1724157157457736500,39,85.6,0.88,144.95000000000002,81.74000000000001,1,1,1.0
1724157157457736500,41,40.25,234.3,60.58,86.40999999999997,1,1,1.0
1724157157457736500,43,65.43,53.48,61.08,57.660000000000004,1,1,1.0
1724157157457736500,47,99.53,362.5,210.48,84.77999999999997,1,1,1.0
1724157157457736500,48,618.18,413.2,416.0200000000001,149.09999999999997,1,1,1.0
1724157157457736500,49,0.0,135.76,85.8,59.640000000000015,1,1,1.0
1724157157457736500,50,0.0,565.42,88.33,145.68000000000006,1,1,1.0
1724157157457736500,51,0.37,250.02,36.57,56.150000000000006,1,1,1.0
1724157157457736500,52,0.16,380.99,37.730000000000004,53.51999999999998,1,1,1.0
1724157157500926300,19,1003.83,512.13,276.16999999999996,111.64999999999998,1,1,1.0
1724157157500926300,22,100.55,223.35,187.5,59.54999999999998,1,1,1.0
1724157157500926300,24,486.46,477.23,140.44,130.26999999999998,1,1,1.0
1724157157500926300,25,828.8,367.39,330.35000000000014,100.59000000000003,1,1,1.0
1724157157500926300,27,251.05,184.73,61.629999999999995,88.1,1,1,1.0
1724157157500926300,32,182.51,124.18,240.19,81.91999999999999,1,1,1.0
1724157157500926300,34,128.8,285.0,82.26999999999998,116.12,1,1,1.0
1724157157500926300,36,304.7,80.04,87.24000000000001,52.90999999999998,1,1,1.0
1724157157500926300,37,83.65,93.13,129.95,71.39000000000001,1,1,1.0
1724157157500926300,39,87.5,2.79,139.83,83.61999999999999,1,1,1.0
1724157157500926300,41,40.68,234.54,62.690000000000005,86.9,1,1,1.0
1724157157500926300,43,64.85,60.36,60.35000000000001,56.45,1,1,1.0
1724157157500926300,47,109.0,363.79,201.60000000000002,93.00999999999999,1,1,1.0
1724157157500926300,48,632.31,417.19,425.99,149.51000000000005,1,1,1.0
1724157157500926300,49,0.0,141.0,87.3,59.19999999999999,1,1,1.0
1724157157500926300,50,0.0,575.43,87.49,144.57000000000005,1,1,1.0
1724157157500926300,51,0.74,255.21,36.239999999999995,56.23999999999998,1,1,1.0
1724157157500926300,52,0.13,383.11,40.699999999999996,55.629999999999995,1,1,1.0
1724157157530160800,19,1045.8,518.7,234.20000000000005,104.76999999999998,1,1,1.0
1724157157530160800,22,99.52,227.53,190.51,57.49999999999997,1,1,1.0
1724157157530160800,24,494.06,481.08,136.23999999999995,131.42000000000002,1,1,1.0
1724157157530160800,25,842.87,371.09,337.0300000000001,99.51000000000005,1,1,1.0
1724157157530160800,27,249.13,188.43,60.50999999999999,85.86000000000001,1,1,1.0
1724157157530160800,32,175.89,122.6,247.71000000000004,83.30000000000001,1,1,1.0
1724157157530160800,34,132.2,287.9,79.73000000000002,113.55000000000001,1,1,1.0
1724157157530160800,36,308.0,83.78,82.22000000000003,51.78,1,1,1.0
1724157157530160800,37,83.58,96.36,129.72000000000003,70.83999999999999,1,1,1.0
1724157157530160800,39,89.4,4.69,134.72,85.52,1,1,1.0
1724157157530160800,41,40.64,235.27,64.17,86.96000000000001,1,1,1.0
1724157157530160800,43,62.22,63.17,63.31,59.349999999999994,1,1,1.0
1724157157530160800,47,112.66,364.1,198.48999999999998,90.64999999999998,1,1,1.0
1724157157530160800,48,654.43,427.59,426.47000000000014,147.20999999999998,1,1,1.0
1724157157530160800,49,0.0,143.96,85.1,64.26999999999998,1,1,1.0
1724157157530160800,50,0.0,585.22,86.4,134.77999999999997,1,1,1.0
1724157157530160800,51,1.1,260.4,35.91,56.32000000000005,1,1,1.0
1724157157530160800,52,0.1,385.24,43.68,57.71999999999997,1,1,1.0
1724157157620448500,19,1098.9,522.0,181.0999999999999,104.22000000000003,1,1,1.0
1724157157620448500,22,88.82,233.56,209.07999999999998,58.160000000000025,1,1,1.0
1724157157620448500,24,506.18,489.28,128.8,136.01999999999998,1,1,1.0
1724157157620448500,25,866.81,375.73,345.55999999999995,101.96999999999997,1,1,1.0
1724157157620448500,27,245.6,193.02,61.06000000000003,85.60999999999999,1,1,1.0
1724157157620448500,32,152.86,125.02,268.99,84.33,1,1,1.0
1724157157620448500,34,133.32,292.4,79.55000000000001,108.07000000000005,1,1,1.0
1724157157620448500,36,328.3,86.8,60.80000000000001,53.2,1,1,1.0
1724157157620448500,37,83.44,102.81,129.26,64.72,1,1,1.0
1724157157620448500,39,96.12,15.78,121.18,81.92,1,1,1.0
1724157157620448500,41,37.14,241.83,65.77,85.59,1,1,1.0
1724157157620448500,43,59.39,66.96,64.05,60.150000000000006,1,1,1.0
1724157157620448500,47,118.63,364.94,196.54000000000002,88.88,1,1,1.0
1724157157620448500,48,678.59,428.19,439.4699999999999,154.28000000000003,1,1,1.0
1724157157620448500,49,0.0,146.89,86.26,66.42000000000002,1,1,1.0
1724157157620448500,50,0.0,599.36,96.8,120.63999999999999,1,1,1.0
1724157157620448500,51,1.84,270.78,35.25,56.49000000000001,1,1,1.0
1724157157620448500,52,0.03,389.49,49.629999999999995,61.93000000000001,1,1,1.0
1724157157651434800,19,1118.1,525.88,161.9000000000001,100.78999999999996,1,1,1.0
1724157157651434800,22,86.71,232.28,214.59000000000003,62.20000000000002,1,1,1.0
1724157157651434800,24,510.7,493.63,125.55000000000001,139.47000000000003,1,1,1.0
1724157157651434800,25,878.79,378.05,349.80999999999995,103.19999999999999,1,1,1.0
1724157157651434800,27,240.2,195.87,58.77000000000004,72.82999999999998,1,1,1.0
1724157157651434800,32,141.35,126.23,279.63,84.85000000000001,1,1,1.0
1724157157651434800,34,135.65,294.0,77.29999999999998,105.13999999999999,1,1,1.0
1724157157651434800,36,333.42,86.63,58.22999999999996,56.870000000000005,1,1,1.0
1724157157651434800,37,83.37,106.04,129.03,61.65999999999998,1,1,1.0
1724157157651434800,39,104.0,18.93,116.16,75.16,1,1,1.0
1724157157651434800,41,39.06,240.55,67.6,87.52999999999997,1,1,1.0
1724157157651434800,43,56.74,69.3,64.00999999999999,59.61,1,1,1.0
1724157157651434800,47,120.94,365.47,197.69,89.46999999999997,1,1,1.0
1724157157651434800,48,701.89,430.09,449.93999999999994,159.94,1,1,1.0
1724157157651434800,49,0.0,148.36,86.84,67.48999999999998,1,1,1.0
1724157157651434800,50,0.0,604.02,101.6,115.98000000000002,1,1,1.0
1724157157651434800,51,1.57,273.9,33.58,53.53000000000003,1,1,1.0
1724157157651434800,52,0.0,391.61,52.6,64.02999999999997,1,1,1.0
1724157157651434800,53,96.1,0.0,155.1,25.26,1,1,1.0
1724157157697589100,19,1137.3,529.76,142.70000000000005,97.35000000000002,1,1,1.0
1724157157697589100,22,84.6,231.0,216.97,66.24000000000001,1,1,1.0
1724157157697589100,24,515.22,497.98,122.30999999999995,142.91999999999996,1,1,1.0
1724157157697589100,25,890.76,380.37,354.06999999999994,104.43,1,1,1.0
1724157157697589100,27,237.0,195.8,63.89999999999998,69.97999999999996,1,1,1.0
1724157157697589100,32,129.84,127.45,290.26,85.35000000000001,1,1,1.0
1724157157697589100,34,137.97,295.59,75.05000000000001,102.23000000000002,1,1,1.0
1724157157697589100,36,338.54,86.45,55.65999999999997,60.55,1,1,1.0
1724157157697589100,37,83.3,109.27,128.8,58.55,1,1,1.0
1724157157697589100,39,104.7,22.85,117.92999999999999,75.81,1,1,1.0
1724157157697589100,41,39.06,240.55,67.6,87.52999999999997,1,1,1.0
1724157157697589100,43,53.91,70.82,63.72,59.26000000000002,1,1,1.0
1724157157697589100,47,123.25,366.01,198.85000000000002,90.06,1,1,1.0
1724157157697589100,48,725.18,431.98,460.41999999999996,165.62,1,1,1.0
1724157157697589100,49,0.0,149.82,87.42,68.56,1,1,1.0
1724157157697589100,50,0.0,605.54,104.3,114.46000000000004,1,1,1.0
1724157157697589100,51,1.18,275.31,33.82,53.81,1,1,1.0
1724157157697589100,52,0.11,392.31,52.81,65.02999999999997,1,1,1.0
1724157157697589100,53,90.5,0.36,149.6,23.96,1,1,1.0
1724157157727066100,19,1156.5,533.64,123.5,93.91999999999996,1,1,1.0
1724157157727066100,22,92.42,229.72,216.07999999999998,70.28,1,1,1.0
1724157157727066100,24,519.73,502.34,119.06999999999994,146.36000000000007,1,1,1.0
1724157157727066100,25,902.74,382.7,358.3299999999999,105.65000000000003,1,1,1.0
1724157157727066100,27,233.8,195.73,69.02999999999997,67.12000000000003,1,1,1.0
1724157157727066100,32,112.88,126.58,300.12,83.85000000000001,1,1,1.0
1724157157727066100,34,140.3,297.19,72.79999999999998,99.31,1,1,1.0
1724157157727066100,36,340.87,85.17,51.98000000000002,61.959999999999994,1,1,1.0
1724157157727066100,37,86.4,110.79,127.25,57.90999999999998,1,1,1.0
1724157157727066100,39,108.9,26.54,115.07,74.6,1,1,1.0
1724157157727066100,41,31.94,239.05,75.86,95.08999999999997,1,1,1.0
1724157157727066100,43,53.29,72.35,61.970000000000006,57.420000000000016,1,1,1.0
1724157157727066100,47,125.56,366.54,200.01,90.64999999999998,1,1,1.0
1724157157727066100,48,742.57,434.48,469.08000000000004,170.47000000000003,1,1,1.0
1724157157727066100,49,0.0,151.29,88.0,69.63,1,1,1.0
1724157157727066100,50,0.0,610.34,104.8,109.65999999999997,1,1,1.0
1724157157727066100,51,0.78,273.95,36.74,58.34000000000003,1,1,1.0
1724157157727066100,52,0.23,393.01,53.010000000000005,66.04000000000002,1,1,1.0
1724157157727066100,53,90.1,0.56,147.6,31.84,1,1,1.0
1724157157774649100,19,1167.6,539.71,112.40000000000009,85.67999999999995,1,1,1.0
1724157157774649100,22,97.6,233.18,213.42999999999998,67.25,1,1,1.0
1724157157774649100,24,522.12,502.62,119.77999999999997,150.17999999999995,1,1,1.0
1724157157774649100,25,914.71,385.02,362.5899999999999,106.88,1,1,1.0
1724157157774649100,27,230.6,195.66,74.16999999999999,64.27000000000001,1,1,1.0
1724157157774649100,32,93.03,126.68,310.86,82.32999999999998,1,1,1.0
1724157157774649100,34,137.73,297.64,73.75,100.97000000000003,1,1,1.0
1724157157774649100,36,343.2,83.88,48.30000000000001,63.390000000000015,1,1,1.0
1724157157774649100,37,89.8,112.3,124.00000000000001,51.480000000000004,1,1,1.0
1724157157774649100,39,114.6,30.3,107.44,69.32000000000001,1,1,1.0
1724157157774649100,41,30.76,241.61,77.30999999999999,94.25,1,1,1.0
1724157157774649100,43,51.36,73.08,62.900000000000006,58.14,1,1,1.0
1724157157774649100,47,127.87,367.07,201.15999999999997,91.24000000000001,1,1,1.0
1724157157774649100,48,759.96,436.98,477.74,175.31999999999994,1,1,1.0
1724157157774649100,49,0.0,152.75,83.34,70.71000000000001,1,1,1.0
1724157157774649100,50,0.0,610.44,105.0,109.55999999999995,1,1,1.0
1724157157774649100,51,0.0,274.86,34.49,57.41999999999996,1,1,1.0
1724157157774649100,52,0.34,393.72,53.22,67.02999999999997,1,1,1.0
1724157157774649100,53,31.9,0.28,192.79999999999998,34.62,1,1,1.0
1724157157817852400,19,1178.7,545.79,101.29999999999995,77.43000000000006,1,1,1.0
1724157157817852400,22,108.9,236.64,204.67,64.23000000000002,1,1,1.0
1724157157817852400,24,536.03,510.52,106.07000000000005,155.58000000000004,1,1,1.0
1724157157817852400,25,924.04,386.55,353.79999999999995,109.32999999999998,1,1,1.0
1724157157817852400,27,227.4,195.59,79.29999999999998,61.41999999999999,1,1,1.0
1724157157817852400,32,63.79,125.58,319.21,80.82000000000001,1,1,1.0
1724157157817852400,34,135.17,298.09,74.70000000000002,102.63000000000005,1,1,1.0
1724157157817852400,36,342.64,83.68,49.24000000000001,63.639999999999986,1,1,1.0
1724157157817852400,37,91.2,113.82,122.74999999999999,45.04000000000002,1,1,1.0
1724157157817852400,39,116.8,35.09,101.42999999999999,64.77,1,1,1.0
1724157157817852400,41,27.71,242.27,82.31,97.03,1,1,1.0
1724157157817852400,43,51.67,74.66,62.5,56.94,1,1,1.0
1724157157817852400,47,130.18,367.6,202.32,91.82999999999998,1,1,1.0
1724157157817852400,48,795.93,445.47,484.07000000000005,185.63,1,1,1.0
1724157157817852400,49,0.0,155.91,73.32,67.81,1,1,1.0
1724157157817852400,50,0.0,609.77,101.7,110.23000000000002,1,1,1.0
1724157157817852400,51,0.0,274.86,26.5,47.74000000000001,1,1,1.0
1724157157817852400,52,0.45,394.42,53.43,68.02999999999997,1,1,1.0
1724157157817852400,53,139.44,0.0,84.06,37.4,1,1,1.0
1724157157893756700,22,116.82,243.0,200.51,60.329999999999984,1,1,1.0
1724157157893756700,24,540.11,511.47,104.75,162.25,1,1,1.0
1724157157893756700,25,942.72,389.6,336.20000000000005,114.25,1,1,1.0
1724157157893756700,27,227.45,191.21,77.30000000000001,61.23999999999998,1,1,1.0
1724157157893756700,32,33.5,121.5,320.9,101.4,1,1,1.0
1724157157893756700,34,130.03,299.0,76.6,105.93,1,1,1.0
1724157157893756700,36,341.53,83.29,51.10000000000002,64.11999999999999,1,1,1.0
1724157157893756700,37,115.23,115.34,86.77,32.859999999999985,1,1,1.0
1724157157893756700,39,128.0,41.98,88.00999999999999,59.25000000000001,1,1,1.0
1724157157893756700,41,15.2,240.7,101.7,103.69999999999999,1,1,1.0
1724157157893756700,43,51.11,76.23,61.84,54.55,1,1,1.0
1724157157893756700,47,151.35,367.08,183.04999999999998,86.71000000000004,1,1,1.0
1724157157893756700,48,821.65,456.3,458.35,190.55,1,1,1.0
1724157157893756700,49,1.59,154.5,51.41,70.22,1,1,1.0
1724157157893756700,50,0.0,609.44,101.5,110.55999999999995,1,1,1.0
1724157157893756700,51,0.0,274.86,26.5,47.74000000000001,1,1,1.0
1724157157893756700,52,0.68,395.82,53.84,70.04000000000002,1,1,1.0
1724157157893756700,53,112.2,0.0,119.67999999999999,41.34,1,1,1.0
1724157157942922700,22,124.22,245.9,194.35,59.47,1,1,1.0
1724157157942922700,24,546.17,513.1,98.95000000000005,167.43999999999994,1,1,1.0
1724157157942922700,25,952.05,391.13,327.4100000000001,116.69999999999999,1,1,1.0
1724157157942922700,27,227.48,189.02,76.29999999999998,61.16,1,1,1.0
1724157157942922700,32,25.52,123.8,313.08000000000004,102.3,1,1,1.0
1724157157942922700,34,127.47,299.45,77.55000000000001,107.59000000000003,1,1,1.0
1724157157942922700,36,340.97,83.09,52.039999999999964,64.37,1,1,1.0
1724157157942922700,37,112.07,116.27,88.26000000000002,33.47000000000001,1,1,1.0
1724157157942922700,39,131.3,47.59,83.25,55.39,1,1,1.0
1724157157942922700,41,11.3,240.2,104.10000000000001,104.19999999999999,1,1,1.0
1724157157942922700,43,48.84,75.12,64.11999999999999,55.66,1,1,1.0
1724157157942922700,47,161.93,366.82,173.42000000000002,84.15000000000003,1,1,1.0
1724157157942922700,48,839.77,464.22,440.23,196.27999999999997,1,1,1.0
1724157157942922700,49,0.0,155.18,58.4,66.63999999999999,1,1,1.0
1724157157942922700,50,0.0,598.4,99.9,121.60000000000002,1,1,1.0
1724157157942922700,51,0.0,274.86,26.5,47.74000000000001,1,1,1.0
1724157157942922700,52,0.79,396.52,54.050000000000004,71.04000000000002,1,1,1.0
1724157157942922700,53,110.7,0.63,122.96999999999998,42.01,1,1,1.0
1724157158017703700,22,130.71,249.1,191.17,59.78,1,1,1.0
1724157158017703700,24,558.29,516.37,87.35000000000002,177.80999999999995,1,1,1.0
1724157158017703700,25,976.23,395.15,303.77,120.58000000000004,1,1,1.0
1724157158017703700,27,224.1,186.05,79.00000000000003,66.85,1,1,1.0
1724157158017703700,32,0.0,125.5,313.3,102.1,1,1,1.0
1724157158017703700,34,120.11,300.35,79.58999999999999,110.90999999999997,1,1,1.0
1724157158017703700,36,339.86,82.69,53.90999999999997,64.87,1,1,1.0
1724157158017703700,37,114.33,115.35,91.25000000000001,34.69,1,1,1.0
1724157158017703700,39,136.8,48.92,78.23999999999998,55.010000000000005,1,1,1.0
1724157158017703700,41,1.1,238.1,111.9,109.20000000000002,1,1,1.0
1724157158017703700,43,45.88,76.13,65.75999999999999,55.629999999999995,1,1,1.0
1724157158017703700,47,183.1,366.3,157.29999999999998,79.02999999999997,1,1,1.0
1724157158017703700,48,874.68,479.55,405.32000000000005,191.24999999999994,1,1,1.0
1724157158017703700,49,0.0,194.8,59.55,27.849999999999994,1,1,1.0
1724157158017703700,50,0.0,598.0,101.0,122.0,1,1,1.0
1724157158017703700,51,0.0,274.86,26.5,47.74000000000001,1,1,1.0
1724157158017703700,52,0.47,396.75,53.13,65.38999999999999,1,1,1.0
1724157158017703700,53,99.9,0.21,132.12,44.54,1,1,1.0
1724157158093328800,22,128.91,249.71,197.11999999999998,62.119999999999976,1,1,1.0
1724157158093328800,24,565.99,528.46,81.96000000000004,182.03999999999996,1,1,1.0
1724157158093328800,25,1005.92,400.15,274.08000000000004,123.43000000000006,1,1,1.0
1724157158093328800,27,216.4,184.5,82.29999999999998,67.1,1,1,1.0
1724157158093328800,32,0.0,127.72,297.57,98.81,1,1,1.0
1724157158093328800,34,118.66,299.29,78.92000000000002,112.82999999999998,1,1,1.0
1724157158093328800,36,338.74,82.3,55.77999999999997,65.35000000000001,1,1,1.0
1724157158093328800,37,116.82,116.09,94.24000000000001,34.78,1,1,1.0
1724157158093328800,39,140.3,43.4,77.25999999999999,61.87,1,1,1.0
1724157158093328800,41,0.0,234.8,114.0,108.19999999999999,1,1,1.0
1724157158093328800,43,38.33,70.04,73.10000000000001,61.30999999999999,1,1,1.0
1724157158093328800,47,189.2,362.7,152.10000000000002,68.84000000000003,1,1,1.0
1724157158093328800,48,899.13,484.01,380.87,196.39,1,1,1.0
1724157158093328800,50,0.0,607.3,101.6,112.70000000000005,1,1,1.0
1724157158093328800,52,0.16,396.97,52.21,59.73999999999995,1,1,1.0
1724157158093328800,53,88.5,0.0,146.39,44.37,1,1,1.0
1724157158140408800,22,128.01,250.01,200.09000000000003,63.29000000000002,1,1,1.0
1724157158140408800,24,567.62,538.91,82.38,181.09000000000003,1,1,1.0
1724157158140408800,25,1020.24,409.52,259.76,118.56000000000006,1,1,1.0
1724157158140408800,27,214.4,183.3,85.27000000000001,68.1,1,1,1.0
1724157158140408800,32,0.0,128.83,289.7,97.16999999999999,1,1,1.0
1724157158140408800,34,117.93,298.76,78.57999999999998,113.79000000000002,1,1,1.0
1724157158140408800,36,338.19,84.9,56.70999999999998,62.79999999999998,1,1,1.0
1724157158140408800,37,115.39,116.73,95.74,34.249999999999986,1,1,1.0
1724157158140408800,39,145.9,47.18,66.79999999999998,59.949999999999996,1,1,1.0
1724157158140408800,41,0.0,234.0,112.4,111.10000000000002,1,1,1.0
1724157158140408800,43,33.95,67.68,75.78,63.41,1,1,1.0
1724157158140408800,47,188.13,361.92,154.76999999999998,66.07999999999998,1,1,1.0
1724157158140408800,48,926.28,488.38,353.72,199.22000000000003,1,1,1.0
1724157158140408800,50,0.0,611.1,103.6,108.89999999999998,1,1,1.0
1724157158140408800,52,0.0,397.08,51.75,56.920000000000016,1,1,1.0
1724157158140408800,53,82.5,0.0,156.08,42.93,1,1,1.0
1724157158168814300,22,123.62,250.46,206.70999999999998,64.18999999999997,1,1,1.0
1724157158168814300,24,564.26,557.45,86.46000000000004,162.54999999999995,1,1,1.0
1724157158168814300,25,1034.56,418.89,245.44000000000005,113.68000000000006,1,1,1.0
1724157158168814300,27,212.4,182.1,88.22999999999999,68.65,1,1,1.0
1724157158168814300,32,0.0,128.98,283.5,95.39000000000001,1,1,1.0
1724157158168814300,34,117.21,298.23,78.24,114.75,1,1,1.0
1724157158168814300,36,331.3,83.74,67.0,60.87000000000002,1,1,1.0
1724157158168814300,37,113.97,117.37,97.22,33.72999999999999,1,1,1.0
1724157158168814300,39,147.97,47.95,64.43,63.92,1,1,1.0
1724157158168814300,41,0.0,232.6,113.2,106.50000000000003,1,1,1.0
1724157158168814300,43,34.65,68.39,73.93,61.47000000000001,1,1,1.0
1724157158168814300,47,187.06,361.14,157.44,63.31,1,1,1.0
1724157158168814300,48,953.43,492.74,326.57000000000005,202.05999999999995,1,1,1.0
1724157158168814300,50,0.0,619.3,101.9,100.70000000000005,1,1,1.0
1724157158168814300,52,0.0,397.5,52.88,56.76999999999998,1,1,1.0
1724157158168814300,53,76.5,0.0,165.77,41.5,1,1,1.0
1724157158213841000,22,119.23,250.92,213.32,65.08000000000001,1,1,1.0
1724157158213841000,24,561.19,560.84,90.51999999999998,159.15999999999997,1,1,1.0
1724157158213841000,25,1048.88,428.25,231.1199999999999,108.82000000000005,1,1,1.0
1724157158213841000,27,210.4,180.9,91.20000000000002,69.19999999999999,1,1,1.0
1724157158213841000,32,0.0,129.12,277.29,93.63,1,1,1.0
1724157158213841000,34,116.48,297.71,77.90999999999998,115.70000000000005,1,1,1.0
1724157158213841000,36,325.02,86.19,72.29000000000002,60.28,1,1,1.0
1724157158213841000,37,112.54,118.01,98.71999999999998,34.90999999999998,1,1,1.0
1724157158213841000,39,150.05,48.73,60.75,67.88,1,1,1.0
1724157158213841000,41,0.33,231.9,113.12,103.9,1,1,1.0
1724157158213841000,43,34.91,68.08,73.88000000000001,61.260000000000005,1,1,1.0
1724157158213841000,47,185.99,360.36,160.11,60.55000000000001,1,1,1.0
1724157158213841000,48,972.35,497.0,307.65,200.73000000000002,1,1,1.0
1724157158213841000,50,0.0,621.3,109.1,98.70000000000005,1,1,1.0
1724157158213841000,52,0.0,397.91,54.01,56.61999999999995,1,1,1.0
1724157158213841000,53,67.99,0.0,185.41000000000003,40.06,1,1,1.0
1724157158262375900,22,114.84,251.37,219.93999999999997,65.98000000000002,1,1,1.0
1724157158262375900,24,552.6,563.13,94.60000000000002,156.87,1,1,1.0
1724157158262375900,25,1063.2,437.62,216.79999999999995,103.93999999999994,1,1,1.0
1724157158262375900,27,208.4,179.7,93.6,71.0,1,1,1.0
1724157158262375900,32,0.0,129.26,271.09,91.86000000000001,1,1,1.0
1724157158262375900,34,115.75,297.18,77.58000000000001,116.65999999999997,1,1,1.0
1724157158262375900,36,321.52,88.2,77.55000000000001,64.48,1,1,1.0
1724157158262375900,37,111.11,118.65,100.22000000000001,36.079999999999984,1,1,1.0
1724157158262375900,39,152.12,49.5,57.879999999999995,71.86,1,1,1.0
1724157158262375900,41,0.65,231.2,113.05,101.30000000000001,1,1,1.0
1724157158262375900,43,35.14,67.8,71.37,59.019999999999996,1,1,1.0
1724157158262375900,47,184.92,359.58,162.78,57.78000000000003,1,1,1.0
1724157158262375900,48,991.27,501.27,288.73,199.39999999999998,1,1,1.0
1724157158262375900,50,0.0,606.0,111.9,114.0,1,1,1.0
1724157158262375900,52,0.0,398.32,55.13,56.48000000000002,1,1,1.0
1724157158262375900,53,61.31,0.0,190.59,35.61,1,1,1.0
1724157158290618300,22,110.45,251.82,226.55,66.88,1,1,1.0
1724157158290618300,24,553.4,563.8,94.39999999999998,156.20000000000005,1,1,1.0
1724157158290618300,25,1076.89,438.44,203.1099999999999,101.92000000000002,1,1,1.0
1724157158290618300,27,206.4,178.5,93.99999999999997,72.80000000000001,1,1,1.0
1724157158290618300,32,0.0,129.4,264.89,90.09,1,1,1.0
1724157158290618300,34,115.03,296.65,77.22999999999999,117.62,1,1,1.0
1724157158290618300,36,314.03,88.09,85.15000000000003,65.35,1,1,1.0
1724157158290618300,37,109.68,119.29,101.70999999999998,37.260000000000005,1,1,1.0
1724157158290618300,39,154.2,50.28,61.60000000000002,75.82,1,1,1.0
1724157158290618300,41,0.98,230.5,112.97,98.69999999999999,1,1,1.0
1724157158290618300,43,34.96,68.74,69.55000000000001,57.540000000000006,1,1,1.0
1724157158290618300,47,183.85,358.8,165.45000000000002,55.01999999999998,1,1,1.0
1724157158290618300,48,1010.19,505.53,269.80999999999995,198.07000000000005,1,1,1.0
1724157158290618300,50,0.0,606.8,114.9,113.20000000000005,1,1,1.0
1724157158290618300,52,0.0,398.74,56.26,56.329999999999984,1,1,1.0
1724157158290618300,53,48.9,0.0,204.5,35.7,1,1,1.0
1724157158339050700,22,109.38,253.74,230.34000000000003,66.68,1,1,1.0
1724157158339050700,24,548.5,565.79,97.60000000000002,154.21000000000004,1,1,1.0
1724157158339050700,25,1090.58,439.26,189.42000000000007,99.89999999999998,1,1,1.0
1724157158339050700,27,205.0,178.86,91.45999999999998,75.44,1,1,1.0
1724157158339050700,32,0.0,127.14,261.2,88.32000000000001,1,1,1.0
1724157158339050700,34,114.3,296.12,76.89999999999999,118.57999999999998,1,1,1.0
1724157158339050700,36,306.54,87.99,92.75,66.22000000000001,1,1,1.0
1724157158339050700,37,108.26,119.93,103.2,38.44,1,1,1.0
1724157158339050700,39,150.6,51.39,65.22,73.01,1,1,1.0
1724157158339050700,41,1.3,229.8,112.9,96.09999999999997,1,1,1.0
1724157158339050700,43,35.31,68.71,68.99,57.18000000000001,1,1,1.0
1724157158339050700,47,182.78,358.02,168.11999999999998,52.25999999999999,1,1,1.0
1724157158339050700,48,1031.51,515.13,248.49,185.26999999999998,1,1,1.0
1724157158339050700,50,0.0,605.6,113.4,114.39999999999998,1,1,1.0
1724157158339050700,52,0.0,399.15,57.39,56.18000000000001,1,1,1.0
1724157158339050700,53,41.5,0.0,210.5,35.01,1,1,1.0
1724157158367569700,22,108.32,255.67,234.12,66.47,1,1,1.0
1724157158367569700,24,541.77,570.72,106.86000000000001,149.27999999999997,1,1,1.0
1724157158367569700,25,1104.27,440.07,175.73000000000002,97.88000000000005,1,1,1.0
1724157158367569700,27,206.58,178.82,88.4,71.70000000000002,1,1,1.0
1724157158367569700,32,0.0,124.05,254.0,93.42,1,1,1.0
1724157158367569700,34,108.66,296.91,84.27000000000001,118.47999999999996,1,1,1.0
1724157158367569700,36,299.05,87.88,100.33999999999997,67.09,1,1,1.0
1724157158367569700,37,106.83,120.57,104.7,39.610000000000014,1,1,1.0
1724157158367569700,39,147.0,52.49,68.85,70.21000000000001,1,1,1.0
1724157158367569700,41,1.04,230.18,115.27999999999999,95.42000000000002,1,1,1.0
1724157158367569700,43,34.13,68.93,69.09,57.78999999999999,1,1,1.0
1724157158367569700,47,186.45,358.86,169.52000000000004,51.81999999999999,1,1,1.0
1724157158367569700,48,1052.83,524.72,227.17000000000007,172.48000000000002,1,1,1.0
1724157158367569700,50,0.0,613.87,105.6,106.13,1,1,1.0
1724157158367569700,52,0.0,399.56,58.52,56.04000000000002,1,1,1.0
1724157158367569700,53,32.1,0.01,211.4,35.080000000000005,1,1,1.0
1724157158415545100,22,107.26,257.59,237.90000000000003,66.27000000000004,1,1,1.0
1724157158415545100,24,542.31,571.97,106.03000000000009,148.02999999999997,1,1,1.0
1724157158415545100,25,1117.96,440.89,162.03999999999996,95.86000000000001,1,1,1.0
1724157158415545100,27,203.2,179.15,92.11000000000001,72.15,1,1,1.0
1724157158415545100,32,0.0,126.6,242.0,92.47,1,1,1.0
1724157158415545100,34,109.56,298.78,82.82,117.02000000000004,1,1,1.0
1724157158415545100,36,291.57,87.78,107.93,67.94999999999999,1,1,1.0
1724157158415545100,37,105.4,121.21,106.19,40.790000000000006,1,1,1.0
1724157158415545100,39,143.4,53.6,72.47,67.4,1,1,1.0
1724157158415545100,41,0.78,230.56,117.66,94.74000000000001,1,1,1.0
1724157158415545100,43,33.45,68.84,69.66,59.0,1,1,1.0
1724157158415545100,47,190.11,359.7,170.91999999999996,51.379999999999995,1,1,1.0
1724157158415545100,48,1074.15,534.31,205.8499999999999,159.69000000000005,1,1,1.0
1724157158415545100,50,0.0,617.36,100.71,102.63999999999999,1,1,1.0
1724157158415545100,52,0.0,399.97,59.64,55.89999999999998,1,1,1.0
1724157158415545100,53,22.24,0.0,214.35999999999999,29.72,1,1,1.0
1724157158459471100,22,106.19,259.52,241.69,66.06,1,1,1.0
1724157158459471100,24,548.72,580.73,100.17999999999995,139.26999999999998,1,1,1.0
1724157158459471100,25,1138.77,443.2,141.23000000000002,90.24000000000007,1,1,1.0
1724157158459471100,27,205.92,180.24,91.08000000000001,70.13999999999999,1,1,1.0
1724157158459471100,32,0.0,129.63,213.9,92.27000000000001,1,1,1.0
1724157158459471100,34,109.8,299.0,82.92999999999999,118.07999999999998,1,1,1.0
1724157158459471100,36,285.16,87.68,116.86999999999995,68.35,1,1,1.0
1724157158459471100,37,113.47,120.6,89.62,42.97,1,1,1.0
1724157158459471100,39,136.4,53.5,79.5,65.8,1,1,1.0
1724157158459471100,41,0.52,230.94,120.04,94.06,1,1,1.0
1724157158459471100,43,35.31,70.49,70.3,59.67999999999999,1,1,1.0
1724157158459471100,47,193.78,360.55,172.32000000000002,50.93000000000001,1,1,1.0
1724157158459471100,48,1122.65,566.03,157.3499999999999,123.67000000000007,1,1,1.0
1724157158459471100,49,0.0,207.66,76.52,30.97999999999999,1,1,1.0
1724157158459471100,50,0.0,626.03,87.33,93.97000000000003,1,1,1.0
1724157158459471100,52,0.0,400.39,60.77,55.74000000000001,1,1,1.0
1724157158459471100,53,39.36,0.12,177.04000000000002,30.619999999999997,1,1,1.0
1724157158534127600,22,113.2,264.6,240.46000000000004,64.32,1,1,1.0
1724157158534127600,24,566.31,601.23,86.40000000000009,118.76999999999998,1,1,1.0
1724157158534127600,25,1180.38,447.81,99.61999999999989,78.99999999999994,1,1,1.0
1724157158534127600,27,203.26,182.84,90.34000000000003,69.44999999999999,1,1,1.0
1724157158534127600,32,0.0,142.34,192.5,82.06,1,1,1.0
1724157158534127600,34,112.13,301.59,80.63,116.54000000000002,1,1,1.0
1724157158534127600,36,272.36,87.49,134.71999999999997,69.14,1,1,1.0
1724157158534127600,37,108.15,124.02,90.03999999999999,44.17999999999999,1,1,1.0
1724157158534127600,39,131.8,56.0,80.07,62.22,1,1,1.0
1724157158534127600,41,0.0,231.7,124.8,92.69999999999999,1,1,1.0
1724157158534127600,43,37.17,74.78,70.67,59.629999999999995,1,1,1.0
1724157158534127600,47,202.78,361.54,166.36999999999998,52.51999999999998,1,1,1.0
1724157158534127600,48,1181.28,595.88,98.72000000000003,81.72000000000003,1,1,1.0
1724157158534127600,49,0.0,207.99,80.07,36.53,1,1,1.0
1724157158534127600,50,0.0,640.06,48.16,65.24000000000001,1,1,1.0
1724157158534127600,52,0.0,404.16,69.4,54.17999999999995,1,1,1.0
1724157158534127600,53,17.03,0.08,177.17,31.720000000000002,1,1,1.0
1724157158580447200,22,115.47,266.49,241.25000000000003,64.05000000000001,1,1,1.0
1724157158580447200,24,570.13,616.34,78.17999999999995,103.65999999999997,1,1,1.0
1724157158580447200,25,1199.11,451.53,80.8900000000001,74.82000000000005,1,1,1.0
1724157158580447200,27,198.56,184.39,95.51999999999998,72.43,1,1,1.0
1724157158580447200,32,0.0,149.53,174.9,70.87,1,1,1.0
1724157158580447200,34,116.92,302.25,76.35000000000001,116.36000000000001,1,1,1.0
1724157158580447200,36,265.96,87.4,143.64000000000004,69.53999999999999,1,1,1.0
1724157158580447200,37,104.0,121.68,97.43,50.120000000000005,1,1,1.0
1724157158580447200,39,130.2,57.8,80.15,61.64,1,1,1.0
1724157158580447200,41,0.0,232.38,125.23,92.84000000000003,1,1,1.0
1724157158580447200,43,36.61,77.04,70.65,59.57000000000001,1,1,1.0
1724157158580447200,47,208.1,361.69,164.4,54.55000000000001,1,1,1.0
1724157158580447200,48,1209.26,604.67,70.74000000000001,81.72000000000003,1,1,1.0
1724157158580447200,49,0.0,207.91,81.48,39.31,1,1,1.0
1724157158580447200,50,0.0,647.65,27.77,60.75,1,1,1.0
1724157158580447200,52,0.0,407.52,72.79,52.75,1,1,1.0
1724157158580447200,53,6.47,0.15,176.09,32.1,1,1,1.0
1724157158612128000,22,117.75,268.38,242.02999999999997,63.78000000000003,1,1,1.0
1724157158612128000,24,579.59,629.2,82.00999999999999,90.79999999999995,1,1,1.0
1724157158612128000,25,1217.84,455.25,62.16000000000008,70.64999999999998,1,1,1.0
1724157158612128000,27,196.95,184.39,98.54000000000002,74.09000000000003,1,1,1.0
1724157158612128000,32,0.0,155.2,158.5,67.5,1,1,1.0
1724157158612128000,34,121.72,302.91,72.06,116.17999999999995,1,1,1.0
1724157158612128000,36,259.56,87.3,152.57,69.94000000000001,1,1,1.0
1724157158612128000,37,96.9,124.86,104.1,48.739999999999995,1,1,1.0
1724157158612128000,39,127.48,57.4,87.48,64.63,1,1,1.0
1724157158612128000,41,0.0,233.07,125.67,92.95999999999998,1,1,1.0
1724157158612128000,43,37.12,79.13,70.9,59.879999999999995,1,1,1.0
1724157158612128000,47,213.43,361.84,162.42000000000002,56.58000000000004,1,1,1.0
1724157158612128000,48,1243.24,612.26,36.75999999999999,81.73000000000002,1,1,1.0
1724157158612128000,49,0.0,205.04,82.89,42.09,1,1,1.0
1724157158612128000,52,0.0,410.88,76.19,51.329999999999984,1,1,1.0
1724157158612128000,53,0.0,0.19,180.7,32.02,1,1,1.0
1724157158658579400,22,120.02,270.27,242.82,63.50999999999999,1,1,1.0
1724157158658579400,24,580.21,621.2,84.28999999999996,98.79999999999995,1,1,1.0
1724157158658579400,25,1233.57,461.26,46.430000000000064,68.57000000000005,1,1,1.0
1724157158658579400,27,194.1,184.97,100.9,70.66999999999999,1,1,1.0
1724157158658579400,32,0.0,153.76,143.4,67.04000000000002,1,1,1.0
1724157158658579400,34,126.51,303.58,67.77,115.99000000000001,1,1,1.0
1724157158658579400,36,253.16,87.2,161.48999999999998,70.33999999999999,1,1,1.0
1724157158658579400,37,87.4,122.55,118.53,54.91000000000001,1,1,1.0
1724157158658579400,39,124.75,57.0,94.83000000000001,67.62,1,1,1.0
1724157158658579400,41,0.0,233.75,126.1,93.10000000000002,1,1,1.0
1724157158658579400,43,36.69,78.68,72.0,61.04999999999998,1,1,1.0
1724157158658579400,47,218.75,361.99,160.45,58.610000000000014,1,1,1.0
1724157158658579400,49,0.0,205.85,84.24,44.870000000000005,1,1,1.0
1724157158658579400,52,0.0,414.24,79.58,49.90999999999997,1,1,1.0
1724157158658579400,53,0.0,0.3,179.9,31.419999999999998,1,1,1.0
1724157158687607000,22,122.29,272.16,243.60999999999996,63.23999999999995,1,1,1.0
1724157158687607000,24,578.87,620.7,84.83000000000004,99.29999999999995,1,1,1.0
1724157158687607000,25,1243.38,483.9,36.61999999999989,55.180000000000064,1,1,1.0
1724157158687607000,27,199.87,185.09,95.23000000000002,69.22,1,1,1.0
1724157158687607000,32,0.0,153.38,128.8,66.12,1,1,1.0
1724157158687607000,34,131.31,304.24,63.47999999999999,115.81,1,1,1.0
1724157158687607000,36,246.76,87.11,170.42000000000002,70.73,1,1,1.0
1724157158687607000,37,114.38,132.84,92.09,50.02000000000001,1,1,1.0
1724157158687607000,39,122.03,56.6,102.16,70.60999999999999,1,1,1.0
1724157158687607000,41,0.0,234.43,126.53,93.24000000000001,1,1,1.0
1724157158687607000,43,34.72,77.29,74.8,63.92,1,1,1.0
1724157158687607000,47,224.08,362.14,154.11999999999998,60.650000000000034,1,1,1.0
1724157158687607000,49,0.0,200.82,74.9,47.650000000000006,1,1,1.0
1724157158687607000,52,0.0,417.6,82.97,48.48999999999995,1,1,1.0
1724157158687607000,53,1.3,0.48,166.82,30.48,1,1,1.0
1724157158738224100,22,133.6,273.97,237.64000000000001,62.23999999999995,1,1,1.0
1724157158738224100,24,580.91,626.1,85.09000000000003,93.89999999999998,1,1,1.0
1724157158738224100,27,199.02,185.72,96.96000000000001,69.56,1,1,1.0
1724157158738224100,32,0.0,153.0,114.2,65.19999999999999,1,1,1.0
1724157158738224100,34,136.1,304.9,59.20000000000002,115.63,1,1,1.0
1724157158738224100,36,240.35,87.01,179.35,71.12999999999998,1,1,1.0
1724157158738224100,37,103.81,132.93,99.75999999999999,54.94,1,1,1.0
1724157158738224100,39,119.3,56.2,109.50000000000001,73.60000000000001,1,1,1.0
1724157158738224100,41,0.0,235.12,126.97,93.36000000000001,1,1,1.0
1724157158738224100,43,35.51,80.19,73.52000000000001,62.56,1,1,1.0
1724157158738224100,47,229.4,362.29,145.9,62.68000000000001,1,1,1.0
1724157158738224100,49,0.0,198.58,66.4,50.42999999999998,1,1,1.0
1724157158738224100,52,0.0,418.4,87.19,49.629999999999995,1,1,1.0
1724157158738224100,53,0.0,0.35,173.21,31.89,1,1,1.0
1724157158783714100,22,136.45,274.14,238.13,62.10000000000002,1,1,1.0
1724157158783714100,24,582.35,632.57,77.63,87.42999999999995,1,1,1.0
1724157158783714100,27,192.7,185.17,104.23000000000002,71.39000000000001,1,1,1.0
1724157158783714100,32,0.0,152.62,99.6,64.28,1,1,1.0
1724157158783714100,34,134.9,305.56,61.29999999999998,115.44999999999999,1,1,1.0
1724157158783714100,36,228.86,83.03,190.09999999999997,74.96000000000001,1,1,1.0
1724157158783714100,37,88.18,130.85,117.01999999999998,66.37,1,1,1.0
1724157158783714100,39,118.47,56.93,110.93,69.65,1,1,1.0
1724157158783714100,41,0.0,235.8,127.4,93.5,1,1,1.0
1724157158783714100,43,36.0,82.75,72.07,60.93000000000001,1,1,1.0
1724157158783714100,47,233.86,363.21,141.74,64.01000000000005,1,1,1.0
1724157158783714100,49,0.0,193.08,64.8,53.22,1,1,1.0
1724157158783714100,52,0.0,419.2,91.4,50.75999999999999,1,1,1.0
1724157158783714100,53,0.0,0.05,172.46,32.38,1,1,1.0
1724157158810983600,22,139.3,274.3,238.62,61.95999999999998,1,1,1.0
1724157158810983600,24,583.71,640.09,73.46999999999991,79.90999999999997,1,1,1.0
1724157158810983600,27,189.7,184.63,107.97000000000003,73.07,1,1,1.0
1724157158810983600,32,0.0,152.24,83.4,61.56,1,1,1.0
1724157158810983600,34,138.66,305.11,61.03999999999999,115.08999999999997,1,1,1.0
1724157158810983600,36,217.37,79.06,200.85000000000002,78.77000000000001,1,1,1.0
1724157158810983600,37,86.61,128.58,118.69000000000001,72.88,1,1,1.0
1724157158810983600,39,117.63,57.67,112.37,65.7,1,1,1.0
1724157158810983600,41,0.0,232.93,129.1,92.75,1,1,1.0
1724157158810983600,43,35.59,82.82,71.97,60.75,1,1,1.0
1724157158810983600,47,238.32,364.14,137.57999999999998,65.32,1,1,1.0
1724157158810983600,49,0.0,187.59,65.5,55.99000000000001,1,1,1.0
1724157158810983600,52,0.0,415.46,91.33,56.44,1,1,1.0
1724157158810983600,53,0.0,0.42,168.7,36.879999999999995,1,1,1.0
1724157158859656500,22,142.15,274.46,239.10999999999999,61.81999999999999,1,1,1.0
1724157158859656500,24,583.23,644.68,71.26999999999998,75.32000000000005,1,1,1.0
1724157158859656500,27,192.57,184.69,103.29000000000002,72.18,1,1,1.0
1724157158859656500,32,0.0,148.66,64.83,63.94,1,1,1.0
1724157158859656500,34,141.31,305.03,58.28999999999999,112.53000000000003,1,1,1.0
1724157158859656500,36,205.88,75.08,211.60000000000002,82.60000000000001,1,1,1.0
1724157158859656500,37,88.36,127.79,116.49,71.58,1,1,1.0
1724157158859656500,39,116.8,58.4,113.8,61.75000000000001,1,1,1.0
1724157158859656500,41,0.0,230.07,130.8,92.0,1,1,1.0
1724157158859656500,43,34.57,81.45,73.24000000000001,61.89,1,1,1.0
1724157158859656500,47,242.78,365.06,133.42,66.64999999999998,1,1,1.0
1724157158859656500,49,0.0,182.09,64.3,53.609999999999985,1,1,1.0
1724157158859656500,52,0.0,419.0,95.01,51.19999999999999,1,1,1.0
1724157158859656500,53,42.4,0.42,120.4,31.279999999999998,1,1,1.0
1724157158887881200,22,145.0,274.63,239.60000000000002,61.670000000000016,1,1,1.0
1724157158887881200,24,578.78,647.23,70.14999999999998,72.76999999999998,1,1,1.0
1724157158887881200,27,187.6,183.15,108.50000000000003,72.35,1,1,1.0
1724157158887881200,32,0.0,145.08,46.27,66.32,1,1,1.0
1724157158887881200,34,143.97,304.95,55.53,109.97000000000003,1,1,1.0
1724157158887881200,36,194.39,71.1,222.35000000000002,86.42000000000002,1,1,1.0
1724157158887881200,37,90.11,127.01,114.29,70.27,1,1,1.0
1724157158887881200,39,115.3,57.1,113.89999999999999,56.800000000000004,1,1,1.0
1724157158887881200,41,0.0,227.2,132.5,91.25,1,1,1.0
1724157158887881200,43,36.13,80.29,75.10999999999999,63.209999999999994,1,1,1.0
1724157158887881200,47,247.24,365.98,129.26,67.97999999999996,1,1,1.0
1724157158887881200,49,0.0,176.59,71.75,58.109999999999985,1,1,1.0
1724157158887881200,52,0.0,415.4,97.7,55.200000000000045,1,1,1.0
1724157158887881200,53,40.9,0.42,114.5,29.779999999999998,1,1,1.0
1724157158934224400,22,149.8,273.42,239.14999999999998,59.93000000000001,1,1,1.0
1724157158934224400,24,576.63,651.47,66.88,68.52999999999997,1,1,1.0
1724157158934224400,27,191.25,180.82,107.25999999999999,73.67000000000002,1,1,1.0
1724157158934224400,32,0.0,141.5,27.7,68.69999999999999,1,1,1.0
1724157158934224400,34,146.62,304.86,52.78,107.41999999999996,1,1,1.0
1724157158934224400,36,182.9,77.54,233.1,79.83,1,1,1.0
1724157158934224400,37,91.86,126.22,112.08999999999999,68.97,1,1,1.0
1724157158934224400,39,110.4,55.49,116.9,52.71,1,1,1.0
1724157158934224400,41,0.0,224.33,134.2,90.49999999999997,1,1,1.0
1724157158934224400,43,36.25,76.99,76.94,64.64,1,1,1.0
1724157158934224400,47,251.7,366.91,125.10000000000002,69.29999999999995,1,1,1.0
1724157158934224400,49,0.0,171.09,79.2,62.609999999999985,1,1,1.0
1724157158934224400,52,0.0,408.91,100.38,64.38999999999999,1,1,1.0
1724157158934224400,53,34.9,0.42,107.5,24.58,1,1,1.0
1724157158979588200,22,154.6,272.21,238.70000000000002,58.19,1,1,1.0
1724157158979588200,24,576.63,651.47,66.88,68.52999999999997,1,1,1.0
1724157158979588200,27,190.23,178.05,108.91999999999999,74.57999999999998,1,1,1.0
1724157158979588200,34,149.28,304.78,50.02000000000001,104.86000000000001,1,1,1.0
1724157158979588200,36,157.4,71.0,246.99999999999997,84.72999999999999,1,1,1.0
1724157158979588200,37,93.61,125.43,109.89,67.66999999999999,1,1,1.0
1724157158979588200,39,111.26,55.06,104.43999999999998,43.739999999999995,1,1,1.0
1724157158979588200,41,0.0,221.47,135.9,89.75000000000003,1,1,1.0
1724157158979588200,43,35.93,73.12,76.87,64.65,1,1,1.0
1724157158979588200,47,260.16,363.73,116.06,72.26999999999998,1,1,1.0
1724157158979588200,49,0.0,165.59,79.4,67.10999999999999,1,1,1.0
1724157158979588200,52,0.0,405.24,103.06,61.45999999999998,1,1,1.0
1724157159009046000,22,157.11,271.01,234.94,58.960000000000036,1,1,1.0
1724157159009046000,24,552.05,660.07,66.88,59.92999999999995,1,1,1.0
1724157159009046000,27,189.15,174.09,112.20000000000002,76.85,1,1,1.0
1724157159009046000,34,151.93,304.7,47.26999999999998,102.30000000000001,1,1,1.0
1724157159009046000,36,143.05,64.46,249.75,89.62000000000002,1,1,1.0
1724157159009046000,37,95.56,122.94,108.02000000000001,66.5,1,1,1.0
1724157159009046000,39,110.35,50.01,103.75,38.79,1,1,1.0
1724157159009046000,41,0.0,218.6,137.6,89.00000000000003,1,1,1.0
1724157159009046000,43,37.38,70.43,77.94999999999999,65.47,1,1,1.0
1724157159009046000,47,268.63,360.56,107.00999999999999,75.23000000000002,1,1,1.0
1724157159009046000,49,0.0,164.5,78.05,66.91999999999999,1,1,1.0
1724157159009046000,52,0.0,401.57,105.75,64.23000000000002,1,1,1.0
1724157159053865700,22,159.62,269.8,231.18,59.74000000000001,1,1,1.0
1724157159053865700,24,552.05,660.07,66.88,59.92999999999995,1,1,1.0
1724157159053865700,27,190.67,171.63,110.08000000000001,75.15,1,1,1.0
1724157159053865700,34,148.81,293.02,52.03999999999999,102.68,1,1,1.0
1724157159053865700,36,128.69,57.92,252.51,94.52,1,1,1.0
1724157159053865700,37,97.52,120.44,106.14999999999999,65.35,1,1,1.0
1724157159053865700,39,107.29,47.96,103.39,36.910000000000004,1,1,1.0
1724157159053865700,41,0.0,215.47,138.1,90.04999999999998,1,1,1.0
1724157159053865700,43,38.78,68.96,77.01,64.75000000000001,1,1,1.0
1724157159053865700,47,277.09,357.39,97.97000000000003,78.19,1,1,1.0
1724157159053865700,49,0.0,163.42,76.7,66.73000000000002,1,1,1.0
1724157159053865700,52,0.0,397.9,108.43,64.99000000000001,1,1,1.0
1724157159098196200,22,166.64,267.28,223.66000000000003,60.0,1,1,1.0
1724157159098196200,27,191.62,169.64,109.45999999999998,74.46000000000001,1,1,1.0
1724157159098196200,34,150.0,288.67,48.72,109.02999999999997,1,1,1.0
1724157159098196200,36,114.34,51.38,255.26000000000002,99.41,1,1,1.0
1724157159098196200,37,99.47,117.94,104.28,64.19,1,1,1.0
1724157159098196200,39,105.69,44.94,99.81,26.900000000000006,1,1,1.0
1724157159098196200,41,0.0,212.35,138.6,91.09,1,1,1.0
1724157159098196200,43,42.27,65.1,76.16999999999999,63.59,1,1,1.0
1724157159098196200,47,285.56,354.21,88.92000000000002,81.16000000000003,1,1,1.0
1724157159098196200,49,0.0,162.33,75.35,66.53999999999999,1,1,1.0
1724157159098196200,52,0.0,394.23,111.11,65.75,1,1,1.0
1724157159130542300,22,173.65,264.77,216.15,60.25,1,1,1.0
1724157159130542300,27,192.28,167.95,108.36999999999998,73.67000000000002,1,1,1.0
1724157159130542300,34,150.15,285.56,48.25999999999999,106.92000000000002,1,1,1.0
1724157159130542300,36,97.2,44.84,269.90000000000003,104.31,1,1,1.0
1724157159130542300,37,101.43,115.44,102.41,63.03,1,1,1.0
1724157159130542300,39,104.77,43.39,102.03000000000002,21.209999999999994,1,1,1.0
1724157159130542300,41,0.0,209.22,139.1,92.14000000000001,1,1,1.0
1724157159130542300,43,44.07,62.03,75.07,62.599999999999994,1,1,1.0
1724157159130542300,47,294.02,351.04,79.88,84.12,1,1,1.0
1724157159130542300,49,0.0,161.25,74.0,66.35,1,1,1.0
1724157159130542300,52,0.1,391.31,115.21000000000001,63.839999999999975,1,1,1.0
1724157159177524800,22,180.67,262.25,208.63000000000002,60.50999999999999,1,1,1.0
1724157159177524800,27,191.66,162.79,111.17999999999998,75.81,1,1,1.0
1724157159177524800,34,150.3,282.46,47.81,104.79000000000002,1,1,1.0
1724157159177524800,36,82.88,40.61,287.72,105.27,1,1,1.0
1724157159177524800,37,104.21,114.8,100.34000000000002,60.11,1,1,1.0
1724157159177524800,39,101.33,40.38,102.03000000000002,21.21,1,1,1.0
1724157159177524800,41,0.0,206.1,139.6,93.17999999999998,1,1,1.0
1724157159177524800,43,47.2,59.33,74.72,62.17,1,1,1.0
1724157159177524800,47,300.54,348.4,72.57999999999998,85.85000000000002,1,1,1.0
1724157159177524800,49,0.0,157.42,74.1,64.67000000000002,1,1,1.0
1724157159177524800,52,0.2,388.39,119.31,61.93000000000001,1,1,1.0
1724157159207999600,22,187.68,259.74,201.12,60.75999999999999,1,1,1.0
1724157159207999600,27,193.12,161.09,109.13,74.22999999999999,1,1,1.0
1724157159207999600,34,150.45,279.35,47.35000000000002,102.67999999999995,1,1,1.0
1724157159207999600,36,68.56,36.38,305.54,106.22,1,1,1.0
1724157159207999600,37,106.99,114.16,98.28000000000002,57.18000000000001,1,1,1.0
1724157159207999600,39,99.61,35.22,102.02999999999999,21.21,1,1,1.0
1724157159207999600,41,0.0,205.1,137.1,92.1,1,1,1.0
1724157159207999600,43,51.4,59.33,70.52000000000001,61.57000000000001,1,1,1.0
1724157159207999600,47,307.05,345.76,65.28999999999996,87.57,1,1,1.0
1724157159207999600,49,0.0,154.05,78.7,65.16999999999999,1,1,1.0
1724157159207999600,52,0.31,385.47,123.39999999999999,60.01999999999998,1,1,1.0
1724157159254278400,22,194.32,258.63,195.10000000000002,59.870000000000005,1,1,1.0
1724157159254278400,27,194.17,158.81,108.28,73.56,1,1,1.0
1724157159254278400,34,150.6,276.24,46.900000000000006,100.56,1,1,1.0
1724157159254278400,36,54.24,32.14,323.36,107.19000000000001,1,1,1.0
1724157159254278400,37,109.78,113.51,96.19999999999999,54.260000000000005,1,1,1.0
1724157159254278400,39,101.76,28.77,102.02999999999999,21.209999999999997,1,1,1.0
1724157159254278400,41,0.0,199.6,141.9,92.50000000000003,1,1,1.0
1724157159254278400,47,313.57,343.13,57.99000000000001,89.29000000000002,1,1,1.0
1724157159254278400,49,0.0,152.5,78.3,62.91999999999999,1,1,1.0
1724157159254278400,52,0.41,382.55,127.49000000000001,58.110000000000014,1,1,1.0
1724157159302388000,22,200.96,257.52,189.09,58.98000000000002,1,1,1.0
1724157159302388000,27,195.62,155.39,107.35000000000002,72.85000000000002,1,1,1.0
1724157159302388000,34,146.36,272.85,53.73999999999998,103.65999999999997,1,1,1.0
1724157159302388000,36,39.92,27.91,341.18,108.15,1,1,1.0
1724157159302388000,37,112.56,112.87,94.13999999999999,51.329999999999984,1,1,1.0
1724157159302388000,41,0.0,198.0,142.7,92.87,1,1,1.0
1724157159302388000,47,320.08,340.49,50.69999999999999,91.00999999999999,1,1,1.0
1724157159302388000,49,0.0,148.02,82.2,67.17999999999998,1,1,1.0
1724157159302388000,52,0.51,379.63,131.59,56.19999999999999,1,1,1.0
1724157159332278000,22,207.6,256.41,183.07000000000002,58.089999999999975,1,1,1.0
1724157159332278000,27,198.16,152.56,104.36999999999998,70.5,1,1,1.0
1724157159332278000,34,145.42,269.62,54.95000000000002,106.83999999999997,1,1,1.0
1724157159332278000,36,25.6,23.68,359.0,109.1,1,1,1.0
1724157159332278000,37,110.1,106.98,93.62,54.27999999999999,1,1,1.0
1724157159332278000,41,0.0,196.4,143.5,93.22999999999999,1,1,1.0
1724157159332278000,47,326.6,337.85,43.39999999999998,92.73999999999995,1,1,1.0
1724157159332278000,49,0.0,144.05,83.1,67.78,1,1,1.0
1724157159332278000,52,0.61,376.71,135.69,54.29000000000002,1,1,1.0
