1724168457295765100,1,451.1,573.0,258.28999999999996,51.129999999999995,1,2,1.0
1724168457363285100,1,452.0,576.2,257.82000000000005,47.620000000000005,1,2,1.0
1724168457423733700,1,451.2,575.1,257.85999999999996,47.870000000000005,1,2,1.0
1724168457490388800,1,451.72,571.07,257.24,52.77999999999997,1,2,1.0
1724168457554220400,1,453.3,574.5,255.19,48.01999999999998,1,2,1.0
1724168457614512400,1,450.5,573.4,257.76,49.42000000000007,1,2,1.0
1724168457685259000,1,452.9,574.2,255.54000000000008,48.620000000000005,1,2,1.0
1724168457742575700,1,453.7,571.8,253.28000000000003,50.23000000000002,1,2,1.0
1724168457808173700,1,453.39,568.59,255.01,53.01999999999998,1,2,1.0
1724168457878289200,1,448.3,571.0,261.82,50.16999999999996,1,2,1.0
1724168457935069000,1,452.1,572.4,258.01,49.81000000000006,1,2,1.0
1724168458012287400,1,448.8,570.1,260.99999999999994,51.75,1,2,1.0
1724168458063658200,1,453.04,569.68,255.97999999999996,51.010000000000105,1,2,1.0
1724168458126277100,1,451.6,571.9,257.55999999999995,48.54000000000008,1,2,1.0
1724168458205294200,1,446.7,572.3,261.09999999999997,45.5,1,2,1.0
1724168458254770400,1,450.7,570.8,259.7,48.200000000000045,1,2,1.0
1724168458320406700,1,448.93,565.94,262.07,51.559999999999945,1,2,1.0
1724168458404761200,1,446.0,568.4,267.0,48.80000000000007,1,2,1.0
1724168458462883900,1,449.77,568.8,259.39,51.41000000000008,1,2,1.0
1724168458532337600,1,442.95,568.0,268.45,48.5,1,2,1.0
1724168458596643900,1,448.5,568.4,263.79999999999995,48.5,1,2,1.0
1724168458648275500,1,450.04,570.2,260.82,48.92999999999995,1,2,1.0
1724168458709204400,1,446.72,568.1,267.5799999999999,49.39999999999998,1,2,1.0
1724168458772070700,1,441.7,567.0,273.8,47.0,1,2,1.0
1724168458843280400,1,443.3,566.8,273.2,49.10000000000002,1,2,1.0
1724168458900877700,1,446.2,567.1,268.7,48.39999999999998,1,2,1.0
1724168458976023100,1,446.8,567.9,269.09999999999997,48.10000000000002,1,2,1.0
1724168459031424900,1,439.5,567.3,278.79999999999995,49.80000000000007,1,2,1.0
1724168459140356000,1,443.7,563.7,274.59999999999997,52.69999999999993,1,2,1.0
1724168459179390500,1,445.3,565.2,270.8,50.09999999999991,1,2,1.0
1724168459351150200,1,445.4,565.9,271.5,49.89999999999998,1,2,1.0
1724168459372317100,1,442.5,566.6,272.4,49.5,1,2,1.0
1724168459439360300,1,439.4,563.7,275.5,52.59999999999991,1,2,1.0
1724168459483475500,1,458.7,571.0,258.3,44.0,1,2,1.0
1724168459525429400,1,441.5,564.6,273.29999999999995,50.69999999999993,1,2,1.0
1724168459573507700,1,440.5,561.74,273.4,53.460000000000036,1,2,1.0
1724168459631143000,1,439.7,564.2,275.40000000000003,49.09999999999991,1,2,1.0
1724168459675191300,1,447.0,567.5,269.4,48.39999999999998,1,2,1.0
1724168459739323700,1,445.6,566.7,270.59000000000003,49.889999999999986,1,2,1.0
1724168459792690500,1,446.9,567.4,270.05000000000007,48.52999999999997,1,2,1.0
1724168459856816500,1,446.5,567.1,270.04999999999995,48.75999999999999,1,2,1.0
1724168459922218600,1,446.9,567.1,269.32000000000005,49.19999999999993,1,2,1.0
1724168459983604300,1,445.2,567.6,272.07,47.70999999999992,1,2,1.0
1724168460046517100,1,438.0,562.8,279.1,52.280000000000086,1,2,1.0
1724168460112071800,1,436.8,563.0,281.67,49.690000000000055,1,2,1.0
1724168460179280300,1,435.0,562.2,283.46000000000004,50.92999999999995,1,2,1.0
1724168460245167100,1,435.7,560.9,283.58,51.190000000000055,1,2,1.0
1724168460310500700,1,437.8,562.3,282.81,50.82000000000005,1,2,1.0
1724168460369150800,1,435.6,560.0,283.76,52.059999999999945,1,2,1.0
1724168460432631300,1,435.9,559.8,283.23,52.85000000000002,1,2,1.0
1724168460503359000,1,429.6,553.5,291.31999999999994,59.0,1,2,1.0
1724168460561919200,1,428.83,553.27,291.96999999999997,59.35000000000002,1,2,1.0
1724168460635091700,1,428.08,553.38,290.79,59.0,1,2,1.0
1724168460687443500,1,435.57,558.9,285.12000000000006,52.67000000000007,1,2,1.0
1724168460755360300,1,437.58,560.7,282.40000000000003,51.1099999999999,1,2,1.0
1724168460816783600,1,445.8,564.4,275.45,47.15999999999997,1,2,1.0
1724168460894911800,1,432.0,557.5,290.34000000000003,54.460000000000036,1,2,1.0
1724168460943164000,1,435.7,556.6,288.09999999999997,54.92999999999995,1,2,1.0
1724168461006957000,1,441.2,566.2,281.59,44.42999999999995,1,2,1.0
1724168461090633800,1,442.5,565.4,280.73,45.74000000000001,1,2,1.0
1724168461138695900,1,442.8,565.4,280.03000000000003,45.930000000000064,1,2,1.0
1724168461196996900,1,446.3,565.5,277.95,45.700000000000045,1,2,1.0
1724168461261948200,1,443.9,565.5,273.9,44.299999999999955,1,2,1.0
1724168461373711900,1,451.6,572.3,269.9,36.60000000000002,1,2,1.0
1724168461431841500,1,451.0,573.8,272.0,35.80000000000007,1,2,1.0
1724168461497000500,1,453.9,573.8,265.80000000000007,34.90000000000009,1,2,1.0
1724168461554154400,1,454.3,574.2,269.99999999999994,36.299999999999955,1,2,1.0
1724168461618103600,1,454.7,576.1,267.2,34.19999999999993,1,2,1.0
1724168461682914700,1,455.4,577.2,266.70000000000005,33.0,1,2,1.0
1724168461739346700,1,457.8,581.5,266.8,29.899999999999977,1,2,1.0
1724168461804770400,1,457.3,579.5,265.99999999999994,34.10000000000002,1,2,1.0
1724168461880823500,1,458.6,578.1,260.4,36.299999999999955,1,2,1.0
1724168461934417600,1,460.0,578.5,258.6,36.0,1,2,1.0
1724168461991881900,1,460.7,579.4,257.59999999999997,34.700000000000045,1,2,1.0
1724168462048489300,1,462.5,580.9,256.1,34.39999999999998,1,2,1.0
1724168462108590800,1,464.4,581.7,254.0,35.09999999999991,1,2,1.0
1724168462161765200,1,468.2,586.2,247.59999999999997,31.0,1,2,1.0
1724168462224875300,1,467.8,586.5,248.49999999999994,32.299999999999955,1,2,1.0
1724168462288866500,1,466.42,584.4,249.87999999999994,35.60000000000002,1,2,1.0
1724168462361083600,1,467.1,587.3,246.5,31.200000000000045,1,2,1.0
1724168462429764900,1,469.8,588.0,242.59999999999997,31.200000000000045,1,2,1.0
1724168462485008000,1,473.2,591.2,235.7,30.199999999999932,1,2,1.0
1724168462545112800,1,476.3,591.4,231.59999999999997,29.5,1,2,1.0
1724168462609521300,1,473.7,593.5,233.8,27.899999999999977,1,2,1.0
1724168462672536200,1,478.6,595.4,228.29999999999995,27.399999999999977,1,2,1.0
1724168462734981800,1,482.3,596.2,222.7,28.5,1,2,1.0
1724168462803673400,1,484.6,596.3,220.5,30.300000000000068,1,2,1.0
1724168462867179100,1,478.1,595.3,226.79999999999995,32.700000000000045,1,2,1.0
1724168462927555600,1,479.7,596.1,221.8,33.19999999999993,1,2,1.0
1724168462991652700,1,484.2,598.8,214.40000000000003,31.300000000000068,1,2,1.0
1724168463052861000,1,484.0,598.1,216.39999999999998,32.799999999999955,1,2,1.0
1724168463117854000,1,482.3,599.9,216.8,32.0,1,2,1.0
1724168463185652400,1,483.1,601.5,216.29999999999995,31.0,1,2,1.0
1724168463245661200,1,488.5,604.7,207.0,28.699999999999932,1,2,1.0
1724168463311504800,1,486.8,605.5,206.99999999999994,34.33000000000004,1,2,1.0
1724168463372894800,1,490.6,605.1,201.0,31.799999999999955,1,2,1.0
1724168463438867000,1,491.7,607.9,198.8,30.200000000000045,1,2,1.0
1724168463513899800,1,489.9,608.5,200.30000000000007,31.100000000000023,1,2,1.0
1724168463570569500,1,496.6,607.8,193.19999999999993,34.10000000000002,1,2,1.0
1724168463640840400,1,495.0,608.8,196.29999999999995,29.800000000000068,1,2,1.0
1724168463702884700,1,492.9,609.0,194.30000000000007,30.899999999999977,1,2,1.0
1724168463758246000,1,491.5,610.0,193.70000000000005,31.5,1,2,1.0
1724168463822714700,1,496.4,610.6,187.70000000000005,33.19999999999993,1,2,1.0
1724168463889915700,1,499.4,614.7,183.70000000000005,28.899999999999977,1,2,1.0
1724168463959364400,1,497.91,610.21,182.29000000000002,37.18999999999994,1,2,1.0
1724168464016961600,1,497.14,611.48,182.06000000000006,35.72000000000003,1,2,1.0
1724168464085757000,1,497.38,611.41,183.91999999999996,36.49000000000001,1,2,1.0
1724168464161345500,1,498.67,611.8,179.62999999999994,35.10000000000002,1,2,1.0
1724168464213704700,1,499.64,611.71,177.56000000000006,36.289999999999964,1,2,1.0
1724168464273423900,1,500.58,612.22,177.92000000000002,34.879999999999995,1,2,1.0
1724168464338125600,1,492.41,608.25,186.29000000000002,40.75,1,2,1.0
1724168464531349400,1,492.23,607.54,187.37,40.460000000000036,1,2,1.0
1724168464557757100,1,489.41,607.02,191.08999999999997,41.77999999999997,1,2,1.0
1724168464603157600,1,493.67,608.12,185.32999999999998,40.67999999999995,1,2,1.0
1724168464664258600,1,492.05,607.12,187.24999999999994,43.98000000000002,1,2,1.0
1724168464710444300,1,489.08,605.95,188.62000000000006,41.94999999999993,1,2,1.0
1724168464753658200,1,489.0,605.54,189.39999999999998,42.56000000000006,1,2,1.0
1724168464818506500,1,490.18,604.28,188.21999999999997,45.01999999999998,1,2,1.0
1724168464859788600,1,492.47,604.92,188.82999999999993,42.879999999999995,1,2,1.0
1724168464921680000,1,487.76,603.79,192.14,45.110000000000014,1,2,1.0
1724168464974490700,1,493.6,610.7,191.0,33.89999999999998,1,2,1.0
1724168465039607000,1,490.9,606.7,194.60000000000002,38.799999999999955,1,2,1.0
1724168465111160100,1,490.1,609.7,196.39999999999998,36.89999999999998,1,2,1.0
1724168465170168200,1,489.8,607.6,197.49999999999994,36.19999999999993,1,2,1.0
1724168465236971200,1,492.6,609.2,191.79999999999995,32.19999999999993,1,2,1.0
1724168465294856200,1,489.1,606.9,197.29999999999995,34.5,1,2,1.0
1724168465357051600,1,495.3,608.2,192.40000000000003,33.299999999999955,1,2,1.0
1724168465429369500,1,493.5,607.5,195.89999999999998,34.700000000000045,1,2,1.0
1724168465489160400,1,498.1,613.6,191.79999999999995,27.299999999999955,1,2,1.0
1724168465563205700,1,502.1,613.3,190.39999999999998,25.100000000000023,1,2,1.0
1724168465627206400,1,499.2,610.1,192.59999999999997,30.100000000000023,1,2,1.0
1724168465683516500,1,502.2,613.8,190.00000000000006,23.700000000000045,1,2,1.0
1724168465742432400,1,503.4,616.4,185.10000000000002,23.0,1,2,1.0
1724168465804645400,1,500.2,611.8,194.99000000000007,26.0,1,2,1.0
1724168465877362000,1,495.6,612.8,199.68999999999994,26.0,1,2,1.0
1724168465936663100,1,496.2,611.8,199.7,26.700000000000045,1,2,1.0
1724168466007861900,1,496.6,613.0,199.69999999999993,25.700000000000045,1,2,1.0
1724168466086261800,1,497.4,611.5,197.0,28.799999999999955,1,2,1.0
1724168466269965600,1,496.5,610.4,199.60000000000002,32.0,1,2,1.0
1724168466287503200,1,501.1,612.1,193.0,26.399999999999977,1,2,1.0
1724168466337665500,1,491.2,607.2,207.40000000000003,31.899999999999977,1,2,1.0
1724168466403103100,1,505.0,610.2,189.5,29.899999999999977,1,2,1.0
1724168466446563900,1,497.2,609.9,194.50000000000006,30.700000000000045,1,2,1.0
1724168466503534700,1,496.2,608.9,192.59999999999997,30.399999999999977,1,2,1.0
1724168466557207900,1,494.36,608.5,197.34000000000003,31.100000000000023,1,2,1.0
1724168466607143400,1,493.79,609.2,197.10999999999996,29.799999999999955,1,2,1.0
1724168466643556400,1,495.22,609.8,194.67999999999995,28.600000000000023,1,2,1.0
1724168466708638300,1,494.25,609.9,199.64999999999998,30.200000000000045,1,2,1.0
1724168466837331700,1,489.38,608.9,205.12,29.5,1,2,1.0
1724168466908453000,1,488.03,606.2,202.67000000000007,31.09999999999991,1,2,1.0
1724168466927032500,1,490.3,607.5,201.59999999999997,31.899999999999977,1,2,1.0
1724168466959940500,1,494.1,609.4,198.69999999999993,27.0,1,2,1.0
1724168467027691100,1,488.6,606.1,206.10000000000002,28.699999999999932,1,2,1.0
1724168467092721300,1,493.4,606.9,198.70000000000005,28.399999999999977,1,2,1.0
1724168467151355100,1,495.4,608.1,199.70000000000005,27.600000000000023,1,2,1.0
1724168467217360300,1,491.5,606.4,202.60000000000002,29.200000000000045,1,2,1.0
1724168467283954800,1,492.7,606.4,197.59999999999997,28.100000000000023,1,2,1.0
1724168467344807200,1,493.4,605.3,205.0,28.90000000000009,1,2,1.0
1724168467409289800,1,476.3,595.9,218.90000000000003,39.30000000000007,1,2,1.0
1724168467471837500,1,484.9,601.4,210.89999999999998,32.700000000000045,1,2,1.0
1724168467538818100,1,487.1,602.5,206.39999999999998,32.200000000000045,1,2,1.0
1724168467599761000,1,489.6,601.9,205.5,34.30000000000007,1,2,1.0
1724168467661741500,1,491.8,604.6,204.2,32.10000000000002,1,2,1.0
1724168467726181700,1,486.7,602.7,208.2,32.09999999999991,1,2,1.0
1724168467806597100,1,488.6,604.2,209.60000000000002,30.899999999999977,1,2,1.0
1724168467872053000,1,492.9,605.8,203.89999999999998,27.800000000000068,1,2,1.0
1724168467931954700,1,477.78,592.98,219.12,42.319999999999936,1,2,1.0
1724168467989071300,1,479.1,593.7,217.39999999999998,41.59999999999991,1,2,1.0
1724168468051905800,1,477.4,594.1,217.5,42.69999999999993,1,2,1.0
1724168468121477400,1,476.4,593.3,219.20000000000005,43.80000000000007,1,2,1.0
1724168468176498800,1,483.1,597.1,211.19999999999993,40.69999999999993,1,2,1.0
1724168468240559000,1,482.6,596.1,211.69999999999993,40.299999999999955,1,2,1.0
1724168468306024500,1,480.8,593.4,212.59999999999997,43.5,1,2,1.0
1724168468368817000,1,479.7,592.3,214.59999999999997,43.200000000000045,1,2,1.0
1724168468433875700,1,483.63,592.97,210.97000000000003,43.73000000000002,1,2,1.0
1724168468502970600,1,482.18,591.76,210.61999999999995,45.34000000000003,1,2,1.0
1724168468578257600,1,485.09,593.67,209.41000000000003,41.23000000000002,1,2,1.0
1724168468626931900,1,485.51,593.82,204.83000000000004,44.57999999999993,1,2,1.0
1724168468707865000,1,486.3,599.0,206.09999999999997,35.299999999999955,1,2,1.0
1724168468753014600,1,484.1,594.6,207.55999999999995,49.27999999999997,1,2,1.0
1724168468818727700,1,482.3,595.6,210.8,39.19999999999993,1,2,1.0
1724168468881092400,1,482.8,594.7,210.49999999999994,41.59999999999991,1,2,1.0
1724168468943541700,1,485.5,594.2,207.39999999999998,41.39999999999998,1,2,1.0
1724168469006565800,1,488.4,593.6,203.60000000000002,41.10000000000002,1,2,1.0
1724168469072477000,1,481.8,601.6,211.90000000000003,35.0,1,2,1.0
1724168469150648400,1,486.55,591.02,207.45,45.27999999999997,1,2,1.0
1724168469211704000,1,486.2,590.8,208.3,46.0,1,2,1.0
1724168469293649100,1,486.96,591.86,207.24000000000007,43.639999999999986,1,2,1.0
1724168469331133400,1,487.0,590.03,206.29999999999995,45.47000000000003,1,2,1.0
1724168469391038900,1,487.3,594.1,204.8,39.5,1,2,1.0
1724168469457038000,1,484.77,593.7,207.93000000000006,42.299999999999955,1,2,1.0
1724168469566541600,1,483.5,592.0,208.89999999999998,46.39999999999998,1,2,1.0
1724168469608887500,1,481.9,588.5,211.39999999999998,49.5,1,2,1.0
1724168469666621400,1,482.0,589.6,211.29999999999995,48.60000000000002,1,2,1.0
1724168469719114400,1,483.1,590.6,211.0,45.5,1,2,1.0
1724168469779857500,1,482.84,590.19,206.86000000000007,46.00999999999999,1,2,1.0
1724168469840670300,1,480.2,590.1,209.2,45.0,1,2,1.0
1724168469916226800,1,481.2,591.0,213.09999999999997,42.60000000000002,1,2,1.0
1724168469971484500,1,482.7,590.7,209.50000000000006,43.19999999999993,1,2,1.0
1724168470033238500,1,482.7,591.3,211.00000000000006,42.80000000000007,1,2,1.0
1724168470093384900,1,483.2,591.5,209.59999999999997,43.39999999999998,1,2,1.0
1724168470158564500,1,481.91,589.93,210.38999999999993,43.370000000000005,1,2,1.0
1724168470225351300,1,484.4,591.5,209.80000000000007,40.700000000000045,1,2,1.0
1724168470289028300,1,483.9,592.2,210.39999999999998,40.89999999999998,1,2,1.0
1724168470353694700,1,487.73,593.48,208.97000000000003,39.319999999999936,1,2,1.0
1724168470423391100,1,487.5,596.1,209.89999999999998,36.5,1,2,1.0
1724168470538089700,1,489.4,591.56,207.96000000000004,41.80000000000007,1,2,1.0
1724168470605377400,1,488.9,594.7,209.20000000000005,38.19999999999993,1,2,1.0
1724168470663005600,1,489.8,594.0,207.2,39.700000000000045,1,2,1.0
1724168470732191500,1,500.2,593.8,198.60999999999996,38.710000000000036,1,2,1.0
1724168470784733300,1,488.54,594.5,205.95999999999998,39.200000000000045,1,2,1.0
1724168470843178200,1,485.36,593.6,211.53999999999996,40.299999999999955,1,2,1.0
1724168470900836000,1,485.32,592.5,208.78000000000003,40.299999999999955,1,2,1.0
1724168470952318500,1,483.71,590.9,210.89000000000004,42.39999999999998,1,2,1.0
1724168470998125800,1,484.52,590.6,210.98000000000002,43.799999999999955,1,2,1.0
1724168471063010000,1,482.14,588.7,210.96000000000004,44.09999999999991,1,2,1.0
1724168471118604200,1,478.78,587.7,214.92000000000007,48.19999999999993,1,2,1.0
1724168471183294500,1,477.83,588.6,218.27000000000004,43.69999999999993,1,2,1.0
1724168471252373800,1,478.23,587.5,217.97000000000003,45.200000000000045,1,2,1.0
1724168471252373800,2,544.5,632.6,26.039999999999964,12.699999999999932,1,1,1.0
1724168471315784900,1,477.1,588.9,219.29999999999995,41.30000000000007,1,2,1.0
1724168471315784900,2,565.4,631.61,10.300000000000068,10.68999999999994,1,1,1.0
1724168471383586000,1,476.34,586.27,216.26000000000005,46.23000000000002,1,2,1.0
1724168471383586000,2,554.7,630.59,30.3599999999999,14.309999999999945,1,1,1.0
1724168471448198200,1,482.26,588.3,212.84000000000003,43.5,1,2,1.0
1724168471448198200,2,573.7,632.99,13.589999999999918,8.710000000000036,1,1,1.0
1724168471507146100,1,477.45,587.8,218.05,40.5,1,2,1.0
1724168471507146100,2,566.7,633.13,19.59999999999991,9.370000000000005,1,1,1.0
1724168471567554900,1,483.35,586.8,215.04999999999995,43.80000000000007,1,2,1.0
1724168471567554900,2,564.1,633.81,25.139999999999986,10.290000000000077,1,1,1.0
1724168471632691300,1,483.78,587.6,215.82000000000005,43.0,1,2,1.0
1724168471632691300,2,567.74,634.29,22.059999999999945,10.210000000000036,1,1,1.0
1724168471697936500,1,484.28,588.9,217.51999999999998,39.5,1,2,1.0
1724168471697936500,2,568.0,629.37,33.92999999999995,16.730000000000018,1,1,1.0
1724168471774883200,1,484.45,591.2,219.95,35.5,1,2,1.0
1724168471774883200,2,572.9,627.3,33.85000000000002,20.0,1,1,1.0
1724168471832693900,1,486.78,589.3,216.72000000000003,35.90000000000009,1,2,1.0
1724168471832693900,2,578.1,626.88,29.610000000000014,19.620000000000005,1,1,1.0
1724168471896282200,1,489.56,588.9,218.54000000000002,36.60000000000002,1,2,1.0
1724168471896282200,2,576.6,627.07,36.20999999999992,19.129999999999995,1,1,1.0
1724168471953946800,1,494.36,590.8,214.14,31.90000000000009,1,2,1.0
1724168471953946800,2,578.9,626.25,37.82000000000005,19.649999999999977,1,1,1.0
1724168472023293000,1,494.09,592.4,217.70999999999998,30.899999999999977,1,2,1.0
1724168472023293000,2,573.62,626.1,48.98000000000002,20.50999999999999,1,1,1.0
1724168472081117300,1,493.25,592.1,218.35000000000002,31.699999999999932,1,2,1.0
1724168472081117300,2,574.5,626.3,51.710000000000036,19.600000000000023,1,1,1.0
1724168472149438700,1,495.41,594.8,219.08999999999997,29.300000000000068,1,2,1.0
1724168472149438700,2,569.7,626.18,69.46999999999991,22.420000000000073,1,1,1.0
1724168472220125800,1,501.03,595.1,215.97000000000003,29.899999999999977,1,2,1.0
1724168472220125800,2,577.4,625.54,58.81000000000006,23.25999999999999,1,1,1.0
1724168472272800600,1,500.8,595.6,215.7,30.699999999999932,1,2,1.0
1724168472272800600,2,577.1,626.29,63.50999999999999,23.00999999999999,1,1,1.0
1724168472348994200,1,500.6,597.2,218.19999999999993,28.399999999999977,1,2,1.0
1724168472348994200,2,584.4,626.38,64.58000000000004,18.620000000000005,1,1,1.0
1724168472401579400,1,499.77,597.4,217.13,33.389999999999986,1,2,1.0
1724168472401579400,2,585.4,626.44,70.44000000000005,18.75999999999999,1,1,1.0
1724168472478421200,1,500.6,597.7,212.0,31.199999999999932,1,2,1.0
1724168472478421200,2,588.9,627.5,73.11000000000001,18.899999999999977,1,1,1.0
1724168472530238400,1,500.5,597.3,216.39999999999998,31.5,1,2,1.0
1724168472530238400,2,598.9,627.45,67.15999999999997,17.84999999999991,1,1,1.0
1724168472612427100,1,502.7,598.9,208.40000000000003,31.0,1,2,1.0
1724168472612427100,2,613.3,627.42,57.460000000000036,16.879999999999995,1,1,1.0
1724168472672255100,1,503.7,599.0,209.40000000000003,29.600000000000023,1,2,1.0
1724168472672255100,2,613.89,627.09,63.50999999999999,18.00999999999999,1,1,1.0
1724168472732772000,1,502.31,599.8,208.83999999999997,31.420000000000073,1,2,1.0
1724168472732772000,2,618.15,627.07,57.25,18.829999999999927,1,1,1.0
1724168472790934700,1,504.5,598.3,209.41999999999996,33.30000000000007,1,2,1.0
1724168472790934700,2,621.33,626.24,58.370000000000005,19.659999999999968,1,1,1.0
1724168472847534700,1,507.2,598.4,206.13000000000005,34.10000000000002,1,2,1.0
1724168472847534700,2,627.99,626.07,53.210000000000036,21.229999999999905,1,1,1.0
1724168472917076200,1,503.9,600.0,211.56000000000006,33.39999999999998,1,2,1.0
1724168472917076200,2,631.17,627.03,46.33000000000004,18.670000000000073,1,1,1.0
1724168472974412300,1,506.5,602.3,203.35000000000002,31.800000000000068,1,2,1.0
1724168472974412300,2,630.92,624.61,48.180000000000064,20.090000000000032,1,1,1.0
1724168473037445500,1,507.62,600.9,201.84000000000003,33.360000000000014,1,2,1.0
1724168473037445500,2,643.5,628.61,36.200000000000045,19.18999999999994,1,1,1.0
1724168473101532900,1,509.2,603.6,200.24000000000007,30.399999999999977,1,2,1.0
1724168473101532900,2,648.39,630.07,26.110000000000014,17.029999999999973,1,1,1.0
1724168473166784700,1,508.71,601.0,200.73000000000008,36.07000000000005,1,2,1.0
1724168473166784700,2,659.51,637.36,11.690000000000055,9.740000000000009,1,1,1.0
1724168473231221500,1,510.16,603.6,196.36999999999995,31.379999999999995,1,2,1.0
1724168473231221500,2,663.15,634.81,11.690000000000055,9.740000000000009,1,1,1.0
1724168473297788900,1,507.4,604.6,196.04000000000008,31.199999999999932,1,2,1.0
1724168473361228700,1,509.0,604.9,196.85000000000002,33.30000000000007,1,2,1.0
1724168473433700700,1,511.41,604.5,189.62999999999994,32.370000000000005,1,2,1.0
1724168473493256700,1,510.96,603.2,191.34999999999997,33.75999999999999,1,2,1.0
1724168473562717100,1,511.91,603.9,190.35999999999996,31.129999999999995,1,2,1.0
1724168473624766000,1,510.0,605.1,189.27999999999997,29.840000000000032,1,2,1.0
1724168473694083900,1,510.53,603.1,186.63,33.360000000000014,1,2,1.0
1724168473757091600,1,510.06,605.0,195.19,30.08000000000004,1,2,1.0
1724168473818524600,1,510.36,605.2,193.35000000000002,32.0,1,2,1.0
1724168473878542800,1,512.81,605.6,186.34000000000003,31.379999999999995,1,2,1.0
1724168473936099900,1,510.4,605.6,189.37,32.99000000000001,1,2,1.0
1724168474001883300,1,512.13,604.3,188.59000000000003,34.210000000000036,1,2,1.0
1724168474063855900,1,510.57,606.2,189.84999999999997,34.02999999999997,1,2,1.0
1724168474127370600,1,511.74,607.3,188.42999999999995,33.15000000000009,1,2,1.0
1724168474197271200,1,510.87,606.4,190.12,32.79000000000008,1,2,1.0
1724168474254717700,1,511.93,606.3,187.93,33.99000000000001,1,2,1.0
1724168474320674000,1,510.2,605.8,188.17000000000002,34.25,1,2,1.0
1724168474387202800,1,511.36,605.2,187.19999999999993,35.42999999999995,1,2,1.0
1724168474456240800,1,512.28,604.0,187.85000000000002,37.22000000000003,1,2,1.0
1724168474516085000,1,512.81,605.3,187.2600000000001,34.629999999999995,1,2,1.0
1724168474576013700,1,510.98,604.1,190.35000000000002,36.23000000000002,1,2,1.0
1724168474638062900,1,512.01,603.4,189.25,36.620000000000005,1,2,1.0
1724168474706209500,1,512.24,603.6,186.88,35.70999999999992,1,2,1.0
1724168474769914200,1,512.33,603.1,184.0999999999999,36.19999999999993,1,2,1.0
1724168474840585500,1,511.23,603.9,188.43999999999994,36.80000000000007,1,2,1.0
1724168474896170100,1,511.36,604.8,184.05999999999995,35.120000000000005,1,2,1.0
1724168474962710900,1,512.8,604.4,186.60000000000002,36.389999999999986,1,2,1.0
1724168475031073800,1,512.33,603.4,185.94999999999993,36.80000000000007,1,2,1.0
1724168475086112300,1,512.59,601.4,185.5,37.129999999999995,1,2,1.0
1724168475152891600,1,511.07,602.1,187.54000000000002,36.73000000000002,1,2,1.0
1724168475226028900,1,511.33,601.9,189.78000000000003,35.940000000000055,1,2,1.0
1724168475280241800,1,510.8,601.7,186.18,37.69999999999993,1,2,1.0
1724168475347535700,1,510.2,601.5,188.33999999999997,36.26999999999998,1,2,1.0
1724168475412961300,1,508.48,602.7,187.61,34.20999999999992,1,2,1.0
1724168475479872100,1,508.42,602.0,188.09999999999997,34.40999999999997,1,2,1.0
1724168475613815100,1,509.77,601.7,188.13,35.319999999999936,1,2,1.0
1724168475632069000,1,505.97,601.7,194.5,35.719999999999914,1,2,1.0
1724168475697248200,1,508.67,604.2,186.95999999999998,35.789999999999964,1,2,1.0
1724168475739084600,1,507.54,602.0,191.83999999999997,36.34000000000003,1,2,1.0
1724168475801004200,1,507.77,602.5,186.02999999999997,37.25,1,2,1.0
1724168475867122600,1,511.5,602.6,184.60000000000002,36.299999999999955,1,2,1.0
1724168475929506600,1,508.82,601.7,185.07999999999998,36.289999999999964,1,2,1.0
1724168475985747400,1,506.43,602.4,188.70999999999998,32.79000000000008,1,2,1.0
1724168476047393000,1,507.61,600.2,186.58000000000004,36.319999999999936,1,2,1.0
1724168476115227800,1,507.67,599.9,185.70999999999998,35.33000000000004,1,2,1.0
1724168476191032700,1,500.87,602.4,194.71000000000004,30.75999999999999,1,2,1.0
1724168476255762600,1,499.75,602.4,193.66999999999996,31.100000000000023,1,2,1.0
1724168476313101600,1,495.49,604.3,198.66999999999996,29.57000000000005,1,2,1.0
1724168476382764900,1,495.99,602.4,197.88,31.149999999999977,1,2,1.0
1724168476571019300,1,495.39,602.9,202.0,30.75,1,2,1.0
1724168476595419800,1,488.42,602.1,205.56,32.43999999999994,1,2,1.0
1724168476656117700,1,489.75,602.9,208.22000000000003,30.75999999999999,1,2,1.0
1724168476701443600,1,486.65,602.2,208.14,28.729999999999905,1,2,1.0
1724168476748859300,1,487.06,602.7,208.82,29.389999999999986,1,2,1.0
1724168476806665000,1,488.14,600.2,208.64999999999998,30.029999999999973,1,2,1.0
1724168476854431000,1,489.49,601.0,208.90999999999997,30.850000000000023,1,2,1.0
1724168476898759500,1,488.23,598.4,210.38,30.360000000000014,1,2,1.0
1724168476943439000,1,489.13,598.6,209.60000000000002,31.569999999999936,1,2,1.0
1724168477013791100,1,490.34,599.3,212.7,28.57000000000005,1,2,1.0
1724168477075516700,1,490.94,600.2,211.58999999999997,27.729999999999905,1,2,1.0
1724168477139905700,1,489.2,599.5,210.84999999999997,28.299999999999955,1,2,1.0
1724168477223271500,1,487.74,599.7,211.15999999999997,29.269999999999982,1,2,1.0
1724168477272134200,1,487.2,598.3,216.02000000000004,29.129999999999995,1,2,1.0
1724168477327610000,1,487.1,600.0,213.39999999999998,26.25999999999999,1,2,1.0
1724168477396438600,1,487.05,599.4,215.37999999999994,28.230000000000018,1,2,1.0
1724168477464164700,1,485.56,600.1,216.98999999999995,28.159999999999968,1,2,1.0
1724168477524132800,1,484.15,600.8,217.44000000000005,27.65000000000009,1,2,1.0
1724168477593852800,1,487.37,600.0,214.68999999999994,25.720000000000027,1,2,1.0
1724168477656825200,1,486.59,600.1,214.91000000000003,27.93999999999994,1,2,1.0
1724168477714247100,1,489.97,602.1,210.75,26.74000000000001,1,2,1.0
1724168477780536900,1,486.15,602.8,213.81000000000006,25.800000000000068,1,2,1.0
1724168477843191500,1,486.34,601.0,213.16000000000003,27.210000000000036,1,2,1.0
1724168477903689200,1,491.65,602.9,208.14999999999998,24.879999999999995,1,2,1.0
1724168477972890300,1,485.6,602.6,214.29999999999995,24.25,1,2,1.0
1724168478031563200,1,484.63,603.2,215.16999999999996,24.709999999999923,1,2,1.0
1724168478096935400,1,489.68,603.2,209.42000000000002,24.289999999999964,1,2,1.0
1724168478096935400,3,529.83,637.68,15.169999999999959,12.420000000000073,1,1,1.0
1724168478161099200,1,484.55,600.6,217.24999999999994,26.699999999999932,1,2,1.0
1724168478161099200,4,564.11,631.97,10.92999999999995,8.5,1,1,1.0
1724168478161099200,3,530.33,639.81,17.16999999999996,10.290000000000077,1,1,1.0
1724168478223661400,1,487.95,600.8,214.15000000000003,26.100000000000023,1,2,1.0
1724168478223661400,4,568.66,633.18,30.639999999999986,9.120000000000005,1,1,1.0
1724168478223661400,3,533.6,639.6,14.769999999999982,11.5,1,1,1.0
1724168478296770600,1,486.27,600.1,217.52999999999997,26.480000000000018,1,2,1.0
1724168478296770600,4,583.2,631.36,30.979999999999905,11.840000000000032,1,1,1.0
1724168478296770600,3,532.89,641.99,18.50999999999999,11.710000000000036,1,1,1.0
1724168478296770600,5,652.78,631.92,18.340000000000032,10.82000000000005,1,1,1.0
1724168478359397100,1,488.5,598.2,215.39999999999998,27.059999999999945,1,2,1.0
1724168478359397100,4,586.06,627.46,34.74000000000001,15.639999999999986,1,1,1.0
1724168478359397100,3,533.6,639.15,21.50999999999999,15.25,1,1,1.0
1724168478359397100,5,653.38,629.81,24.32000000000005,11.990000000000009,1,1,1.0
1724168478422059200,1,488.77,596.7,216.33000000000004,27.899999999999977,1,2,1.0
1724168478422059200,4,592.75,625.63,35.549999999999955,18.769999999999982,1,1,1.0
1724168478422059200,3,535.3,639.72,21.57000000000005,14.779999999999973,1,1,1.0
1724168478422059200,5,654.29,626.99,21.850000000000023,14.090000000000032,1,1,1.0
1724168478483296900,1,488.04,596.2,220.45999999999998,29.17999999999995,1,2,1.0
1724168478483296900,4,598.59,627.98,40.610000000000014,15.120000000000005,1,1,1.0
1724168478483296900,3,532.7,640.04,28.889999999999986,14.56000000000006,1,1,1.0
1724168478547519200,1,491.17,594.8,215.32999999999998,30.930000000000064,1,2,1.0
1724168478547519200,4,588.26,625.86,57.940000000000055,19.74000000000001,1,1,1.0
1724168478547519200,3,536.31,638.7,26.690000000000055,18.09999999999991,1,1,1.0
1724168478615521000,1,491.87,596.1,213.02999999999997,28.590000000000032,1,2,1.0
1724168478615521000,4,608.08,627.02,42.41999999999996,21.680000000000064,1,1,1.0
1724168478615521000,3,536.08,638.97,28.319999999999936,18.230000000000018,1,1,1.0
1724168478678355500,1,490.0,594.6,219.89999999999998,31.559999999999945,1,2,1.0
1724168478678355500,4,602.39,624.05,52.40999999999997,25.850000000000023,1,1,1.0
1724168478678355500,3,537.2,639.93,32.39999999999998,20.07000000000005,1,1,1.0
1724168478739871000,1,492.75,593.7,218.54999999999995,31.709999999999923,1,2,1.0
1724168478739871000,4,620.02,625.01,41.48000000000002,27.389999999999986,1,1,1.0
1724168478739871000,3,536.78,641.02,40.92000000000007,19.58000000000004,1,1,1.0
1724168478799259600,1,493.38,593.0,222.22000000000003,33.67999999999995,1,2,1.0
1724168478799259600,4,630.7,629.22,30.799999999999955,23.879999999999995,1,1,1.0
1724168478799259600,3,538.13,640.73,41.66999999999996,18.970000000000027,1,1,1.0
1724168478868387900,1,492.27,593.0,224.63,30.710000000000036,1,2,1.0
1724168478868387900,4,637.68,636.51,16.220000000000027,11.990000000000009,1,1,1.0
1724168478868387900,3,536.7,641.36,56.0,18.039999999999964,1,1,1.0
1724168478929755000,1,495.53,592.6,219.17000000000007,31.799999999999955,1,2,1.0
1724168478929755000,3,539.9,641.04,53.200000000000045,21.360000000000014,1,1,1.0
1724168479012176300,1,493.36,593.5,217.03999999999996,33.370000000000005,1,2,1.0
1724168479012176300,3,539.8,640.01,61.700000000000045,21.889999999999986,1,1,1.0
1724168479071703900,1,494.17,594.0,218.32999999999998,34.10000000000002,1,2,1.0
1724168479071703900,3,541.77,637.32,59.02999999999997,27.17999999999995,1,1,1.0
1724168479122879200,1,490.19,594.8,224.31,31.550000000000068,1,2,1.0
1724168479122879200,3,548.65,637.49,51.48000000000002,30.75,1,1,1.0
1724168479197348300,1,497.32,595.9,217.78000000000003,29.06000000000006,1,2,1.0
1724168479197348300,3,549.98,637.49,51.72000000000003,30.110000000000014,1,1,1.0
1724168479248630500,1,495.22,598.3,218.07999999999993,29.56000000000006,1,2,1.0
1724168479248630500,3,550.5,635.42,50.75,29.379999999999995,1,1,1.0
1724168479313726600,1,497.86,596.5,219.34000000000003,31.029999999999973,1,2,1.0
1724168479313726600,3,550.09,636.38,61.110000000000014,30.41999999999996,1,1,1.0
1724168479393491000,1,494.56,598.3,220.54000000000002,27.280000000000086,1,2,1.0
1724168479393491000,3,558.41,635.54,57.389999999999986,31.160000000000082,1,1,1.0
1724168479438267600,1,494.95,600.7,217.95,27.639999999999986,1,2,1.0
1724168479438267600,3,566.64,636.59,55.25999999999999,29.709999999999923,1,1,1.0
1724168479502950400,1,493.61,598.8,222.89,27.090000000000032,1,2,1.0
1724168479502950400,3,569.33,638.17,59.16999999999996,30.030000000000086,1,1,1.0
1724168479566644400,1,484.59,600.3,228.51000000000005,25.700000000000045,1,2,1.0
1724168479566644400,3,572.35,634.99,62.25,29.809999999999945,1,1,1.0
1724168479636975000,1,482.12,600.3,219.58000000000004,28.870000000000005,1,2,1.0
1724168479636975000,3,579.34,633.47,67.75999999999999,30.529999999999973,1,1,1.0
1724168479695854200,1,472.77,592.1,229.86,37.299999999999955,1,2,1.0
1724168479695854200,3,587.04,633.4,66.06000000000006,30.300000000000068,1,1,1.0
1724168479773694100,1,471.66,590.2,228.74999999999994,41.319999999999936,1,2,1.0
1724168479773694100,3,590.66,629.88,65.34000000000003,33.01999999999998,1,1,1.0
1724168479822863900,1,471.95,590.1,223.2,42.129999999999995,1,2,1.0
1724168479822863900,3,599.32,632.1,60.17999999999995,28.799999999999955,1,1,1.0
1724168479886332900,1,462.72,582.9,233.07999999999993,49.84000000000003,1,2,1.0
1724168479886332900,3,600.93,637.18,61.07000000000005,23.82000000000005,1,1,1.0
1724168479975449500,1,459.3,578.0,235.55,54.309999999999945,1,2,1.0
1724168479975449500,3,600.87,636.93,61.52999999999997,24.670000000000073,1,1,1.0
1724168480017585400,1,462.4,577.8,230.10000000000002,53.530000000000086,1,2,1.0
1724168480017585400,3,600.88,638.62,63.91999999999996,21.980000000000018,1,1,1.0
1724168480078969600,1,455.1,576.7,235.86,55.18999999999994,1,2,1.0
1724168480078969600,3,627.38,640.13,39.120000000000005,20.269999999999982,1,1,1.0
1724168480142952400,1,455.5,578.2,238.28999999999996,53.90999999999997,1,2,1.0
1724168480142952400,3,634.56,637.75,33.74000000000001,20.649999999999977,1,1,1.0
1724168480217186500,1,453.7,573.8,244.00000000000006,58.47000000000003,1,2,1.0
1724168480217186500,3,639.08,635.52,31.539999999999964,23.970000000000027,1,1,1.0
1724168480275175900,1,448.4,572.8,247.79000000000008,58.690000000000055,1,2,1.0
1724168480275175900,3,643.22,633.52,28.67999999999995,24.879999999999995,1,1,1.0
1724168480335818300,1,451.0,576.1,235.85000000000002,55.059999999999945,1,2,1.0
1724168480335818300,3,641.81,634.22,27.99000000000001,18.079999999999927,1,1,1.0
1724168480408335100,1,451.4,574.8,242.38,56.030000000000086,1,2,1.0
1724168480408335100,3,644.34,636.75,22.559999999999945,16.049999999999955,1,1,1.0
1724168480474339800,1,449.6,574.8,246.42999999999995,55.67000000000007,1,2,1.0
1724168480474339800,3,642.65,636.37,27.550000000000068,19.529999999999973,1,1,1.0
1724168480539591800,1,466.67,577.76,230.81,51.01999999999998,1,2,1.0
1724168480539591800,3,645.72,638.39,20.279999999999973,15.509999999999991,1,1,1.0
1724168480595456400,1,464.9,581.6,233.14,45.65999999999997,1,2,1.0
1724168480595456400,3,649.6,631.02,22.0,14.279999999999973,1,1,1.0
1724168480663262800,1,465.25,584.91,229.75,40.99000000000001,1,2,1.0
1724168480663262800,3,651.21,628.17,22.799999999999955,17.520000000000095,1,1,1.0
1724168480719449000,1,469.3,584.6,229.8,42.89999999999998,1,2,1.0
1724168480719449000,3,649.64,625.78,25.480000000000018,15.740000000000009,1,1,1.0
1724168480785739000,1,467.5,587.6,229.79999999999995,38.299999999999955,1,2,1.0
1724168480785739000,3,649.64,625.78,27.25999999999999,13.720000000000027,1,1,1.0
1724168480892427100,1,469.9,588.6,236.89999999999998,36.5,1,2,1.0
1724168480892427100,3,646.28,625.04,29.420000000000073,16.360000000000014,1,1,1.0
1724168480950646900,1,472.2,591.8,237.09999999999997,30.800000000000068,1,2,1.0
1724168481010191700,1,476.5,595.0,235.20000000000005,28.200000000000045,1,2,1.0
1724168481062364200,1,481.9,597.2,234.5,26.299999999999955,1,2,1.0
1724168481062364200,3,654.82,630.15,20.079999999999927,13.649999999999977,1,1,1.0
1724168481121072500,1,485.0,593.1,242.60000000000002,30.66999999999996,1,2,1.0
1724168481121072500,3,651.26,626.78,22.24000000000001,15.519999999999982,1,1,1.0
1724168481169929900,1,489.83,582.28,242.81,41.26999999999998,1,2,1.0
1724168481232733300,1,489.6,588.5,241.29999999999995,36.389999999999986,1,2,1.0
1724168481294441400,1,493.92,582.88,236.97999999999996,42.710000000000036,1,2,1.0
1724168481359378800,1,497.22,586.82,234.77999999999997,39.57999999999993,1,2,1.0
1724168481434664400,1,494.18,582.5,241.82,45.289999999999964,1,2,1.0
1724168481503457400,1,495.22,578.7,242.07999999999993,49.049999999999955,1,2,1.0
1724168481556541500,1,496.68,579.11,241.27000000000004,48.889999999999986,1,2,1.0
1724168481622474500,1,496.06,580.06,240.52000000000004,47.370000000000005,1,2,1.0
1724168481680504900,1,495.06,579.3,246.33999999999997,48.22000000000003,1,2,1.0
1724168481742630500,1,495.27,577.52,246.82000000000005,49.440000000000055,1,2,1.0
1724168481811489300,1,495.27,580.6,245.02999999999997,46.360000000000014,1,2,1.0
1724168481874666600,1,489.83,592.3,239.96999999999997,34.379999999999995,1,2,1.0
1724168481939669400,1,488.21,592.3,238.58999999999997,34.07000000000005,1,2,1.0
1724168482011047400,1,484.77,595.9,241.63,26.980000000000018,1,2,1.0
1724168482077145100,1,483.7,599.2,228.8,23.769999999999982,1,2,1.0
1724168482134082200,1,481.8,593.02,234.35999999999996,25.100000000000023,1,2,1.0
1724168482192664600,1,479.73,592.4,237.16999999999996,27.300000000000068,1,2,1.0
1724168482254061000,1,477.5,593.1,239.70000000000005,28.299999999999955,1,2,1.0
1724168482329054800,1,477.6,591.3,236.10000000000002,31.0,1,2,1.0
1724168482393632100,1,478.62,589.9,233.88,30.800000000000068,1,2,1.0
1724168482447668400,1,467.6,590.2,242.60000000000002,32.09999999999991,1,2,1.0
1724168482512012000,1,471.5,589.6,237.34000000000003,33.27999999999997,1,2,1.0
1724168482579369600,1,473.5,589.6,234.03999999999996,33.299999999999955,1,2,1.0
1724168482640598400,1,468.0,588.6,238.20000000000005,33.60000000000002,1,2,1.0
1724168482710350500,1,478.0,590.7,228.29999999999995,32.89999999999998,1,2,1.0
1724168482769316100,1,480.07,589.6,231.63000000000005,33.0,1,2,1.0
1724168482841617200,1,484.05,595.3,232.05,26.100000000000023,1,2,1.0
1724168482895879000,1,479.6,595.9,238.69999999999993,24.600000000000023,1,2,1.0
1724168482966904000,1,483.0,595.8,235.89999999999998,24.90000000000009,1,2,1.0
1724168483027016400,1,485.1,597.5,234.89999999999998,21.5,1,2,1.0
1724168483109545700,1,486.65,595.5,235.64,26.75,1,2,1.0
1724168483160286800,1,487.13,596.4,237.88,24.290000000000077,1,2,1.0
1724168483219998400,1,485.1,594.7,239.49,24.269999999999982,1,2,1.0
1724168483219998400,6,525.61,626.32,23.92999999999995,18.1099999999999,1,1,1.0
1724168483284220300,1,487.0,593.2,239.12,25.409999999999968,1,2,1.0
1724168483284220300,6,524.0,628.91,28.129999999999995,16.190000000000055,1,1,1.0
1724168483343815100,1,482.7,594.4,240.89000000000004,22.5,1,2,1.0
1724168483343815100,6,528.2,629.88,21.99000000000001,15.82000000000005,1,1,1.0
1724168483410218100,1,482.2,594.8,242.52000000000004,24.610000000000014,1,2,1.0
1724168483410218100,6,522.7,626.96,27.16999999999996,19.74000000000001,1,1,1.0
1724168483480323700,1,481.8,593.6,243.81,22.41999999999996,1,2,1.0
1724168483480323700,6,522.5,629.22,30.24000000000001,18.17999999999995,1,1,1.0
1724168483539342800,1,485.5,595.9,234.76999999999998,23.00999999999999,1,2,1.0
1724168483539342800,6,519.9,629.34,21.960000000000036,19.159999999999968,1,1,1.0
1724168483608357200,1,485.4,592.7,240.42000000000007,25.789999999999964,1,2,1.0
1724168483608357200,6,521.9,630.53,20.720000000000027,16.269999999999982,1,1,1.0
1724168483667195300,1,491.3,593.6,232.68,25.629999999999995,1,2,1.0
1724168483667195300,6,521.83,628.7,20.67999999999995,18.549999999999955,1,1,1.0
1724168483726678000,1,491.6,594.3,229.39,24.83000000000004,1,2,1.0
1724168483726678000,6,523.49,626.84,19.700000000000045,21.559999999999945,1,1,1.0
1724168483792476300,1,488.85,595.9,234.91999999999996,22.279999999999973,1,2,1.0
1724168483792476300,6,523.41,627.86,18.24000000000001,20.5,1,1,1.0
1724168483860305400,1,487.94,596.6,235.94,22.090000000000032,1,2,1.0
1724168483860305400,6,527.23,632.64,18.879999999999995,16.889999999999986,1,1,1.0
1724168483921816400,1,489.67,595.2,231.96999999999997,25.289999999999964,1,2,1.0
1724168483921816400,6,527.79,631.23,19.0,17.470000000000027,1,1,1.0
1724168483984666100,1,486.74,593.3,233.5,28.100000000000023,1,2,1.0
1724168483984666100,6,529.53,630.61,21.730000000000018,19.5,1,1,1.0
1724168484046836500,1,491.25,595.7,228.29999999999995,26.41999999999996,1,2,1.0
1724168484046836500,6,529.16,628.86,17.56000000000006,22.600000000000023,1,1,1.0
1724168484110749800,1,492.39,595.0,228.30000000000007,26.950000000000045,1,2,1.0
1724168484110749800,6,530.5,625.48,15.960000000000036,27.319999999999936,1,1,1.0
1724168484315593400,1,491.38,597.0,227.35000000000002,25.289999999999964,1,2,1.0
1724168484315593400,6,532.21,631.89,17.389999999999986,22.81000000000006,1,1,1.0
1724168484343435300,1,489.66,596.0,228.43,25.299999999999955,1,2,1.0
1724168484343435300,6,529.35,624.87,16.110000000000014,26.529999999999973,1,1,1.0
1724168484396340000,1,487.39,597.4,230.96000000000004,23.920000000000073,1,2,1.0
1724168484396340000,6,529.44,625.56,16.879999999999995,24.49000000000001,1,1,1.0
1724168484444620800,1,487.01,596.5,229.71000000000004,25.370000000000005,1,2,1.0
1724168484444620800,6,529.3,624.44,18.83000000000004,22.159999999999968,1,1,1.0
1724168484493026800,1,488.01,594.7,231.64,27.41999999999996,1,2,1.0
1724168484493026800,6,528.9,622.05,21.08000000000004,21.15000000000009,1,1,1.0
1724168484550924900,1,491.69,595.7,229.75000000000006,26.339999999999918,1,2,1.0
1724168484550924900,6,541.6,630.37,8.899999999999977,8.42999999999995,1,1,1.0
1724168484596347800,1,491.96,593.8,227.69,26.81000000000006,1,2,1.0
1724168484596347800,6,544.0,628.35,7.6200000000000045,8.449999999999932,1,1,1.0
1724168484638874800,1,494.83,595.3,226.82,28.480000000000018,1,2,1.0
1724168484702822500,1,494.72,595.3,225.48000000000002,25.920000000000073,1,2,1.0
1724168484765244600,1,494.46,598.6,223.32,23.470000000000027,1,2,1.0
1724168484765244600,7,516.37,626.62,14.32000000000005,11.960000000000036,1,1,1.0
1724168484822173800,1,492.45,599.6,221.38000000000005,24.41999999999996,1,2,1.0
1724168484822173800,7,516.1,625.06,21.629999999999995,17.440000000000055,1,1,1.0
1724168484904660500,1,497.43,600.4,218.96999999999997,21.649999999999977,1,2,1.0
1724168484904660500,7,507.63,623.47,31.470000000000027,16.639999999999986,1,1,1.0
1724168484947233700,1,494.01,599.5,222.44000000000005,23.210000000000036,1,2,1.0
1724168484947233700,7,513.64,625.9,38.57000000000005,19.800000000000068,1,1,1.0
1724168485006399500,1,496.0,600.2,224.54999999999995,23.149999999999977,1,2,1.0
1724168485006399500,7,515.78,623.01,33.05000000000007,22.99000000000001,1,1,1.0
1724168485083566600,1,494.04,600.7,221.49999999999994,23.949999999999932,1,2,1.0
1724168485083566600,7,516.99,622.69,36.549999999999955,21.1099999999999,1,1,1.0
1724168485134391700,1,493.03,602.8,220.12,21.370000000000005,1,2,1.0
1724168485134391700,7,517.1,625.11,41.60000000000002,15.590000000000032,1,1,1.0
1724168485134391700,8,596.92,629.12,12.800000000000068,9.17999999999995,1,1,1.0
1724168485134391700,9,530.29,636.36,19.019999999999982,12.740000000000009,1,1,1.0
1724168485202202000,1,496.31,600.4,219.57,23.149999999999977,1,2,1.0
1724168485202202000,7,522.6,625.2,42.389999999999986,16.299999999999955,1,1,1.0
1724168485202202000,8,593.8,628.64,18.82000000000005,9.659999999999968,1,1,1.0
1724168485202202000,9,534.47,639.7,14.629999999999995,11.5,1,1,1.0
1724168485263370300,1,492.06,604.2,220.55,19.409999999999968,1,2,1.0
1724168485263370300,7,520.6,622.5,47.34000000000003,15.600000000000023,1,1,1.0
1724168485263370300,8,594.5,628.16,32.860000000000014,11.340000000000032,1,1,1.0
1724168485263370300,9,530.1,635.73,18.0,17.370000000000005,1,1,1.0
1724168485330242200,1,492.86,599.3,215.19999999999993,25.1400000000001,1,2,1.0
1724168485330242200,7,538.1,622.4,42.289999999999964,14.700000000000045,1,1,1.0
1724168485330242200,8,606.04,624.62,30.280000000000086,15.080000000000041,1,1,1.0
1724168485330242200,9,530.4,637.22,19.360000000000014,15.579999999999927,1,1,1.0
1724168485330242200,10,520.97,623.41,17.639999999999986,14.540000000000077,1,1,1.0
1724168485394771800,1,487.7,600.4,223.95,23.269999999999982,1,2,1.0
1724168485394771800,7,539.4,620.1,47.75,19.620000000000005,1,1,1.0
1724168485394771800,8,607.5,624.69,37.25999999999999,14.909999999999968,1,1,1.0
1724168485394771800,9,529.8,637.77,22.170000000000073,17.33000000000004,1,1,1.0
1724168485394771800,10,520.97,622.86,18.730000000000018,15.090000000000032,1,1,1.0
1724168485455285800,1,486.43,600.0,223.84999999999997,23.91999999999996,1,2,1.0
1724168485455285800,7,552.8,622.1,43.80000000000007,19.5,1,1,1.0
1724168485455285800,8,613.9,626.73,39.00999999999999,13.269999999999982,1,1,1.0
1724168485455285800,9,529.8,633.64,25.3900000000001,23.659999999999968,1,1,1.0
1724168485455285800,10,520.97,622.3,19.829999999999927,15.650000000000091,1,1,1.0
1724168485520540200,1,487.65,600.9,214.70000000000005,27.700000000000045,1,2,1.0
1724168485520540200,7,553.7,623.0,45.0,18.0,1,1,1.0
1724168485520540200,8,614.4,629.02,48.09000000000003,14.080000000000041,1,1,1.0
1724168485520540200,9,529.3,635.78,27.930000000000064,20.620000000000005,1,1,1.0
1724168485520540200,10,530.19,619.5,19.829999999999927,15.649999999999977,1,1,1.0
1724168485585106500,1,481.27,601.1,222.96000000000004,27.99000000000001,1,2,1.0
1724168485585106500,7,559.6,619.7,52.059999999999945,22.24000000000001,1,1,1.0
1724168485585106500,8,619.88,627.67,48.22000000000003,17.33000000000004,1,1,1.0
1724168485585106500,9,531.8,633.9,30.800000000000068,24.300000000000068,1,1,1.0
1724168485585106500,10,534.95,619.78,25.449999999999932,13.120000000000005,1,1,1.0
1724168485647100200,1,485.21,602.6,216.54000000000002,25.75999999999999,1,2,1.0
1724168485647100200,7,554.9,620.4,50.60000000000002,22.700000000000045,1,1,1.0
1724168485647100200,8,631.84,628.67,43.360000000000014,17.129999999999995,1,1,1.0
1724168485647100200,9,537.2,641.33,23.229999999999905,15.469999999999914,1,1,1.0
1724168485647100200,10,531.31,624.3,31.290000000000077,16.710000000000036,1,1,1.0
1724168485711668000,1,484.17,599.3,216.53000000000003,29.24000000000001,1,2,1.0
1724168485711668000,7,557.7,620.7,57.799999999999955,21.16999999999996,1,1,1.0
1724168485711668000,8,634.44,628.34,37.559999999999945,16.659999999999968,1,1,1.0
1724168485711668000,9,532.79,631.45,22.00999999999999,22.449999999999932,1,1,1.0
1724168485711668000,10,543.05,621.78,31.290000000000077,16.710000000000036,1,1,1.0
1724168485777175700,1,478.9,599.0,221.26999999999998,29.129999999999995,1,2,1.0
1724168485777175700,7,568.0,622.1,54.48000000000002,22.569999999999936,1,1,1.0
1724168485777175700,8,640.99,628.33,35.210000000000036,15.669999999999959,1,1,1.0
1724168485777175700,9,535.2,631.5,18.779999999999973,24.019999999999982,1,1,1.0
1724168485777175700,10,556.19,620.11,31.289999999999964,16.699999999999932,1,1,1.0
1724168485849809300,1,487.4,599.2,215.14,26.1099999999999,1,2,1.0
1724168485849809300,7,580.8,626.1,49.0,16.860000000000014,1,1,1.0
1724168485849809300,8,637.94,627.84,36.25999999999999,17.860000000000014,1,1,1.0
1724168485849809300,9,538.56,631.5,13.340000000000032,24.5,1,1,1.0
1724168485849809300,10,561.8,620.39,26.24000000000001,15.009999999999991,1,1,1.0
1724168485908010600,1,488.9,601.1,213.49,25.299999999999955,1,2,1.0
1724168485908010600,7,563.3,625.6,72.54000000000008,19.829999999999927,1,1,1.0
1724168485908010600,8,640.6,627.01,35.52999999999997,18.779999999999973,1,1,1.0
1724168485908010600,9,539.6,630.98,11.799999999999955,17.220000000000027,1,1,1.0
1724168485908010600,10,557.3,622.13,26.780000000000086,10.970000000000027,1,1,1.0
1724168485968094100,1,490.8,605.4,213.99999999999994,21.340000000000032,1,2,1.0
1724168485968094100,7,585.9,624.6,48.190000000000055,21.75,1,1,1.0
1724168485968094100,8,646.36,629.54,31.639999999999986,16.460000000000036,1,1,1.0
1724168485968094100,9,540.9,639.3,11.800000000000068,8.360000000000014,1,1,1.0
1724168485968094100,10,563.1,621.9,22.25999999999999,9.899999999999977,1,1,1.0
1724168486037033000,1,489.8,602.2,211.00999999999993,23.649999999999977,1,2,1.0
1724168486037033000,7,587.9,623.8,56.460000000000036,23.75999999999999,1,1,1.0
1724168486037033000,8,644.35,631.72,31.850000000000023,14.079999999999927,1,1,1.0
1724168486037033000,9,541.4,635.4,13.899999999999977,12.0,1,1,1.0
1724168486037033000,10,570.44,621.2,22.25999999999999,9.899999999999977,1,1,1.0
1724168486101783000,1,488.7,600.1,209.99000000000007,29.350000000000023,1,2,1.0
1724168486101783000,7,583.96,620.78,64.19999999999993,25.480000000000018,1,1,1.0
1724168486101783000,8,649.22,631.89,21.980000000000018,12.610000000000014,1,1,1.0
1724168486101783000,9,544.52,634.62,13.899999999999977,12.0,1,1,1.0
1724168486168032600,1,486.3,599.0,213.10999999999996,28.299999999999955,1,2,1.0
1724168486168032600,7,568.9,624.4,84.5,22.090000000000032,1,1,1.0
1724168486168032600,8,661.63,636.58,10.870000000000005,7.419999999999959,1,1,1.0
1724168486168032600,9,551.01,632.8,13.899999999999977,12.0,1,1,1.0
1724168486223881000,1,489.6,602.4,211.80999999999995,25.00999999999999,1,2,1.0
1724168486223881000,7,589.7,621.5,75.26999999999998,27.889999999999986,1,1,1.0
1724168486223881000,8,663.98,637.93,8.720000000000027,6.3700000000000045,1,1,1.0
1724168486292471500,1,495.6,603.4,207.22000000000003,24.75999999999999,1,2,1.0
1724168486292471500,7,601.5,626.0,63.639999999999986,25.269999999999982,1,1,1.0
1724168486364829000,1,490.35,605.3,210.22000000000003,21.590000000000032,1,2,1.0
1724168486364829000,7,602.2,623.5,65.12,28.639999999999986,1,1,1.0
1724168486424058900,1,491.39,603.6,211.01999999999998,25.75,1,2,1.0
1724168486424058900,7,605.4,624.5,64.01999999999998,25.899999999999977,1,1,1.0
1724168486492196600,1,491.1,604.4,208.56999999999994,23.909999999999968,1,2,1.0
1724168486492196600,7,612.9,623.3,56.700000000000045,27.050000000000068,1,1,1.0
1724168486547471300,1,491.25,605.1,208.91999999999996,24.459999999999923,1,2,1.0
1724168486547471300,7,615.9,622.7,56.65999999999997,27.620000000000005,1,1,1.0
1724168486619718100,1,490.53,604.9,208.10000000000002,25.24000000000001,1,2,1.0
1724168486619718100,7,615.5,626.0,56.309999999999945,24.49000000000001,1,1,1.0
1724168486692756800,1,491.66,604.3,209.60999999999996,25.65000000000009,1,2,1.0
1724168486692756800,7,634.5,630.4,38.049999999999955,19.800000000000068,1,1,1.0
1724168486742596600,1,487.8,604.4,213.89000000000004,26.0,1,2,1.0
1724168486742596600,7,641.5,632.8,30.230000000000018,13.75,1,1,1.0
1724168486803732800,1,488.05,605.1,213.34999999999997,25.659999999999968,1,2,1.0
1724168486803732800,7,651.7,631.5,29.449999999999932,16.960000000000036,1,1,1.0
1724168486872039100,1,488.19,601.8,214.32999999999998,29.81000000000006,1,2,1.0
1724168486872039100,7,656.6,630.6,21.659999999999968,14.049999999999955,1,1,1.0
1724168486932764100,1,486.66,601.0,214.60999999999996,30.92999999999995,1,2,1.0
1724168486932764100,7,662.5,630.8,19.590000000000032,14.440000000000055,1,1,1.0
1724168486995948200,1,486.78,602.4,216.01999999999998,27.960000000000036,1,2,1.0
1724168486995948200,7,668.11,630.27,9.490000000000009,9.629999999999995,1,1,1.0
1724168487063484100,1,485.48,603.7,216.34000000000003,25.729999999999905,1,2,1.0
1724168487063484100,7,669.09,631.66,9.209999999999923,8.540000000000077,1,1,1.0
1724168487121784700,1,486.9,603.1,213.63,25.019999999999982,1,2,1.0
1724168487121784700,7,665.04,629.71,12.860000000000014,9.589999999999918,1,1,1.0
1724168487190060600,1,494.45,606.2,207.64000000000004,22.159999999999968,1,2,1.0
1724168487250474300,1,488.83,606.3,214.11000000000007,19.090000000000032,1,2,1.0
1724168487325406700,1,492.31,604.2,210.98999999999995,21.049999999999955,1,2,1.0
1724168487378812000,1,491.99,604.0,214.26999999999998,21.029999999999973,1,2,1.0
1724168487447866800,1,494.69,603.7,212.77000000000004,22.68999999999994,1,2,1.0
1724168487515390800,1,496.24,601.1,209.28999999999996,24.68999999999994,1,2,1.0
1724168487571718000,1,489.7,603.9,216.29000000000002,20.120000000000005,1,2,1.0
1724168487632593700,1,498.35,604.9,209.41999999999996,21.100000000000023,1,2,1.0
1724168487703461900,1,492.37,602.3,212.35000000000002,22.3900000000001,1,2,1.0
1724168487760833800,1,490.27,605.9,211.37,20.100000000000023,1,2,1.0
1724168487823509700,1,491.31,604.1,211.23999999999995,22.539999999999964,1,2,1.0
1724168487888382600,1,487.96,604.3,212.79000000000002,21.25,1,2,1.0
1724168487950671200,1,489.55,605.4,211.10999999999996,21.75,1,2,1.0
1724168488013679100,1,490.84,605.6,209.82999999999998,21.610000000000014,1,2,1.0
1724168488079361300,1,492.77,605.9,214.75,23.730000000000018,1,2,1.0
1724168488143431100,1,492.18,604.2,211.53000000000003,23.659999999999968,1,2,1.0
1724168488208285300,1,490.12,605.6,210.38,22.350000000000023,1,2,1.0
1724168488281610800,1,491.36,603.2,209.01999999999998,25.34999999999991,1,2,1.0
1724168488348641700,1,497.38,602.7,207.76999999999998,27.539999999999964,1,2,1.0
1724168488405486000,1,496.19,602.7,207.42000000000002,26.269999999999982,1,2,1.0
1724168488470140200,1,497.86,603.9,205.16999999999996,25.49000000000001,1,2,1.0
1724168488532349000,1,496.42,603.3,207.49999999999994,25.220000000000027,1,2,1.0
1724168488595235900,1,501.29,605.8,204.79000000000002,21.300000000000068,1,2,1.0
1724168488657497300,1,500.17,607.2,201.15000000000003,21.219999999999914,1,2,1.0
1724168488727723000,1,495.73,609.0,206.79999999999995,20.230000000000018,1,2,1.0
1724168488786132100,1,497.83,607.8,203.33999999999997,21.15000000000009,1,2,1.0
1724168488856596700,1,498.03,607.4,204.68000000000006,22.82000000000005,1,2,1.0
1724168488913876000,1,498.94,606.8,203.86999999999995,21.220000000000027,1,2,1.0
1724168488986186300,1,494.73,607.7,206.85000000000002,20.75999999999999,1,2,1.0
1724168489047699100,1,494.05,608.3,208.09999999999997,20.82000000000005,1,2,1.0
1724168489112873000,1,493.99,608.2,209.96000000000004,20.75,1,2,1.0
1724168489172761600,1,497.74,609.5,203.51999999999998,21.83000000000004,1,2,1.0
1724168489230057300,1,495.92,608.0,206.65000000000003,23.039999999999964,1,2,1.0
1724168489309875000,1,497.93,606.8,204.95999999999998,24.720000000000027,1,2,1.0
1724168489361344400,1,491.1,606.6,211.03999999999996,23.209999999999923,1,2,1.0
1724168489427358800,1,493.7,606.8,208.81,23.960000000000036,1,2,1.0
1724168489495403900,1,494.3,605.5,207.00999999999993,24.779999999999973,1,2,1.0
1724168489552468900,1,495.51,605.2,205.86,23.09999999999991,1,2,1.0
1724168489624883700,1,491.76,604.6,208.54999999999995,24.42999999999995,1,2,1.0
1724168489684062600,1,489.92,605.0,208.18,27.269999999999982,1,2,1.0
1724168489745683800,1,496.43,603.1,203.82,26.370000000000005,1,2,1.0
1724168489811562900,1,498.22,606.1,202.51999999999998,24.299999999999955,1,2,1.0
1724168489882432000,1,493.13,605.8,207.29999999999995,22.170000000000073,1,2,1.0
1724168489942209100,1,496.98,606.5,205.07999999999993,21.539999999999964,1,2,1.0
1724168490010832100,1,495.41,607.4,206.50999999999993,22.610000000000014,1,2,1.0
1724168490085185400,1,497.32,605.0,206.48999999999995,22.360000000000014,1,2,1.0
1724168490143090200,1,497.69,604.9,206.81,21.82000000000005,1,2,1.0
1724168490199493900,1,497.76,604.0,211.65999999999997,24.480000000000018,1,2,1.0
1724168490257012100,1,497.45,606.5,203.25000000000006,24.139999999999986,1,2,1.0
1724168490384959400,1,499.38,605.9,203.76,22.170000000000073,1,2,1.0
1724168490432819100,1,497.59,603.7,208.50000000000006,25.469999999999914,1,2,1.0
1724168490488239900,1,496.46,605.4,209.39000000000004,24.670000000000073,1,2,1.0
1724168490524348100,1,499.36,604.8,203.86,25.720000000000027,1,2,1.0
1724168490593385600,1,500.36,605.1,207.64,22.41999999999996,1,2,1.0
1724168490643706900,1,498.01,605.2,207.73000000000002,24.6099999999999,1,2,1.0
1724168490707754400,1,497.4,604.0,205.38,23.519999999999982,1,2,1.0
1724168490773366200,1,497.56,603.0,209.15000000000003,25.720000000000027,1,2,1.0
1724168490837743400,1,494.1,604.2,213.88,23.339999999999918,1,2,1.0
1724168490898780100,1,498.7,606.3,203.91000000000003,21.690000000000055,1,2,1.0
1724168490963122800,1,495.67,605.6,206.84999999999997,23.549999999999955,1,2,1.0
1724168491023573600,1,493.15,606.2,208.82000000000005,23.309999999999945,1,2,1.0
1724168491099670400,1,495.65,605.5,210.80000000000007,25.600000000000023,1,2,1.0
1724168491158662500,1,493.41,604.7,209.88999999999993,24.059999999999945,1,2,1.0
1724168491222451600,1,497.39,603.6,207.11,25.079999999999927,1,2,1.0
1724168491281718700,1,499.08,606.5,203.46999999999997,23.059999999999945,1,2,1.0
1724168491351179600,1,496.65,604.6,205.32000000000005,24.059999999999945,1,2,1.0
1724168491406500500,1,494.81,603.4,210.13000000000005,27.659999999999968,1,2,1.0
1724168491476929900,1,494.88,605.1,209.01999999999998,24.75,1,2,1.0
1724168491539284300,1,498.07,604.1,207.45,25.93999999999994,1,2,1.0
1724168491601972800,1,499.06,604.4,208.8,29.49000000000001,1,2,1.0
1724168491670570400,1,495.26,604.0,207.59000000000003,26.279999999999973,1,2,1.0
1724168491730068500,1,495.43,606.7,206.57,24.42999999999995,1,2,1.0
1724168491795989600,1,499.27,608.1,205.92000000000007,22.5,1,2,1.0
1724168491858959300,1,498.48,605.6,209.61,26.829999999999927,1,2,1.0
1724168491922880800,1,498.12,606.6,206.34000000000003,21.350000000000023,1,2,1.0
1724168491984733200,1,495.1,605.8,208.0,21.120000000000005,1,2,1.0
1724168492051726400,1,493.21,607.0,210.08999999999997,20.600000000000023,1,2,1.0
1724168492118594200,1,497.81,606.7,207.52000000000004,22.870000000000005,1,2,1.0
1724168492177632100,1,492.8,603.3,212.56,27.610000000000014,1,2,1.0
1724168492242879700,1,496.36,604.6,213.89,26.25999999999999,1,2,1.0
1724168492308034500,1,495.2,606.7,212.60999999999996,22.639999999999986,1,2,1.0
1724168492374149100,1,492.85,604.5,212.85000000000002,26.200000000000045,1,2,1.0
1724168492437362500,1,497.49,605.0,209.88,26.210000000000036,1,2,1.0
1724168492505507400,1,496.45,604.4,208.27000000000004,26.620000000000005,1,2,1.0
1724168492567291800,1,489.7,605.2,215.44,25.319999999999936,1,2,1.0
1724168492623166600,1,494.94,606.0,211.89000000000004,23.67999999999995,1,2,1.0
1724168492693401100,1,496.96,605.8,209.07,24.230000000000018,1,2,1.0
1724168492761355200,1,493.23,606.6,215.15999999999997,27.279999999999973,1,2,1.0
1724168492817138900,1,493.78,603.6,215.55000000000007,28.319999999999936,1,2,1.0
1724168492883477700,1,492.68,606.9,209.16000000000003,26.56000000000006,1,2,1.0
1724168492956365400,1,499.01,606.7,207.76,27.59999999999991,1,2,1.0
1724168493005744000,1,495.55,606.0,213.28000000000003,27.610000000000014,1,2,1.0
1724168493076130900,1,495.25,604.1,209.62,31.100000000000023,1,2,1.0
1724168493136790000,1,497.19,603.9,211.16000000000003,32.27999999999997,1,2,1.0
1724168493203040800,1,496.68,602.3,214.57999999999998,35.81000000000006,1,2,1.0
1724168493270503900,1,497.75,604.9,209.15999999999997,31.290000000000077,1,2,1.0
1724168493329865900,1,495.8,603.3,208.28000000000003,33.55000000000007,1,2,1.0
1724168493392566300,1,501.69,602.5,209.31,35.89999999999998,1,2,1.0
1724168493459115700,1,497.81,603.1,202.13000000000005,34.93999999999994,1,2,1.0
1724168493528701900,1,499.88,603.6,204.16999999999996,34.39999999999998,1,2,1.0
1724168493585666900,1,499.23,603.1,199.77999999999997,35.94999999999993,1,2,1.0
1724168493647228100,1,498.37,604.8,200.80999999999995,35.280000000000086,1,2,1.0
1724168493720707500,1,500.75,602.1,201.54999999999995,37.819999999999936,1,2,1.0
1724168493778104500,1,495.9,603.4,206.07000000000005,35.82000000000005,1,2,1.0
1724168493840377000,1,496.34,605.2,206.07,32.25999999999999,1,2,1.0
1724168493905343600,1,500.11,604.0,203.48000000000002,35.039999999999964,1,2,1.0
1724168493969726300,1,496.32,603.3,212.04000000000002,34.92000000000007,1,2,1.0
1724168494035892800,1,494.7,602.8,213.67000000000002,37.90000000000009,1,2,1.0
1724168494109664600,1,498.17,602.7,207.91000000000003,36.95999999999992,1,2,1.0
1724168494170294400,1,495.37,603.8,209.04999999999995,36.48000000000002,1,2,1.0
1724168494235745200,1,497.27,602.2,208.58000000000004,37.24000000000001,1,2,1.0
1724168494290248300,1,497.27,603.1,208.58000000000004,35.45999999999992,1,2,1.0
1724168494353683400,1,494.78,603.2,208.80000000000007,35.50999999999999,1,2,1.0
1724168494427091300,1,497.2,599.5,204.87000000000006,40.67999999999995,1,2,1.0
1724168494486706200,1,503.34,600.7,201.57,37.069999999999936,1,2,1.0
1724168494551065900,1,502.1,602.7,201.67999999999995,37.299999999999955,1,2,1.0
1724168494610028700,1,500.93,603.4,198.74999999999994,35.34000000000003,1,2,1.0
1724168494676535500,1,492.11,603.36,209.85000000000002,36.039999999999964,1,2,1.0
1724168494747275900,1,498.81,604.4,205.91000000000003,33.22000000000003,1,2,1.0
1724168494800038700,1,493.14,604.2,210.5,35.44999999999993,1,2,1.0
1724168494861070900,1,494.47,603.5,207.77999999999997,34.64999999999998,1,2,1.0
1724168494928720000,1,496.64,603.0,208.68000000000006,34.59000000000003,1,2,1.0
1724168495000342100,1,500.49,602.8,203.41999999999996,35.91000000000008,1,2,1.0
1724168495066066200,1,494.42,604.5,211.97999999999996,34.870000000000005,1,2,1.0
1724168495120216600,1,499.73,603.3,207.14999999999998,34.879999999999995,1,2,1.0
1724168495184768900,1,495.72,603.5,209.56999999999994,37.539999999999964,1,2,1.0
1724168495248514400,1,498.2,606.5,204.38000000000005,32.89999999999998,1,2,1.0
1724168495311985800,1,499.51,605.7,204.82000000000005,36.039999999999964,1,2,1.0
1724168495374321400,1,498.17,604.2,201.12999999999994,35.25,1,2,1.0
1724168495437817200,1,497.75,604.5,203.49,34.57000000000005,1,2,1.0
1724168495508342100,1,500.18,603.8,204.82,36.10000000000002,1,2,1.0
1724168495620374100,1,499.62,605.7,201.82000000000005,33.1099999999999,1,2,1.0
1724168495666693300,1,502.35,605.9,199.38,31.540000000000077,1,2,1.0
1724168495726948900,1,500.78,609.8,199.52999999999997,23.160000000000082,1,2,1.0
1724168495792087700,1,500.79,610.3,199.75999999999993,22.840000000000032,1,2,1.0
1724168495843365000,1,503.15,607.1,201.22000000000003,24.829999999999927,1,2,1.0
1724168495904006200,1,502.38,605.6,203.35000000000002,26.850000000000023,1,2,1.0
1724168495969469800,1,502.14,608.5,200.56000000000006,22.690000000000055,1,2,1.0
1724168496020092900,1,500.27,607.2,200.31000000000006,23.769999999999982,1,2,1.0
1724168496092356300,1,504.61,608.0,199.02999999999997,24.440000000000055,1,2,1.0
1724168496155482300,1,504.33,609.2,196.22999999999996,24.68999999999994,1,2,1.0
1724168496218240100,1,501.76,608.3,199.44000000000005,23.620000000000005,1,2,1.0
1724168496272425900,1,503.68,609.8,197.95,22.600000000000023,1,2,1.0
1724168496349679300,1,503.23,608.2,199.32999999999993,24.16999999999996,1,2,1.0
1724168496406358600,1,504.54,606.4,198.71999999999997,25.430000000000064,1,2,1.0
1724168496464304700,1,504.52,610.0,195.51999999999998,22.850000000000023,1,2,1.0
1724168496529834700,1,506.44,608.3,197.70999999999998,26.550000000000068,1,2,1.0
1724168496601999800,1,503.35,609.0,196.39999999999998,26.50999999999999,1,2,1.0
1724168496656957200,1,504.04,604.8,196.93,31.020000000000095,1,2,1.0
1724168496720124700,1,503.36,604.7,197.03999999999996,31.84999999999991,1,2,1.0
1724168496788675500,1,503.0,606.4,198.91999999999996,28.399999999999977,1,2,1.0
1724168496848229900,1,507.66,607.6,187.44,28.24000000000001,1,2,1.0
1724168496920758600,1,508.35,608.8,189.68999999999994,25.660000000000082,1,2,1.0
1724168496988070500,1,507.84,608.0,194.95999999999998,27.16999999999996,1,2,1.0
1724168497042877500,1,506.42,608.3,195.87999999999994,28.770000000000095,1,2,1.0
1724168497104540700,1,505.06,608.6,196.14000000000004,29.840000000000032,1,2,1.0
1724168497167625400,1,507.18,606.6,196.11999999999995,30.360000000000014,1,2,1.0
1724168497235307400,1,506.32,605.1,196.47999999999996,32.799999999999955,1,2,1.0
1724168497299155000,1,504.87,608.1,197.83000000000004,29.16999999999996,1,2,1.0
1724168497371398600,1,509.06,608.5,192.94,28.389999999999986,1,2,1.0
1724168497425450900,1,506.11,609.1,194.59000000000003,28.019999999999982,1,2,1.0
1724168497485640600,1,508.1,609.3,191.39999999999998,27.940000000000055,1,2,1.0
1724168497561427300,1,505.41,608.0,196.38999999999993,30.480000000000018,1,2,1.0
1724168497621398100,1,508.86,608.5,193.64,29.32000000000005,1,2,1.0
1724168497684389600,1,502.55,608.6,196.84999999999997,29.43999999999994,1,2,1.0
1724168497748032700,1,503.46,608.3,197.64000000000004,28.950000000000045,1,2,1.0
1724168497810314700,1,505.81,604.9,195.76000000000005,34.32000000000005,1,2,1.0
1724168497874459100,1,507.66,605.3,190.66000000000003,32.60000000000002,1,2,1.0
1724168497938836300,1,505.91,604.5,190.38999999999993,33.67999999999995,1,2,1.0
1724168498002074900,1,506.64,604.6,190.85000000000002,31.25999999999999,1,2,1.0
1724168498083203600,1,510.0,603.2,190.78999999999996,31.969999999999914,1,2,1.0
1724168498134350500,1,506.97,602.8,197.92999999999995,31.75,1,2,1.0
1724168498190510100,1,505.41,601.6,197.63999999999993,33.39999999999998,1,2,1.0
1724168498266567800,1,503.94,601.6,199.07999999999998,34.27999999999997,1,2,1.0
1724168498322812100,1,507.92,600.9,191.55,34.90999999999997,1,2,1.0
1724168498390955800,1,505.22,599.9,199.13,34.76999999999998,1,2,1.0
1724168498451488300,1,507.66,600.02,196.18,35.08000000000004,1,2,1.0
1724168498515115200,1,504.08,600.2,203.29000000000002,34.59999999999991,1,2,1.0
1724168498582051700,1,504.63,600.4,198.34000000000003,34.5,1,2,1.0
1724168498638801100,1,508.72,600.17,194.58999999999992,34.129999999999995,1,2,1.0
1724168498703304500,1,507.58,601.45,197.88000000000005,34.549999999999955,1,2,1.0
1724168498774140500,1,506.72,601.22,197.30999999999995,32.98000000000002,1,2,1.0
1724168498833175300,1,505.03,605.1,202.17000000000007,31.600000000000023,1,2,1.0
1724168498897446900,1,508.22,607.8,198.17999999999995,26.800000000000068,1,2,1.0
1724168498973040600,1,507.23,604.8,201.37,30.90000000000009,1,2,1.0
1724168499024779100,1,505.7,606.1,202.3,29.199999999999932,1,2,1.0
1724168499089889100,1,506.64,605.8,203.56000000000006,30.200000000000045,1,2,1.0
1724168499152266300,1,505.6,605.5,203.29999999999995,28.899999999999977,1,2,1.0
1724168499217419400,1,504.08,602.8,204.21999999999997,32.90000000000009,1,2,1.0
1724168499280704000,1,508.38,603.2,201.12,33.09999999999991,1,2,1.0
1724168499342687700,1,509.41,602.7,200.88999999999993,34.19999999999993,1,2,1.0
1724168499416494600,1,507.28,605.1,203.01999999999998,29.399999999999977,1,2,1.0
1724168499477061400,1,506.83,605.7,196.77000000000004,30.399999999999977,1,2,1.0
1724168499541955100,1,503.76,606.7,199.44000000000005,30.199999999999932,1,2,1.0
1724168499608757900,1,503.66,603.7,208.04000000000002,30.799999999999955,1,2,1.0
1724168499669933800,1,504.0,599.6,207.39999999999998,36.5,1,2,1.0
1724168499729779700,1,508.16,604.2,201.13999999999993,32.39999999999998,1,2,1.0
1724168499792892600,1,507.92,607.2,193.18,27.399999999999977,1,2,1.0
1724168499875632800,1,508.72,606.1,196.98000000000002,30.299999999999955,1,2,1.0
1724168499923387500,1,505.37,607.1,201.83000000000004,26.399999999999977,1,2,1.0
1724168499985291100,1,504.6,607.6,202.10000000000002,25.299999999999955,1,2,1.0
1724168500050050200,1,505.28,608.7,196.32000000000005,26.0,1,2,1.0
1724168500117063700,1,505.7,611.3,196.40000000000003,23.0,1,2,1.0
1724168500186814100,1,506.6,608.8,195.89999999999998,26.300000000000068,1,2,1.0
1724168500242200500,1,508.2,607.8,197.40000000000003,25.40000000000009,1,2,1.0
1724168500313470400,1,510.2,608.6,191.8,25.5,1,2,1.0
1724168500383328500,1,506.5,608.3,194.89999999999998,25.600000000000023,1,2,1.0
1724168500439542500,1,505.8,609.2,195.3,25.299999999999955,1,2,1.0
1724168500505889000,1,504.2,608.3,197.50000000000006,25.40000000000009,1,2,1.0
1724168500561823700,1,496.77,606.9,204.83000000000004,24.200000000000045,1,2,1.0
1724168500624381000,1,499.31,606.5,207.48999999999995,25.600000000000023,1,2,1.0
1724168500696016500,1,503.33,608.4,200.17000000000002,22.800000000000068,1,2,1.0
1724168500754394700,1,497.76,607.4,206.44000000000005,25.0,1,2,1.0
1724168500818848700,1,497.56,606.2,206.94,24.299999999999955,1,2,1.0
1724168500882704600,1,499.81,607.4,203.89000000000004,22.800000000000068,1,2,1.0
1724168500947808800,1,500.19,608.1,205.70999999999998,21.799999999999955,1,2,1.0
1724168501005964100,1,503.73,609.4,201.47000000000003,22.899999999999977,1,2,1.0
1724168501076363400,1,499.76,608.9,205.74,21.100000000000023,1,2,1.0
1724168501139549300,1,500.08,608.0,207.32,21.799999999999955,1,2,1.0
1724168501234650100,1,501.17,608.2,201.32999999999998,21.699999999999932,1,2,1.0
1724168501281309700,1,502.3,607.7,202.09999999999997,20.799999999999955,1,2,1.0
1724168501328773100,1,497.04,607.7,211.45999999999998,23.5,1,2,1.0
1724168501397379200,1,493.75,605.5,214.85000000000002,21.799999999999955,1,2,1.0
1724168501459528900,1,493.71,605.8,212.99000000000007,20.100000000000023,1,2,1.0
1724168501523063000,1,493.51,607.0,214.28999999999996,19.100000000000023,1,2,1.0
1724168501613468300,1,495.64,606.5,210.36,19.899999999999977,1,2,1.0
1724168501654302700,1,494.61,606.5,211.09000000000003,21.399999999999977,1,2,1.0
1724168501716632400,1,496.6,605.9,212.10000000000002,21.800000000000068,1,2,1.0
1724168501782582900,1,496.59,606.7,207.8,20.899999999999977,1,2,1.0
1724168501849720800,1,493.29,607.5,211.2,19.100000000000023,1,2,1.0
1724168501905303300,1,494.56,607.8,212.28000000000003,18.100000000000023,1,2,1.0
1724168501967855800,1,495.02,606.8,213.12,20.0,1,2,1.0
1724168502039058900,1,496.61,606.4,207.68999999999994,19.300000000000068,1,2,1.0
1724168502101890200,1,493.95,604.9,211.55,23.200000000000045,1,2,1.0
1724168502166794800,1,496.84,606.0,212.36000000000007,20.899999999999977,1,2,1.0
1724168502235246600,1,496.94,605.0,214.76000000000005,21.100000000000023,1,2,1.0
1724168502345672800,1,495.77,604.1,216.68000000000006,24.399999999999977,1,2,1.0
1724168502398522800,1,495.11,604.1,215.55999999999995,23.100000000000023,1,2,1.0
1724168502457001600,1,499.12,605.3,210.84000000000003,22.600000000000023,1,2,1.0
1724168502497051900,1,493.9,605.3,217.19000000000005,21.800000000000068,1,2,1.0
1724168502607319200,1,496.56,605.2,211.58999999999997,24.799999999999955,1,2,1.0
1724168502630769900,1,497.13,606.2,213.20000000000005,18.5,1,2,1.0
1724168502675699200,1,493.36,605.6,215.80999999999995,21.699999999999932,1,2,1.0
1724168502736843200,1,496.44,602.5,217.05,25.700000000000045,1,2,1.0
1724168502807033000,1,497.92,602.6,216.78000000000003,25.399999999999977,1,2,1.0
1724168502864940300,1,498.45,603.4,211.34999999999997,23.200000000000045,1,2,1.0
1724168502927414400,1,497.84,604.1,211.95999999999998,24.899999999999977,1,2,1.0
1724168502992519500,1,497.1,602.6,211.10000000000002,24.899999999999977,1,2,1.0
1724168503056418700,1,497.77,605.1,208.83000000000004,23.799999999999955,1,2,1.0
1724168503121155000,1,497.97,604.1,210.23000000000002,26.600000000000023,1,2,1.0
1724168503185907900,1,497.09,605.2,211.20999999999998,24.09999999999991,1,2,1.0
1724168503247230600,1,499.02,603.8,209.18000000000006,23.90000000000009,1,2,1.0
1724168503313627700,1,497.86,604.6,209.03999999999996,24.799999999999955,1,2,1.0
1724168503380379700,1,497.95,604.6,209.45,26.0,1,2,1.0
1724168503455257500,1,498.78,604.1,208.22000000000003,25.899999999999977,1,2,1.0
1724168503510197900,1,497.83,604.4,212.27000000000004,26.600000000000023,1,2,1.0
1724168503573206600,1,497.68,604.7,214.02000000000004,27.799999999999955,1,2,1.0
1724168503632991700,1,501.58,605.5,209.62000000000006,25.899999999999977,1,2,1.0
1724168503695631300,1,494.5,605.7,212.20000000000005,22.5,1,2,1.0
1724168503763341400,1,497.29,607.7,212.70999999999998,23.5,1,2,1.0
1724168503833231000,1,498.29,606.1,206.70999999999998,23.5,1,2,1.0
1724168503889889800,1,494.87,604.6,211.73000000000002,25.799999999999955,1,2,1.0
1724168503960289800,1,497.87,605.5,213.52999999999997,25.5,1,2,1.0
1724168504017683900,1,496.46,605.3,211.83999999999997,26.90000000000009,1,2,1.0
1724168504081976300,1,496.93,605.1,208.77000000000004,22.5,1,2,1.0
1724168504146522400,1,495.8,605.5,213.3,22.200000000000045,1,2,1.0
1724168504228222200,1,495.48,606.7,212.72000000000003,19.399999999999977,1,2,1.0
1724168504277882100,1,497.45,605.4,208.95,23.200000000000045,1,2,1.0
1724168504337095100,1,497.05,605.2,209.24999999999994,21.899999999999977,1,2,1.0
1724168504399353800,1,498.89,603.9,208.01,22.5,1,2,1.0
1724168504469242500,1,501.78,606.74,204.42000000000007,21.059999999999945,1,2,1.0
1724168504538856500,1,498.96,604.2,206.14000000000004,23.799999999999955,1,2,1.0
1724168504600091900,1,496.49,606.7,208.30999999999995,19.5,1,2,1.0
1724168504659485900,1,496.28,604.0,213.82000000000005,22.799999999999955,1,2,1.0
1724168504720751400,1,496.0,602.9,215.10000000000002,23.600000000000023,1,2,1.0
1724168504792856700,1,497.53,602.8,213.87,26.600000000000023,1,2,1.0
1724168504850945500,1,500.13,603.4,210.47000000000003,23.800000000000068,1,2,1.0
1724168504912641300,1,499.55,602.1,211.24999999999994,25.199999999999932,1,2,1.0
1724168504979219500,1,497.42,602.5,215.18,26.299999999999955,1,2,1.0
1724168505041984400,1,497.65,603.7,214.05000000000007,22.699999999999932,1,2,1.0
1724168505102488300,1,496.67,604.3,214.03000000000003,22.800000000000068,1,2,1.0
1724168505169687400,1,499.71,602.2,209.89000000000004,32.59999999999991,1,2,1.0
1724168505169687400,11,512.82,623.2,11.17999999999995,11.669999999999959,1,1,1.0
1724168505237982000,1,498.08,602.2,216.02000000000004,22.699999999999932,1,2,1.0
1724168505237982000,11,511.93,623.88,12.770000000000039,11.419999999999959,1,1,1.0
1724168505303254900,1,499.1,601.9,214.89999999999998,26.300000000000068,1,2,1.0
1724168505303254900,11,517.56,630.54,9.240000000000009,8.960000000000036,1,1,1.0
1724168505369058300,1,497.26,603.3,216.64,24.5,1,2,1.0
1724168505369058300,11,512.26,625.39,16.039999999999964,12.610000000000014,1,1,1.0
1724168505426775400,1,497.78,599.8,216.82000000000005,28.40000000000009,1,2,1.0
1724168505426775400,11,519.48,630.5,10.620000000000005,7.6299999999999955,1,1,1.0
1724168505488496900,1,496.58,605.1,213.92000000000002,22.100000000000023,1,2,1.0
1724168505488496900,11,513.26,625.65,21.24000000000001,16.350000000000023,1,1,1.0
1724168505562272800,1,500.02,607.2,208.08000000000004,18.5,1,2,1.0
1724168505562272800,11,517.61,629.07,18.99000000000001,14.029999999999973,1,1,1.0
1724168505621353000,1,498.83,606.8,208.27000000000004,21.0,1,2,1.0
1724168505621353000,11,519.13,630.47,25.269999999999982,14.529999999999973,1,1,1.0
1724168505686142900,1,499.03,606.8,206.17000000000007,22.100000000000023,1,2,1.0
1724168505686142900,11,523.1,632.23,25.220000000000027,12.669999999999959,1,1,1.0
1724168505743071700,1,498.73,607.6,206.97000000000003,21.799999999999955,1,2,1.0
1724168505743071700,11,521.2,631.14,31.139999999999986,15.360000000000014,1,1,1.0
1724168505813729100,1,500.87,603.5,211.52999999999997,24.100000000000023,1,2,1.0
1724168505813729100,11,521.0,632.18,35.15999999999997,13.220000000000027,1,1,1.0
1724168505875129500,1,499.14,605.5,205.06000000000006,24.299999999999955,1,2,1.0
1724168505875129500,11,521.4,630.38,36.39999999999998,15.220000000000027,1,1,1.0
1724168505944235600,1,501.83,606.0,200.37000000000006,26.5,1,2,1.0
1724168505944235600,11,522.6,631.37,35.73000000000002,15.330000000000041,1,1,1.0
1724168506003209000,1,499.5,606.2,207.10000000000002,24.59999999999991,1,2,1.0
1724168506003209000,11,530.0,632.83,35.57000000000005,15.269999999999982,1,1,1.0
1724168506067990700,1,502.68,608.0,199.42000000000002,22.700000000000045,1,2,1.0
1724168506067990700,11,534.2,631.01,38.92999999999995,18.889999999999986,1,1,1.0
1724168506138076500,1,500.77,607.5,205.93000000000006,23.600000000000023,1,2,1.0
1724168506138076500,11,533.3,632.08,38.190000000000055,17.219999999999914,1,1,1.0
1724168506198044700,1,501.49,607.8,206.71000000000004,23.200000000000045,1,2,1.0
1724168506198044700,11,520.7,632.95,54.1099999999999,15.449999999999932,1,1,1.0
1724168506262489500,1,498.86,607.7,207.93999999999994,24.799999999999955,1,2,1.0
1724168506262489500,11,535.2,633.03,48.370000000000005,17.769999999999982,1,1,1.0
1724168506329207900,1,502.66,608.2,202.33999999999997,22.299999999999955,1,2,1.0
1724168506329207900,11,539.9,632.83,50.79000000000008,16.870000000000005,1,1,1.0
1724168506329207900,12,522.48,630.82,22.519999999999982,15.779999999999973,1,1,1.0
1724168506392027800,1,500.82,609.1,206.57999999999998,21.5,1,2,1.0
1724168506392027800,11,543.6,633.29,49.57999999999993,16.610000000000014,1,1,1.0
1724168506392027800,12,526.8,632.99,22.540000000000077,15.809999999999945,1,1,1.0
1724168506451043100,1,504.44,609.3,203.35999999999996,23.200000000000045,1,2,1.0
1724168506451043100,11,548.4,631.69,46.89999999999998,21.709999999999923,1,1,1.0
1724168506451043100,12,527.1,633.77,24.409999999999968,15.800000000000068,1,1,1.0
1724168506519119600,1,503.42,609.5,203.87999999999994,19.799999999999955,1,2,1.0
1724168506519119600,11,545.8,634.12,44.8900000000001,18.08000000000004,1,1,1.0
1724168506519119600,12,528.3,635.93,22.120000000000005,15.07000000000005,1,1,1.0
1724168506585191000,1,507.08,610.7,192.42000000000002,20.59999999999991,1,2,1.0
1724168506585191000,11,553.9,629.69,48.35000000000002,26.209999999999923,1,1,1.0
1724168506585191000,12,532.6,632.37,21.850000000000023,23.92999999999995,1,1,1.0
1724168506646734600,1,504.31,608.4,197.39000000000004,23.200000000000045,1,2,1.0
1724168506646734600,11,555.3,626.35,47.370000000000005,29.549999999999955,1,1,1.0
1724168506646734600,12,534.15,632.22,21.850000000000023,23.92999999999995,1,1,1.0
1724168506705460200,1,502.1,611.4,202.05999999999995,21.600000000000023,1,2,1.0
1724168506705460200,11,559.0,625.71,42.57000000000005,28.99000000000001,1,1,1.0
1724168506705460200,12,534.0,632.22,24.480000000000018,23.279999999999973,1,1,1.0
1724168506772353000,1,504.75,610.11,197.25,23.789999999999964,1,2,1.0
1724168506772353000,11,555.0,626.7,49.35000000000002,30.829999999999927,1,1,1.0
1724168506772353000,12,534.16,637.79,20.24000000000001,17.710000000000036,1,1,1.0
1724168506832096700,1,504.45,608.38,201.35999999999996,23.720000000000027,1,2,1.0
1724168506832096700,11,556.54,626.61,53.09000000000003,30.110000000000014,1,1,1.0
1724168506832096700,12,534.62,640.12,20.24000000000001,15.379999999999995,1,1,1.0
1724168506899215700,1,504.7,609.11,199.14000000000004,24.68999999999994,1,2,1.0
1724168506899215700,11,563.3,626.53,50.50999999999999,31.370000000000005,1,1,1.0
1724168506899215700,12,536.5,639.03,14.799999999999955,16.970000000000027,1,1,1.0
1724168506962136800,1,503.29,607.55,202.8,22.350000000000023,1,2,1.0
1724168506962136800,11,563.7,623.85,58.45999999999992,31.649999999999977,1,1,1.0
1724168506962136800,12,537.9,634.54,19.600000000000023,19.56000000000006,1,1,1.0
1724168507030331900,1,495.42,608.4,205.00999999999993,18.50999999999999,1,2,1.0
1724168507030331900,11,565.0,626.55,55.52999999999997,29.450000000000045,1,1,1.0
1724168507030331900,12,536.0,638.41,10.190000000000055,9.290000000000077,1,1,1.0
1724168507098141100,1,493.19,610.6,211.08999999999997,17.769999999999982,1,2,1.0
1724168507098141100,11,571.58,624.36,68.75,32.299999999999955,1,1,1.0
1724168507098141100,12,528.1,636.24,10.18999999999994,9.289999999999964,1,1,1.0
1724168507159158700,1,497.92,609.5,200.67000000000002,20.100000000000023,1,2,1.0
1724168507159158700,11,581.6,625.24,56.40999999999997,29.960000000000036,1,1,1.0
1724168507218792500,1,493.1,606.4,210.24,22.00999999999999,1,2,1.0
1724168507218792500,11,580.4,626.66,55.47000000000003,30.639999999999986,1,1,1.0
1724168507278825500,1,492.5,604.7,205.29999999999995,27.899999999999977,1,2,1.0
1724168507278825500,11,587.1,626.71,54.43999999999994,30.589999999999918,1,1,1.0
1724168507343997700,1,489.8,605.2,209.8,26.049999999999955,1,2,1.0
1724168507343997700,11,592.9,628.46,51.99000000000001,27.139999999999986,1,1,1.0
1724168507416384300,1,492.3,604.5,203.50999999999993,26.220000000000027,1,2,1.0
1724168507416384300,11,600.2,630.08,49.26999999999998,25.120000000000005,1,1,1.0
1724168507479028500,1,493.5,602.5,205.82000000000005,27.529999999999973,1,2,1.0
1724168507479028500,11,598.2,629.72,56.15999999999997,25.579999999999927,1,1,1.0
1724168507548263700,1,493.16,603.6,208.58999999999997,25.159999999999968,1,2,1.0
1724168507548263700,11,601.2,631.95,55.539999999999964,24.649999999999977,1,1,1.0
1724168507607965600,1,490.67,603.3,210.74999999999994,25.430000000000064,1,2,1.0
1724168507607965600,11,599.9,629.84,63.77999999999997,23.360000000000014,1,1,1.0
1724168507667898900,1,495.38,605.9,207.63,23.639999999999986,1,2,1.0
1724168507667898900,11,600.7,630.51,61.44999999999993,22.289999999999964,1,1,1.0
1724168507728554300,1,494.44,606.2,210.15000000000003,22.00999999999999,1,2,1.0
1724168507728554300,11,600.1,628.16,63.789999999999964,24.139999999999986,1,1,1.0
1724168507797999500,1,493.66,606.8,212.54000000000002,21.24000000000001,1,2,1.0
1724168507797999500,11,600.6,629.29,66.88,24.910000000000082,1,1,1.0
1724168507858103200,1,496.47,606.9,210.92999999999995,18.420000000000073,1,2,1.0
1724168507858103200,11,619.7,633.02,51.379999999999995,14.879999999999995,1,1,1.0
1724168507926367000,1,497.92,606.6,204.68,21.74000000000001,1,2,1.0
1724168507926367000,11,621.3,633.35,48.34000000000003,13.850000000000023,1,1,1.0
1724168507991670400,1,498.1,605.4,207.5,25.58000000000004,1,2,1.0
1724168507991670400,11,633.0,630.32,42.02999999999997,15.279999999999973,1,1,1.0
1724168508049016200,1,497.84,605.5,205.87000000000006,24.590000000000032,1,2,1.0
1724168508049016200,11,631.6,631.53,39.26999999999998,11.57000000000005,1,1,1.0
1724168508112302000,1,499.89,601.4,209.40999999999997,31.0,1,2,1.0
1724168508112302000,11,638.3,631.28,39.59000000000003,11.32000000000005,1,1,1.0
1724168508178505700,1,500.87,602.1,211.02999999999997,30.340000000000032,1,2,1.0
1724168508178505700,11,636.88,629.72,31.720000000000027,14.779999999999973,1,1,1.0
1724168508242458400,1,499.29,601.0,212.10999999999996,30.220000000000027,1,2,1.0
1724168508242458400,11,637.64,629.47,29.25999999999999,18.42999999999995,1,1,1.0
1724168508314635100,1,504.28,601.1,205.32000000000005,31.159999999999968,1,2,1.0
1724168508314635100,11,651.32,632.31,12.079999999999927,11.490000000000009,1,1,1.0
1724168508370156600,1,503.05,600.1,213.65000000000003,33.40999999999997,1,2,1.0
1724168508370156600,11,652.65,633.15,9.350000000000023,7.850000000000023,1,1,1.0
1724168508436649900,1,502.25,602.4,208.75,31.980000000000018,1,2,1.0
1724168508516865300,1,504.72,602.1,204.27999999999997,30.319999999999936,1,2,1.0
1724168508575313200,1,506.02,604.2,204.68000000000006,29.74000000000001,1,2,1.0
1724168508624433000,1,505.98,606.2,199.72000000000003,28.6099999999999,1,2,1.0
1724168508688415300,1,506.57,603.5,209.32999999999998,34.59000000000003,1,2,1.0
1724168508761888600,1,505.93,604.3,205.77000000000004,33.85000000000002,1,2,1.0
1724168508820836000,1,507.56,606.9,197.88000000000005,31.620000000000005,1,2,1.0
1724168508888216400,1,509.71,607.6,193.25000000000006,30.399999999999977,1,2,1.0
1724168508948799200,1,508.13,608.9,196.52999999999997,29.620000000000005,1,2,1.0
1724168509031420400,1,506.8,608.3,196.09999999999997,27.420000000000073,1,2,1.0
1724168509078655300,1,506.21,608.3,197.19,27.270000000000095,1,2,1.0
1724168509137181600,1,506.24,608.8,197.84000000000003,26.25999999999999,1,2,1.0
1724168509207925500,1,506.72,605.4,194.61,28.850000000000023,1,2,1.0
1724168509265717800,1,504.52,607.4,196.15999999999997,23.159999999999968,1,2,1.0
1724168509332496800,1,504.56,605.8,199.79000000000002,25.8900000000001,1,2,1.0
1724168509399768300,1,504.73,605.2,199.26999999999998,25.24000000000001,1,2,1.0
1724168509456199400,1,503.27,606.6,204.73000000000002,25.480000000000018,1,2,1.0
1724168509518783900,1,503.24,605.1,200.36,27.41999999999996,1,2,1.0
1724168509583018800,1,501.96,605.9,202.94,24.670000000000073,1,2,1.0
1724168509646490600,1,503.23,605.6,201.76999999999998,26.5,1,2,1.0
1724168509717565800,1,503.51,603.2,204.06000000000006,28.00999999999999,1,2,1.0
1724168509777134500,1,505.66,603.0,206.18,26.950000000000045,1,2,1.0
1724168509844283100,1,500.92,602.6,209.38999999999993,26.079999999999927,1,2,1.0
1724168509911004700,1,501.61,603.5,210.0,26.519999999999982,1,2,1.0
1724168509971452600,1,501.29,602.3,210.41000000000003,27.210000000000036,1,2,1.0
1724168510032910300,1,499.71,601.0,211.98000000000008,23.860000000000014,1,2,1.0
1724168510108680200,1,500.19,601.3,209.19,23.56000000000006,1,2,1.0
1724168510163486800,1,498.26,598.4,213.49,26.370000000000005,1,2,1.0
1724168510236351500,1,497.44,600.4,213.75000000000006,26.090000000000032,1,2,1.0
1724168510296714200,1,496.52,598.1,213.78999999999996,24.879999999999995,1,2,1.0
1724168510353894200,1,498.06,596.0,216.85999999999996,28.07000000000005,1,2,1.0
1724168510415121500,1,494.35,597.0,218.13,25.25999999999999,1,2,1.0
1724168510511967800,1,490.06,597.5,224.17000000000002,22.950000000000045,1,2,1.0
1724168510575245100,1,487.9,594.0,230.35000000000002,24.600000000000023,1,2,1.0
1724168510635638600,1,490.94,591.7,228.19,29.469999999999914,1,2,1.0
1724168510685604200,1,490.09,592.6,231.38000000000005,25.879999999999995,1,2,1.0
1724168510754595600,1,490.57,589.9,223.58999999999997,27.58000000000004,1,2,1.0
1724168510814819600,1,489.04,590.6,231.38999999999993,28.699999999999932,1,2,1.0
1724168510883086700,1,487.66,589.1,234.58999999999997,28.50999999999999,1,2,1.0
1724168510945119700,1,487.41,588.7,232.39999999999992,28.68999999999994,1,2,1.0
1724168510998155300,1,485.88,587.0,235.75,27.07000000000005,1,2,1.0
1724168511065175700,1,483.62,587.6,240.65999999999997,26.980000000000018,1,2,1.0
1724168511125639500,1,481.61,586.2,245.68999999999994,26.309999999999945,1,2,1.0
1724168511184810500,1,481.69,584.5,245.01000000000005,28.289999999999964,1,2,1.0
1724168511247200800,1,482.51,585.8,244.34000000000003,25.780000000000086,1,2,1.0
1724168511324440200,1,480.81,581.2,249.29000000000002,28.159999999999968,1,2,1.0
1724168511378577000,1,482.13,581.4,246.01999999999998,29.350000000000023,1,2,1.0
1724168511448764800,1,482.52,580.9,247.27999999999997,27.360000000000014,1,2,1.0
1724168511509189300,1,480.26,578.3,256.74,28.83000000000004,1,2,1.0
1724168511577208700,1,478.52,578.4,255.57000000000005,31.360000000000014,1,2,1.0
1724168511641653000,1,476.21,577.6,256.33,28.129999999999995,1,2,1.0
1724168511695540900,1,475.25,573.3,259.15,32.91000000000008,1,2,1.0
1724168511762600700,1,477.15,571.9,260.07000000000005,32.55000000000007,1,2,1.0
1724168511836559200,1,476.46,573.4,253.98000000000008,30.32000000000005,1,2,1.0
1724168511893061400,1,475.65,572.6,260.45000000000005,33.039999999999964,1,2,1.0
1724168511958330100,1,475.23,573.7,264.79999999999995,28.799999999999955,1,2,1.0
1724168512018258600,1,470.86,574.5,264.03999999999996,25.860000000000014,1,2,1.0
1724168512092805800,1,468.77,572.9,271.70000000000005,28.529999999999973,1,2,1.0
1724168512158101800,1,469.67,571.1,272.94,30.289999999999964,1,2,1.0
1724168512210476000,1,468.49,571.1,272.93999999999994,27.629999999999995,1,2,1.0
1724168512273472000,1,466.38,571.5,274.38,27.450000000000045,1,2,1.0
1724168512338210800,1,464.95,569.2,277.97999999999996,32.08999999999992,1,2,1.0
1724168512400839900,1,465.56,569.2,280.84999999999997,28.779999999999973,1,2,1.0
1724168512468198200,1,464.45,568.0,289.33,28.67999999999995,1,2,1.0
1724168512668995700,1,464.79,568.4,284.17,29.350000000000023,1,2,1.0
1724168512689799400,1,466.54,566.5,285.86999999999995,30.519999999999982,1,2,1.0
1724168512766955300,1,465.83,566.1,285.56,30.209999999999923,1,2,1.0
1724168512801041600,1,467.59,564.0,281.46999999999997,35.08000000000004,1,2,1.0
1724168512843681400,1,462.58,561.3,290.22999999999996,35.5,1,2,1.0
1724168512907286400,1,465.48,560.0,285.3299999999999,35.74000000000001,1,2,1.0
1724168512955487800,1,468.57,562.4,284.46999999999997,33.360000000000014,1,2,1.0
1724168512995915400,1,468.03,563.1,284.43000000000006,33.620000000000005,1,2,1.0
1724168513043133300,1,462.14,564.3,294.74,31.030000000000086,1,2,1.0
1724168513110257700,1,460.11,563.6,294.77,30.75999999999999,1,2,1.0
1724168513173497100,1,462.35,561.9,293.53999999999996,33.74000000000001,1,2,1.0
1724168513232595000,1,458.69,562.1,295.09999999999997,32.799999999999955,1,2,1.0
1724168513300191800,1,462.7,562.9,292.44,29.700000000000045,1,2,1.0
1724168513362294000,1,457.75,564.8,297.23,26.40000000000009,1,2,1.0
1724168513433517500,1,459.18,563.4,296.3,29.930000000000064,1,2,1.0
1724168513498956200,1,457.84,563.3,295.67,28.200000000000045,1,2,1.0
1724168513554344600,1,458.29,564.1,298.59,26.120000000000005,1,2,1.0
1724168513614730500,1,459.2,562.7,298.59999999999997,27.25999999999999,1,2,1.0
1724168513681625400,1,456.24,562.4,301.89,28.899999999999977,1,2,1.0
1724168513745236800,1,455.82,562.0,302.95,26.799999999999955,1,2,1.0
1724168513807330700,1,450.89,559.7,304.32000000000005,28.969999999999914,1,2,1.0
1724168513875556400,1,450.41,560.8,306.25999999999993,25.629999999999995,1,2,1.0
1724168513938678400,1,447.66,560.3,310.05,27.920000000000073,1,2,1.0
1724168514000255000,1,449.54,562.4,304.81,27.210000000000036,1,2,1.0
1724168514093114000,1,448.76,558.8,314.34000000000003,29.99000000000001,1,2,1.0
1724168514147884500,1,450.55,560.1,312.55,28.279999999999973,1,2,1.0
1724168514220242900,1,449.34,558.5,310.96,29.409999999999968,1,2,1.0
1724168514279107200,1,452.63,558.5,309.46000000000004,28.07000000000005,1,2,1.0
1724168514330841900,1,442.8,558.0,321.2,28.970000000000027,1,2,1.0
1724168514390007600,1,443.39,559.3,317.40999999999997,29.530000000000086,1,2,1.0
1724168514448803600,1,448.77,558.9,311.73,31.389999999999986,1,2,1.0
1724168514521070500,1,443.71,556.1,324.09,29.17999999999995,1,2,1.0
1724168514593102500,1,451.16,556.9,312.44,30.409999999999968,1,2,1.0
1724168514593102500,13,503.08,607.66,18.589999999999975,15.240000000000009,1,1,1.0
1724168514648015500,1,448.33,557.4,316.96999999999997,26.909999999999968,1,2,1.0
1724168514648015500,13,502.54,606.73,20.80000000000001,15.819999999999936,1,1,1.0
1724168514711271200,1,442.72,555.3,315.56999999999994,28.940000000000055,1,2,1.0
1724168514711271200,13,502.0,605.8,23.00999999999999,16.40000000000009,1,1,1.0
1724168514769553900,1,442.11,554.7,313.51,32.299999999999955,1,2,1.0
1724168514769553900,13,501.74,603.66,35.559999999999945,23.540000000000077,1,1,1.0
1724168514831631300,1,442.96,555.5,312.52000000000004,27.559999999999945,1,2,1.0
1724168514831631300,13,499.12,605.12,40.379999999999995,22.480000000000018,1,1,1.0
1724168514899151500,1,440.92,554.9,315.8,29.090000000000032,1,2,1.0
1724168514899151500,13,498.94,607.87,32.96999999999997,22.75999999999999,1,1,1.0
1724168514962337700,1,446.44,554.1,310.22999999999996,29.42999999999995,1,2,1.0
1724168514962337700,13,499.32,605.13,42.599999999999966,27.389999999999986,1,1,1.0
1724168515024994400,1,467.31,556.0,291.14000000000004,27.519999999999982,1,2,1.0
1724168515024994400,13,499.74,604.18,39.460000000000036,29.120000000000005,1,1,1.0
1724168515222616800,1,467.69,553.9,292.88000000000005,32.889999999999986,1,2,1.0
1724168515222616800,13,499.75,601.97,40.85000000000002,35.02999999999997,1,1,1.0
1724168515222616800,14,478.43,596.59,19.110000000000014,10.029999999999973,1,1,1.0
1724168515255430100,1,447.76,556.7,312.02,26.719999999999914,1,2,1.0
1724168515255430100,13,504.26,601.76,36.74000000000001,33.940000000000055,1,1,1.0
1724168515255430100,14,484.2,596.78,18.930000000000007,14.120000000000005,1,1,1.0
1724168515296832100,1,445.04,556.8,312.06,27.850000000000023,1,2,1.0
1724168515296832100,13,505.28,603.85,36.51999999999998,31.949999999999932,1,1,1.0
1724168515296832100,14,481.58,593.99,24.58000000000004,17.309999999999945,1,1,1.0
1724168515358292400,1,449.34,556.5,307.76000000000005,28.5,1,2,1.0
1724168515358292400,13,509.48,603.29,36.64999999999998,34.09000000000003,1,1,1.0
1724168515358292400,14,482.8,592.43,23.029999999999973,19.440000000000055,1,1,1.0
1724168515403507600,1,470.52,557.6,292.38,27.43999999999994,1,2,1.0
1724168515403507600,13,507.48,602.06,40.72000000000003,38.440000000000055,1,1,1.0
1724168515403507600,14,484.87,593.47,23.310000000000002,19.100000000000023,1,1,1.0
1724168515451474800,1,444.85,556.7,316.25,26.629999999999995,1,2,1.0
1724168515451474800,13,511.04,597.59,47.81999999999999,38.77999999999997,1,1,1.0
1724168515451474800,14,483.91,592.09,28.609999999999957,21.980000000000018,1,1,1.0
1724168515513010900,1,445.7,556.6,317.00000000000006,27.43999999999994,1,2,1.0
1724168515513010900,13,511.34,597.91,46.46999999999997,39.26999999999998,1,1,1.0
1724168515513010900,14,485.52,593.12,25.689999999999998,22.07000000000005,1,1,1.0
1724168515554317000,1,445.38,556.4,319.32000000000005,23.870000000000005,1,2,1.0
1724168515554317000,13,512.69,596.58,49.809999999999945,40.219999999999914,1,1,1.0
1724168515554317000,14,485.33,588.04,33.63000000000005,27.74000000000001,1,1,1.0
1724168515602068900,1,447.15,559.8,312.35,21.840000000000032,1,2,1.0
1724168515602068900,13,514.73,596.26,56.26999999999998,39.639999999999986,1,1,1.0
1724168515602068900,14,489.86,589.77,29.460000000000036,27.170000000000073,1,1,1.0
1724168515667744100,1,449.51,560.4,308.16999999999996,22.370000000000005,1,2,1.0
1724168515667744100,13,512.19,593.89,58.729999999999905,43.190000000000055,1,1,1.0
1724168515667744100,14,494.34,586.5,28.560000000000002,30.440000000000055,1,1,1.0
1724168515728588100,1,445.17,554.5,311.82,28.120000000000005,1,2,1.0
1724168515728588100,13,516.0,595.58,59.549999999999955,37.20999999999992,1,1,1.0
1724168515728588100,14,494.0,586.3,35.700000000000045,31.170000000000073,1,1,1.0
1724168515803528200,1,448.79,553.5,303.95,32.14999999999998,1,2,1.0
1724168515803528200,13,518.0,598.5,57.07000000000005,31.91999999999996,1,1,1.0
1724168515803528200,14,493.67,593.3,34.12999999999994,24.700000000000045,1,1,1.0
1724168515857116200,1,445.33,557.3,312.59,27.930000000000064,1,2,1.0
1724168515857116200,13,528.14,598.61,46.860000000000014,27.889999999999986,1,1,1.0
1724168515857116200,14,495.16,590.9,38.94,28.0,1,1,1.0
1724168515920472300,1,443.36,555.9,311.22,28.24000000000001,1,2,1.0
1724168515920472300,13,530.49,601.55,50.309999999999945,25.25,1,1,1.0
1724168515920472300,14,497.71,588.5,34.29000000000002,32.07000000000005,1,1,1.0
1724168515990068700,1,444.46,559.7,313.83,22.75999999999999,1,2,1.0
1724168515990068700,13,532.12,601.83,45.48000000000002,20.66999999999996,1,1,1.0
1724168515990068700,14,500.25,591.8,52.85000000000002,30.450000000000045,1,1,1.0
1724168516046912400,1,444.64,557.9,312.63,27.470000000000027,1,2,1.0
1724168516046912400,13,544.45,597.46,36.549999999999955,26.039999999999964,1,1,1.0
1724168516046912400,14,501.56,587.36,62.86999999999995,30.83000000000004,1,1,1.0
1724168516112180600,1,450.14,559.5,305.53,26.600000000000023,1,2,1.0
1724168516112180600,13,547.5,599.82,37.39999999999998,24.17999999999995,1,1,1.0
1724168516112180600,14,495.12,584.34,74.92999999999995,38.92999999999995,1,1,1.0
1724168516182801400,1,448.72,558.1,309.29999999999995,23.25,1,2,1.0
1724168516182801400,13,544.97,598.5,42.629999999999995,25.899999999999977,1,1,1.0
1724168516182801400,14,497.79,585.59,91.05000000000001,33.969999999999914,1,1,1.0
1724168516260104300,1,446.56,558.0,310.33,23.450000000000045,1,2,1.0
1724168516260104300,13,567.76,596.5,21.139999999999986,17.100000000000023,1,1,1.0
1724168516260104300,14,504.5,585.4,70.29999999999995,22.800000000000068,1,1,1.0
1724168516260104300,15,495.4,610.97,32.02999999999997,8.769999999999982,1,1,1.0
1724168516308605000,1,440.7,560.0,317.89000000000004,25.309999999999945,1,2,1.0
1724168516308605000,13,576.0,596.18,13.769999999999982,8.82000000000005,1,1,1.0
1724168516308605000,14,501.7,584.16,63.19999999999999,24.74000000000001,1,1,1.0
1724168516308605000,15,497.2,609.16,31.52000000000004,11.639999999999986,1,1,1.0
1724168516381374700,1,443.46,559.8,317.26000000000005,23.31000000000006,1,2,1.0
1724168516381374700,13,582.8,595.46,7.860000000000014,6.839999999999918,1,1,1.0
1724168516381374700,14,505.87,585.75,56.65999999999997,22.059999999999945,1,1,1.0
1724168516381374700,15,496.54,609.08,34.85999999999996,11.919999999999959,1,1,1.0
1724168516445792300,1,442.15,557.0,317.38,25.879999999999995,1,2,1.0
1724168516445792300,14,504.0,586.05,62.39999999999998,22.950000000000045,1,1,1.0
1724168516445792300,15,493.62,609.75,39.58000000000004,11.049999999999955,1,1,1.0
1724168516514862000,1,443.97,556.1,311.36,26.41999999999996,1,2,1.0
1724168516514862000,14,502.35,589.4,61.44999999999993,18.5,1,1,1.0
1724168516514862000,15,499.3,610.52,17.599999999999966,8.980000000000018,1,1,1.0
1724168516579484300,1,452.85,553.2,304.93999999999994,29.769999999999982,1,2,1.0
1724168516579484300,14,502.08,588.77,58.420000000000016,20.629999999999995,1,1,1.0
1724168516579484300,15,493.72,608.48,34.57999999999993,13.620000000000005,1,1,1.0
1724168516628569000,1,437.49,557.9,322.14,24.07000000000005,1,2,1.0
1724168516628569000,14,501.92,590.81,57.97999999999996,15.3900000000001,1,1,1.0
1724168516628569000,15,498.4,611.0,41.5,11.0,1,1,1.0
1724168516691580000,1,452.63,552.2,305.27,30.199999999999932,1,2,1.0
1724168516691580000,14,499.3,589.61,63.30000000000001,16.49000000000001,1,1,1.0
1724168516691580000,15,521.89,613.33,17.210000000000036,9.169999999999959,1,1,1.0
1724168516761789800,1,439.01,556.8,320.34000000000003,25.81000000000006,1,2,1.0
1724168516761789800,14,498.59,590.03,58.61000000000007,17.769999999999982,1,1,1.0
1724168516761789800,15,510.5,612.81,31.440000000000055,10.490000000000009,1,1,1.0
1724168516820820200,1,443.4,554.3,316.24,33.870000000000005,1,2,1.0
1724168516820820200,14,503.36,588.59,66.24000000000001,18.309999999999945,1,1,1.0
1724168516820820200,15,513.08,612.8,30.120000000000005,10.759999999999991,1,1,1.0
1724168516891684400,1,444.09,553.7,314.63000000000005,28.18999999999994,1,2,1.0
1724168516891684400,14,498.93,590.63,51.86999999999995,18.07000000000005,1,1,1.0
1724168516950583900,1,447.26,551.1,313.28,29.159999999999968,1,2,1.0
1724168516950583900,14,498.14,590.67,48.460000000000036,17.430000000000064,1,1,1.0
1724168517032011100,1,445.3,553.8,316.09999999999997,30.5,1,2,1.0
1724168517032011100,14,490.0,590.4,50.799999999999955,18.300000000000068,1,1,1.0
1724168517082868900,1,444.54,554.7,316.75999999999993,32.51999999999998,1,2,1.0
1724168517082868900,14,483.64,590.53,56.860000000000014,17.970000000000027,1,1,1.0
1724168517140728600,1,446.65,552.0,315.15,34.50999999999999,1,2,1.0
1724168517140728600,14,489.32,590.31,46.97999999999996,17.090000000000032,1,1,1.0
1724168517212200300,1,448.44,551.3,314.06,37.030000000000086,1,2,1.0
1724168517212200300,14,486.7,589.55,41.170000000000016,22.15000000000009,1,1,1.0
1724168517272682400,1,448.1,558.6,309.1,32.799999999999955,1,2,1.0
1724168517272682400,14,494.8,590.45,34.04000000000002,19.34999999999991,1,1,1.0
1724168517272682400,16,475.42,592.28,10.069999999999993,7.230000000000018,1,1,1.0
1724168517339125100,1,447.09,557.9,311.61000000000007,28.720000000000027,1,2,1.0
1724168517339125100,14,486.5,588.31,47.690000000000055,22.590000000000032,1,1,1.0
1724168517339125100,16,473.6,589.96,15.5,12.639999999999986,1,1,1.0
1724168517406244700,1,444.17,555.1,312.22999999999996,28.480000000000018,1,2,1.0
1724168517406244700,14,499.1,588.77,34.569999999999936,20.029999999999973,1,1,1.0
1724168517406244700,16,471.3,585.31,22.95999999999998,20.090000000000032,1,1,1.0
1724168517459089300,1,445.01,559.4,309.28999999999996,23.99000000000001,1,2,1.0
1724168517459089300,14,498.9,589.67,36.60000000000002,19.129999999999995,1,1,1.0
1724168517459089300,16,464.1,584.79,30.94999999999999,18.31000000000006,1,1,1.0
1724168517533260500,1,448.92,555.94,311.97999999999996,29.159999999999968,1,2,1.0
1724168517533260500,14,513.9,593.25,15.629999999999995,9.549999999999955,1,1,1.0
1724168517533260500,16,463.4,584.62,36.94,17.480000000000018,1,1,1.0
1724168517585401200,1,462.7,555.7,300.43,30.6099999999999,1,2,1.0
1724168517585401200,14,508.58,589.15,39.52000000000004,10.950000000000045,1,1,1.0
1724168517585401200,16,473.9,578.82,26.980000000000018,24.879999999999995,1,1,1.0
1724168517650660800,1,425.39,550.4,330.31000000000006,36.700000000000045,1,2,1.0
1724168517650660800,14,504.79,587.22,17.910000000000025,11.67999999999995,1,1,1.0
1724168517650660800,16,476.9,578.47,33.74000000000001,23.829999999999927,1,1,1.0
1724168517712784500,1,424.1,548.1,321.5,39.819999999999936,1,2,1.0
1724168517712784500,14,506.38,587.47,17.91999999999996,11.230000000000018,1,1,1.0
1724168517712784500,16,484.5,576.77,31.899999999999977,22.730000000000018,1,1,1.0
1724168517712784500,17,437.81,561.52,18.74000000000001,12.720000000000027,1,1,1.0
1724168517712784500,18,460.51,575.21,22.610000000000014,13.769999999999982,1,1,1.0
1724168517781187100,1,439.4,541.7,305.4,52.25,1,2,1.0
1724168517781187100,14,513.37,585.02,15.42999999999995,10.180000000000064,1,1,1.0
1724168517781187100,16,493.3,575.48,22.319999999999993,17.519999999999982,1,1,1.0
1724168517781187100,17,446.5,560.56,17.730000000000018,10.040000000000077,1,1,1.0
1724168517781187100,18,463.3,573.34,21.069999999999993,15.959999999999923,1,1,1.0
1724168517842398700,1,401.0,530.0,342.20000000000005,62.360000000000014,1,2,1.0
1724168517842398700,19,561.21,599.25,9.67999999999995,8.299999999999955,1,1,1.0
1724168517842398700,16,499.5,578.58,25.159999999999968,16.519999999999982,1,1,1.0
1724168517842398700,17,460.2,557.92,24.660000000000025,12.680000000000064,1,1,1.0
1724168517842398700,18,464.4,572.4,22.30000000000001,20.200000000000045,1,1,1.0
1724168517917440200,1,390.9,524.1,355.26,70.38999999999999,1,2,1.0
1724168517917440200,19,567.48,596.15,14.819999999999936,9.350000000000023,1,1,1.0
1724168517917440200,16,514.99,577.55,25.149999999999977,16.520000000000095,1,1,1.0
1724168517917440200,17,455.9,553.6,31.120000000000005,15.100000000000023,1,1,1.0
1724168517917440200,18,467.8,568.66,28.110000000000014,24.74000000000001,1,1,1.0
1724168517970908700,1,387.4,521.5,352.1,69.10000000000002,1,2,1.0
1724168517970908700,19,575.6,594.99,13.639999999999986,11.110000000000014,1,1,1.0
1724168517970908700,17,460.7,554.08,33.04000000000002,16.819999999999936,1,1,1.0
1724168517970908700,18,465.5,577.55,20.269999999999982,16.950000000000045,1,1,1.0
1724168518034619500,1,393.2,527.1,347.39000000000004,65.61000000000001,1,2,1.0
1724168518034619500,19,572.08,592.93,21.41999999999996,13.170000000000073,1,1,1.0
1724168518034619500,17,468.14,551.68,33.04000000000002,16.82000000000005,1,1,1.0
1724168518034619500,18,464.7,575.21,22.629999999999995,18.49000000000001,1,1,1.0
1724168518097634000,1,405.89,532.4,333.39,59.27999999999997,1,2,1.0
1724168518097634000,19,568.23,591.78,32.370000000000005,14.120000000000005,1,1,1.0
1724168518097634000,17,468.86,551.92,33.039999999999964,16.82000000000005,1,1,1.0
1724168518097634000,18,465.0,572.56,26.379999999999995,20.6400000000001,1,1,1.0
1724168518177858300,1,397.9,530.0,343.24,61.77999999999997,1,2,1.0
1724168518177858300,19,570.54,591.21,38.25999999999999,14.889999999999986,1,1,1.0
1724168518177858300,17,467.4,552.16,43.14000000000004,18.24000000000001,1,1,1.0
1724168518177858300,18,465.36,571.78,27.889999999999986,21.920000000000073,1,1,1.0
1724168518231815900,1,395.15,530.8,348.70000000000005,61.0,1,2,1.0
1724168518231815900,19,563.5,591.18,47.25,16.82000000000005,1,1,1.0
1724168518231815900,17,472.44,555.04,43.14000000000004,13.160000000000082,1,1,1.0
1724168518297789400,1,402.8,534.8,342.58,53.73000000000002,1,2,1.0
1724168518297789400,19,568.86,590.11,54.93999999999994,18.590000000000032,1,1,1.0
1724168518297789400,17,469.56,556.0,43.14000000000004,15.100000000000023,1,1,1.0
1724168518378074400,1,409.2,539.0,338.2,49.0,1,2,1.0
1724168518378074400,19,552.3,589.33,72.24000000000001,19.969999999999914,1,1,1.0
1724168518378074400,17,461.16,556.0,50.539999999999964,15.799999999999955,1,1,1.0
1724168518426804900,1,409.8,539.2,336.82,45.34999999999991,1,2,1.0
1724168518426804900,19,570.92,591.49,59.48000000000002,18.309999999999945,1,1,1.0
1724168518426804900,17,467.4,558.88,47.42000000000007,15.799999999999955,1,1,1.0
1724168518485813700,1,416.6,545.5,335.37,35.08000000000004,1,2,1.0
1724168518485813700,19,560.05,589.61,85.85000000000002,23.389999999999986,1,1,1.0
1724168518485813700,17,472.4,560.8,37.14000000000004,15.800000000000068,1,1,1.0
1724168518485813700,20,450.06,561.06,22.110000000000014,16.5,1,1,1.0
1724168518557567900,1,426.9,544.7,329.36,36.639999999999986,1,2,1.0
1724168518557567900,19,568.69,588.01,77.1099999999999,23.789999999999964,1,1,1.0
1724168518557567900,17,468.5,563.37,49.110000000000014,19.230000000000018,1,1,1.0
1724168518557567900,20,450.29,560.39,22.099999999999966,16.50999999999999,1,1,1.0
1724168518609771100,1,421.7,544.3,336.21999999999997,35.1400000000001,1,2,1.0
1724168518609771100,19,580.39,590.13,80.50999999999999,24.970000000000027,1,1,1.0
1724168518609771100,17,471.5,564.31,49.40999999999997,15.490000000000009,1,1,1.0
1724168518609771100,20,449.17,565.97,22.109999999999957,16.5,1,1,1.0
1724168518731903000,1,427.8,545.2,334.04,31.0,1,2,1.0
1724168518731903000,19,583.35,588.1,79.64999999999998,28.899999999999977,1,1,1.0
1724168518731903000,17,471.5,561.73,49.14999999999998,20.269999999999982,1,1,1.0
1724168518731903000,20,449.17,565.91,23.789999999999964,16.440000000000055,1,1,1.0
1724168518753818800,1,452.4,544.7,313.44000000000005,32.49000000000001,1,2,1.0
1724168518753818800,19,585.87,587.67,74.83000000000004,28.030000000000086,1,1,1.0
1724168518753818800,17,475.27,564.19,53.33000000000004,16.50999999999999,1,1,1.0
1724168518753818800,20,449.17,565.85,25.46999999999997,16.389999999999986,1,1,1.0
1724168518820760300,1,431.5,545.0,340.04999999999995,30.710000000000036,1,2,1.0
1724168518820760300,19,592.1,586.93,72.5,28.170000000000073,1,1,1.0
1724168518820760300,17,477.14,564.47,52.56000000000006,15.029999999999973,1,1,1.0
1724168518820760300,20,449.17,565.8,27.149999999999977,16.32000000000005,1,1,1.0
1724168518879376600,1,428.3,543.9,334.85999999999996,30.540000000000077,1,2,1.0
1724168518879376600,19,593.93,586.83,72.87,27.769999999999982,1,1,1.0
1724168518879376600,17,483.4,563.7,55.710000000000036,16.399999999999977,1,1,1.0
1724168518879376600,20,449.17,565.74,28.829999999999984,16.25999999999999,1,1,1.0
1724168518926886200,1,423.1,542.5,350.55999999999995,30.899999999999977,1,2,1.0
1724168518926886200,19,600.88,584.99,72.82000000000005,27.710000000000036,1,1,1.0
1724168518926886200,17,503.7,564.18,40.69999999999999,16.120000000000005,1,1,1.0
1724168518926886200,20,451.9,562.5,52.900000000000034,20.279999999999973,1,1,1.0
1724168519008044500,1,420.2,543.0,348.24000000000007,29.889999999999986,1,2,1.0
1724168519008044500,19,600.9,585.61,80.89999999999998,28.889999999999986,1,1,1.0
1724168519008044500,17,505.1,566.09,34.5,13.610000000000014,1,1,1.0
1724168519008044500,20,474.0,566.48,30.829999999999984,13.419999999999959,1,1,1.0
1724168519058585100,1,417.0,538.9,356.41999999999996,35.139999999999986,1,2,1.0
1724168519058585100,19,601.22,587.25,86.17999999999995,28.049999999999955,1,1,1.0
1724168519058585100,17,500.9,564.89,51.92000000000007,15.31000000000006,1,1,1.0
1724168519058585100,20,477.86,567.5,26.339999999999975,15.490000000000009,1,1,1.0
1724168519121804500,1,428.4,540.5,342.47,34.72000000000003,1,2,1.0
1724168519121804500,19,600.02,588.42,92.88,31.879999999999995,1,1,1.0
1724168519121804500,17,511.86,565.38,43.34000000000003,16.32000000000005,1,1,1.0
1724168519121804500,20,485.7,565.71,23.189999999999998,13.789999999999964,1,1,1.0
1724168519121804500,21,454.07,567.64,25.94999999999999,16.930000000000064,1,1,1.0
1724168519189480500,1,424.5,540.8,346.98,32.66000000000008,1,2,1.0
1724168519189480500,19,606.53,590.08,88.97000000000003,27.91999999999996,1,1,1.0
1724168519189480500,17,520.17,565.63,37.629999999999995,14.370000000000005,1,1,1.0
1724168519189480500,20,485.06,567.4,21.139999999999986,14.620000000000005,1,1,1.0
1724168519189480500,21,453.38,566.9,30.819999999999993,17.670000000000073,1,1,1.0
1724168519249075600,1,420.1,540.3,346.51,34.05000000000007,1,2,1.0
1724168519249075600,19,633.53,592.55,68.67000000000007,29.25,1,1,1.0
1724168519249075600,17,513.85,562.76,49.64999999999998,18.039999999999964,1,1,1.0
1724168519249075600,20,493.6,563.64,14.159999999999968,13.06000000000006,1,1,1.0
1724168519249075600,21,452.7,564.48,26.660000000000025,21.120000000000005,1,1,1.0
1724168519314005300,1,422.4,538.3,344.43000000000006,36.629999999999995,1,2,1.0
1724168519314005300,19,599.61,590.47,108.09000000000003,32.52999999999997,1,1,1.0
1724168519314005300,17,523.77,565.72,42.930000000000064,15.279999999999973,1,1,1.0
1724168519314005300,20,496.8,561.36,18.189999999999998,13.639999999999986,1,1,1.0
1724168519314005300,21,457.26,562.23,28.639999999999986,25.66999999999996,1,1,1.0
1724168519383282000,1,419.1,538.7,347.66999999999996,35.979999999999905,1,2,1.0
1724168519383282000,19,650.31,596.15,57.8900000000001,22.950000000000045,1,1,1.0
1724168519383282000,17,531.8,565.2,44.0,15.399999999999977,1,1,1.0
1724168519383282000,20,502.02,562.03,18.190000000000055,13.639999999999986,1,1,1.0
1724168519383282000,21,447.3,558.91,41.39999999999998,28.290000000000077,1,1,1.0
1724168519450288200,1,417.1,536.7,349.29999999999995,37.50999999999999,1,2,1.0
1724168519450288200,19,656.87,597.71,53.52999999999997,21.789999999999964,1,1,1.0
1724168519450288200,17,564.0,567.9,32.200000000000045,17.5,1,1,1.0
1724168519450288200,21,453.54,571.71,31.96999999999997,19.469999999999914,1,1,1.0
1724168519450288200,22,528.27,562.23,43.89999999999998,16.779999999999973,1,1,1.0
1724168519450288200,23,445.23,552.94,44.31,19.729999999999905,1,1,1.0
1724168519505352800,1,413.5,536.7,354.30999999999995,36.229999999999905,1,2,1.0
1724168519505352800,19,657.43,594.09,51.07000000000005,25.409999999999968,1,1,1.0
1724168519505352800,17,566.5,567.6,34.200000000000045,17.899999999999977,1,1,1.0
1724168519505352800,21,454.08,573.46,42.120000000000005,14.839999999999918,1,1,1.0
1724168519505352800,22,534.2,564.81,43.90999999999997,16.780000000000086,1,1,1.0
1724168519505352800,23,456.41,557.88,46.10999999999996,13.879999999999995,1,1,1.0
1724168519568674100,1,416.2,535.0,347.78000000000003,41.50999999999999,1,2,1.0
1724168519568674100,19,669.61,597.61,40.67999999999995,22.75,1,1,1.0
1724168519568674100,17,570.7,569.0,37.59999999999991,16.5,1,1,1.0
1724168519568674100,21,475.9,569.98,30.220000000000027,17.91999999999996,1,1,1.0
1724168519568674100,22,526.5,561.2,51.610000000000014,20.899999999999977,1,1,1.0
1724168519568674100,23,463.1,555.1,36.92999999999995,15.799999999999955,1,1,1.0
1724168519641858900,1,413.4,537.7,348.35,37.8599999999999,1,2,1.0
1724168519641858900,19,669.37,595.6,41.33000000000004,22.699999999999932,1,1,1.0
1724168519641858900,17,572.3,572.0,43.5,17.100000000000023,1,1,1.0
1724168519641858900,21,476.14,569.94,33.160000000000025,19.659999999999968,1,1,1.0
1724168519641858900,22,525.7,563.52,53.69999999999993,15.779999999999973,1,1,1.0
1724168519641858900,23,462.96,555.66,36.93000000000001,15.800000000000068,1,1,1.0
1724168519701703400,1,418.2,535.8,345.51000000000005,42.67000000000007,1,2,1.0
1724168519701703400,19,671.88,596.98,39.22000000000003,20.819999999999936,1,1,1.0
1724168519701703400,17,581.3,572.2,46.5,18.299999999999955,1,1,1.0
1724168519701703400,21,478.94,569.69,35.76000000000005,19.409999999999968,1,1,1.0
1724168519701703400,22,534.5,561.2,55.48000000000002,21.199999999999932,1,1,1.0
1724168519701703400,23,462.82,556.21,36.93000000000001,15.799999999999955,1,1,1.0
1724168519769025200,1,443.2,536.6,319.95,42.20999999999992,1,2,1.0
1724168519769025200,19,692.37,604.41,15.92999999999995,11.790000000000077,1,1,1.0
1724168519769025200,17,578.7,569.2,49.39999999999998,19.59999999999991,1,1,1.0
1724168519769025200,21,479.24,569.25,35.460000000000036,18.850000000000023,1,1,1.0
1724168519769025200,22,532.2,561.72,59.069999999999936,19.379999999999995,1,1,1.0
1724168519769025200,23,467.82,556.77,36.920000000000016,15.800000000000068,1,1,1.0
1724168519827484100,1,442.7,536.3,320.06,38.940000000000055,1,2,1.0
1724168519827484100,19,691.09,604.17,18.709999999999923,11.430000000000064,1,1,1.0
1724168519827484100,17,586.4,568.8,41.80000000000007,19.600000000000023,1,1,1.0
1724168519827484100,21,489.76,569.71,35.539999999999964,18.589999999999918,1,1,1.0
1724168519827484100,22,534.5,563.52,61.40999999999997,18.08000000000004,1,1,1.0
1724168519827484100,23,472.26,555.66,36.93000000000001,15.800000000000068,1,1,1.0
1724168519891492300,1,401.3,534.8,363.10999999999996,39.99000000000001,1,2,1.0
1724168519891492300,19,695.68,602.32,16.420000000000073,11.579999999999927,1,1,1.0
1724168519891492300,17,593.59,570.93,41.50999999999999,17.870000000000005,1,1,1.0
1724168519891492300,21,485.66,570.51,40.63999999999993,16.190000000000055,1,1,1.0
1724168519891492300,22,548.69,563.01,53.90999999999997,16.49000000000001,1,1,1.0
1724168519891492300,23,479.5,559.57,33.26999999999998,10.329999999999927,1,1,1.0
1724168519952731700,1,439.3,535.8,323.34,41.780000000000086,1,2,1.0
1724168519952731700,19,671.19,589.41,40.50999999999999,23.090000000000032,1,1,1.0
1724168519952731700,17,600.73,571.19,43.569999999999936,20.909999999999968,1,1,1.0
1724168519952731700,21,496.34,572.73,36.56,15.370000000000005,1,1,1.0
1724168519952731700,22,550.76,562.49,65.03999999999996,18.309999999999945,1,1,1.0
1724168519952731700,24,458.07,577.72,28.160000000000025,14.970000000000027,1,1,1.0
1724168519952731700,23,486.42,555.66,36.920000000000016,15.800000000000068,1,1,1.0
1724168520026620900,1,419.8,535.2,343.42,43.17999999999995,1,2,1.0
1724168520026620900,19,698.18,602.51,13.720000000000027,10.789999999999964,1,1,1.0
1724168520026620900,17,615.16,576.99,35.940000000000055,13.909999999999968,1,1,1.0
1724168520026620900,21,494.75,571.22,49.35000000000002,21.079999999999927,1,1,1.0
1724168520026620900,22,554.6,566.11,77.72000000000003,20.389999999999986,1,1,1.0
1724168520026620900,24,466.6,582.11,16.00999999999999,12.389999999999986,1,1,1.0
1724168520026620900,23,488.08,555.66,36.93000000000001,15.800000000000068,1,1,1.0
1724168520088830100,1,407.2,533.7,355.53000000000003,40.969999999999914,1,2,1.0
1724168520088830100,17,613.64,574.94,41.860000000000014,17.659999999999968,1,1,1.0
1724168520088830100,21,493.73,570.23,51.870000000000005,17.569999999999936,1,1,1.0
1724168520088830100,22,566.99,564.82,64.30999999999995,20.17999999999995,1,1,1.0
1724168520088830100,24,469.2,579.01,24.25,13.990000000000009,1,1,1.0
1724168520088830100,23,484.8,555.38,49.36999999999995,15.799999999999955,1,1,1.0
1724168520153501600,1,434.2,532.9,325.94,43.930000000000064,1,2,1.0
1724168520153501600,25,479.65,594.96,27.689999999999998,17.299999999999955,1,1,1.0
1724168520153501600,17,614.49,575.44,44.210000000000036,17.159999999999968,1,1,1.0
1724168520153501600,21,509.79,570.01,44.509999999999934,20.690000000000055,1,1,1.0
1724168520153501600,22,574.47,564.82,64.30999999999995,20.17999999999995,1,1,1.0
1724168520153501600,24,468.9,578.75,38.49000000000001,15.049999999999955,1,1,1.0
1724168520153501600,23,481.9,555.92,54.49000000000001,16.280000000000086,1,1,1.0
1724168520153501600,26,452.33,568.64,20.590000000000032,18.720000000000027,1,1,1.0
1724168520221782700,1,400.79,527.11,359.71,48.68999999999994,1,2,1.0
1724168520221782700,25,481.57,593.84,27.95999999999998,16.41999999999996,1,1,1.0
1724168520221782700,17,622.62,579.69,41.27999999999997,15.909999999999968,1,1,1.0
1724168520221782700,21,516.63,570.02,45.16999999999996,16.879999999999995,1,1,1.0
1724168520221782700,22,581.7,565.07,64.30999999999995,20.92999999999995,1,1,1.0
1724168520221782700,24,476.1,574.11,41.10000000000002,17.590000000000032,1,1,1.0
1724168520221782700,23,482.9,555.4,59.14999999999998,16.600000000000023,1,1,1.0
1724168520221782700,27,442.97,564.9,31.049999999999955,12.300000000000068,1,1,1.0
1724168520221782700,26,453.08,575.38,20.58000000000004,15.32000000000005,1,1,1.0
1724168520318489100,1,453.2,533.8,307.40000000000003,42.700000000000045,1,2,1.0
1724168520318489100,25,478.59,593.45,38.95999999999998,19.1099999999999,1,1,1.0
1724168520318489100,17,630.98,579.82,41.41999999999996,19.879999999999995,1,1,1.0
1724168520318489100,28,584.57,585.82,18.529999999999973,11.819999999999936,1,1,1.0
1724168520318489100,21,526.0,570.69,37.299999999999955,21.309999999999945,1,1,1.0
1724168520318489100,22,582.2,563.53,72.58999999999992,23.970000000000027,1,1,1.0
1724168520318489100,24,489.0,571.27,41.10000000000002,21.430000000000064,1,1,1.0
1724168520318489100,23,513.7,555.4,33.95999999999992,16.090000000000032,1,1,1.0
1724168520318489100,27,447.3,561.42,29.389999999999986,15.780000000000086,1,1,1.0
1724168520318489100,26,456.82,577.63,20.590000000000032,15.32000000000005,1,1,1.0
1724168520355161300,1,409.7,533.1,350.27000000000004,42.34000000000003,1,2,1.0
1724168520355161300,25,486.9,586.4,38.76999999999998,25.25,1,1,1.0
1724168520355161300,17,626.62,580.04,44.58000000000004,19.56000000000006,1,1,1.0
1724168520355161300,28,580.33,583.36,26.769999999999982,13.639999999999986,1,1,1.0
1724168520355161300,21,540.38,570.77,30.220000000000027,14.930000000000064,1,1,1.0
1724168520355161300,22,583.49,564.04,72.59000000000003,23.980000000000018,1,1,1.0
1724168520355161300,24,498.8,569.98,41.36999999999995,16.519999999999982,1,1,1.0
1724168520355161300,23,501.7,552.3,53.81,18.90000000000009,1,1,1.0
1724168520355161300,27,444.4,565.19,33.02000000000004,12.1099999999999,1,1,1.0
1724168520355161300,26,465.48,578.49,25.939999999999998,14.870000000000005,1,1,1.0
1724168520411235100,1,393.9,529.5,368.32000000000005,48.639999999999986,1,2,1.0
1724168520411235100,25,501.5,595.6,32.360000000000014,20.75999999999999,1,1,1.0
1724168520411235100,17,629.74,581.81,44.460000000000036,18.49000000000001,1,1,1.0
1724168520411235100,28,580.11,582.47,35.289999999999964,15.629999999999995,1,1,1.0
1724168520411235100,21,543.95,572.4,31.75,15.0,1,1,1.0
1724168520411235100,22,588.14,564.04,72.58000000000004,23.980000000000018,1,1,1.0
1724168520411235100,24,513.0,570.75,30.519999999999982,15.450000000000045,1,1,1.0
1724168520411235100,23,530.8,559.2,30.020000000000095,13.370000000000005,1,1,1.0
1724168520411235100,27,446.47,563.42,35.85999999999996,12.170000000000073,1,1,1.0
1724168520411235100,26,484.7,571.29,28.069999999999993,23.50999999999999,1,1,1.0
1724168520477825900,1,399.81,532.04,359.11999999999995,46.280000000000086,1,2,1.0
1724168520477825900,25,502.5,595.6,34.00999999999999,21.529999999999973,1,1,1.0
1724168520477825900,17,632.39,580.41,42.50999999999999,18.090000000000032,1,1,1.0
1724168520477825900,28,585.68,583.14,31.920000000000073,15.259999999999991,1,1,1.0
1724168520477825900,21,540.38,572.7,39.51999999999998,17.299999999999955,1,1,1.0
1724168520477825900,22,591.75,564.04,72.59000000000003,23.980000000000018,1,1,1.0
1724168520477825900,24,509.39,569.98,30.519999999999982,15.449999999999932,1,1,1.0
1724168520477825900,23,535.5,558.92,32.82000000000005,13.879999999999995,1,1,1.0
1724168520477825900,27,453.6,563.0,38.95999999999998,12.200000000000045,1,1,1.0
1724168520477825900,26,482.8,579.21,28.289999999999964,22.789999999999964,1,1,1.0
1724168520541983900,1,412.6,531.3,349.04999999999995,43.200000000000045,1,2,1.0
1724168520541983900,25,508.3,591.9,34.98999999999995,18.720000000000027,1,1,1.0
1724168520541983900,17,645.05,581.61,36.65000000000009,19.889999999999986,1,1,1.0
1724168520541983900,28,598.17,583.81,24.129999999999995,14.590000000000032,1,1,1.0
1724168520541983900,21,547.96,578.05,48.539999999999964,16.550000000000068,1,1,1.0
1724168520541983900,22,602.07,564.56,72.58999999999992,23.970000000000027,1,1,1.0
1724168520541983900,24,511.71,568.69,30.52000000000004,15.449999999999932,1,1,1.0
1724168520541983900,23,540.1,559.2,35.70999999999992,14.899999999999977,1,1,1.0
1724168520541983900,27,452.3,563.42,35.670000000000016,13.280000000000086,1,1,1.0
1724168520541983900,26,477.3,575.85,32.349999999999966,24.25,1,1,1.0
1724168520602008800,1,396.6,528.8,360.92999999999995,47.780000000000086,1,2,1.0
1724168520602008800,25,513.0,593.8,39.66999999999996,22.81000000000006,1,1,1.0
1724168520602008800,17,655.63,588.32,31.470000000000027,17.279999999999973,1,1,1.0
1724168520602008800,28,599.51,585.15,25.289999999999964,13.25,1,1,1.0
1724168520602008800,21,547.07,574.04,51.229999999999905,20.360000000000014,1,1,1.0
1724168520602008800,22,601.04,567.91,71.86000000000001,21.889999999999986,1,1,1.0
1724168520602008800,24,513.0,566.37,30.519999999999982,15.43999999999994,1,1,1.0
1724168520602008800,23,546.0,559.48,28.980000000000018,11.319999999999936,1,1,1.0
1724168520602008800,27,450.8,562.37,39.45999999999998,13.529999999999973,1,1,1.0
1724168520602008800,26,497.9,576.33,18.950000000000045,15.569999999999936,1,1,1.0
1724168520659781500,1,397.8,527.3,361.42,47.8900000000001,1,2,1.0
1724168520659781500,25,514.7,590.6,46.569999999999936,21.639999999999986,1,1,1.0
1724168520659781500,29,504.42,617.59,12.270000000000039,10.779999999999973,1,1,1.0
1724168520659781500,17,657.04,584.18,29.960000000000036,19.129999999999995,1,1,1.0
1724168520659781500,28,602.86,584.7,32.24000000000001,13.899999999999977,1,1,1.0
1724168520659781500,21,560.23,574.71,40.76999999999998,20.789999999999964,1,1,1.0
1724168520659781500,22,609.04,567.91,71.86000000000001,21.889999999999986,1,1,1.0
1724168520659781500,24,527.71,568.17,22.789999999999964,10.530000000000086,1,1,1.0
1724168520659781500,23,545.0,560.03,34.41999999999996,9.769999999999982,1,1,1.0
1724168520659781500,27,451.6,562.83,41.89999999999998,26.569999999999936,1,1,1.0
1724168520659781500,26,502.22,579.21,18.949999999999932,15.569999999999936,1,1,1.0
1724168520739966000,1,400.24,528.08,358.96000000000004,48.620000000000005,1,2,1.0
1724168520739966000,25,519.7,592.8,47.58999999999992,18.82000000000005,1,1,1.0
1724168520739966000,29,505.5,615.36,14.860000000000014,14.840000000000032,1,1,1.0
1724168520739966000,17,655.06,584.49,34.84000000000003,21.909999999999968,1,1,1.0
1724168520739966000,28,607.77,585.37,33.52999999999997,13.629999999999995,1,1,1.0
1724168520739966000,21,565.14,576.05,40.76999999999998,20.790000000000077,1,1,1.0
1724168520739966000,22,617.04,567.91,71.86000000000001,21.889999999999986,1,1,1.0
1724168520739966000,24,529.0,573.33,36.210000000000036,16.469999999999914,1,1,1.0
1724168520739966000,23,539.3,558.3,51.520000000000095,13.840000000000032,1,1,1.0
1724168520739966000,27,459.3,558.36,35.81,32.34000000000003,1,1,1.0
1724168520739966000,26,503.9,579.21,18.950000000000045,15.569999999999936,1,1,1.0
1724168520793653600,1,405.6,527.6,356.92999999999995,47.819999999999936,1,2,1.0
1724168520793653600,25,526.7,592.0,53.92999999999995,20.00999999999999,1,1,1.0
1724168520793653600,29,507.0,613.87,16.33000000000004,16.33000000000004,1,1,1.0
1724168520793653600,17,654.19,584.82,39.809999999999945,21.079999999999927,1,1,1.0
1724168520793653600,28,613.34,586.93,27.959999999999923,12.470000000000027,1,1,1.0
1724168520793653600,21,566.25,575.82,40.76999999999998,20.799999999999955,1,1,1.0
1724168520793653600,22,623.52,561.84,72.70000000000005,29.399999999999977,1,1,1.0
1724168520793653600,24,532.87,575.14,36.210000000000036,16.470000000000027,1,1,1.0
1724168520793653600,23,536.9,558.36,50.79000000000008,16.24000000000001,1,1,1.0
1724168520793653600,27,460.8,558.26,43.69999999999999,33.539999999999964,1,1,1.0
1724168520793653600,26,507.0,578.25,26.639999999999986,17.450000000000045,1,1,1.0
1724168520855302300,1,406.7,522.2,354.89000000000004,52.069999999999936,1,2,1.0
1724168520855302300,25,538.44,592.36,40.75999999999999,17.43999999999994,1,1,1.0
1724168520855302300,29,507.0,613.15,18.970000000000027,17.25,1,1,1.0
1724168520855302300,17,661.67,585.85,41.129999999999995,20.049999999999955,1,1,1.0
1724168520855302300,28,612.9,584.03,30.200000000000045,14.470000000000027,1,1,1.0
1724168520855302300,21,558.67,572.7,54.129999999999995,25.0,1,1,1.0
1724168520855302300,22,616.29,565.71,75.00999999999999,19.889999999999986,1,1,1.0
1724168520855302300,24,540.1,576.95,17.370000000000005,13.149999999999977,1,1,1.0
1724168520855302300,23,535.7,558.36,57.25999999999999,14.539999999999964,1,1,1.0
1724168520855302300,27,458.1,561.18,43.67999999999995,32.120000000000005,1,1,1.0
1724168520855302300,26,510.84,587.12,26.640000000000043,17.460000000000036,1,1,1.0
