1724157091569867200,1,418.0,427.7,382.6,127.40000000000003,1,2,1.0
1724157091646577400,1,420.4,427.7,373.70000000000005,125.40000000000003,1,2,1.0
1724157091698080500,1,420.2,435.6,370.3,118.39999999999998,1,2,1.0
1724157091754469100,1,418.75,437.3,372.65,114.83999999999997,1,2,1.0
1724157091831546100,1,420.25,441.32,368.82000000000005,110.92000000000002,1,2,1.0
1724157091885334800,1,418.2,442.11,327.49000000000007,110.42999999999995,1,2,1.0
1724157091954052700,1,419.1,436.7,327.69999999999993,115.59999999999997,1,2,1.0
1724157092018087900,1,417.0,423.8,400.20000000000005,127.80000000000001,1,2,1.0
1724157092075402100,1,416.89,424.5,406.11,123.44000000000005,1,2,1.0
1724157092144854200,1,424.1,425.95,395.67999999999995,122.55000000000001,1,2,1.0
1724157092212814600,1,419.9,427.51,401.87,122.19000000000005,1,2,1.0
1724157092267182400,1,415.56,434.8,372.14000000000004,113.93,1,2,1.0
1724157092335195200,1,419.44,436.4,370.85999999999996,111.63999999999999,1,2,1.0
1724157092406787600,1,414.57,428.0,355.22999999999996,119.57000000000005,1,2,1.0
1724157092457234000,1,417.89,432.2,351.61,115.75000000000006,1,2,1.0
1724157092525289100,1,409.8,430.6,372.8,116.0,1,2,1.0
1724157092593762500,1,411.24,437.0,371.55999999999995,109.35000000000002,1,2,1.0
1724157092650238100,1,412.67,439.8,353.83,106.30000000000001,1,2,1.0
1724157092717152600,1,410.89,440.4,384.61,106.32000000000005,1,2,1.0
1724157092780387600,1,410.28,443.1,312.02,102.91999999999996,1,2,1.0
1724157092841059200,1,411.0,446.92,308.16999999999996,98.11999999999995,1,2,1.0
1724157092906817800,1,414.54,447.19,302.96999999999997,98.93,1,2,1.0
1724157092980269200,1,411.55,448.18,305.8,97.98999999999995,1,2,1.0
1724157093040210000,1,422.83,430.7,408.87000000000006,112.18,1,2,1.0
1724157093106266400,1,409.61,444.82,306.14,100.17000000000002,1,2,1.0
1724157093161862300,1,413.44,428.39,329.8,118.58000000000004,1,2,1.0
1724157093230583700,1,410.72,428.39,325.30999999999995,115.90999999999997,1,2,1.0
1724157093295020300,1,410.28,432.0,331.4200000000001,113.22000000000003,1,2,1.0
1724157093354778100,1,412.17,425.3,346.93,117.87999999999994,1,2,1.0
1724157093423379500,1,408.85,424.8,351.04999999999995,119.18,1,2,1.0
1724157093499363500,1,412.71,426.5,324.79,118.65999999999997,1,2,1.0
1724157093546871600,1,406.17,429.5,338.83,112.85000000000002,1,2,1.0
1724157093631410600,1,406.11,448.0,310.09000000000003,93.22000000000003,1,2,1.0
1724157093684964500,1,409.09,446.1,300.11000000000007,98.04999999999995,1,2,1.0
1724157093745021900,1,409.92,420.2,425.08,124.89000000000004,1,2,1.0
1724157093802020300,1,407.23,441.5,403.87,99.04999999999995,1,2,1.0
1724157093867725200,1,406.45,446.25,402.52000000000004,94.33000000000004,1,2,1.0
1724157093932236500,1,405.3,443.52,411.19,98.09000000000003,1,2,1.0
1724157093996148300,1,407.94,453.4,404.85999999999996,84.73000000000002,1,2,1.0
1724157094059749000,1,390.28,459.7,472.4200000000001,75.06,1,2,1.0
1724157094130630100,1,390.58,459.24,457.71999999999997,69.06999999999994,1,2,1.0
1724157094195817700,1,380.47,463.84,449.56999999999994,56.94,1,2,1.0
1724157094251893100,1,375.75,462.45,461.85,56.03000000000003,1,2,1.0
1724157094316012600,1,386.98,466.5,404.46000000000004,46.639999999999986,1,2,1.0
1724157094379064200,1,379.36,462.71,440.41999999999996,54.079999999999984,1,2,1.0
1724157094445616800,1,355.59,462.26,463.1000000000001,55.789999999999964,1,2,1.0
1724157094520291200,1,342.22,462.57,478.43999999999994,58.39000000000004,1,2,1.0
1724157094579352800,1,348.7,461.11,465.58,65.64999999999998,1,2,1.0
1724157094646281100,1,320.8,459.93,491.99999999999994,70.42000000000002,1,2,1.0
1724157094700041900,1,353.08,458.66,462.75000000000006,73.64999999999992,1,2,1.0
1724157094761975200,1,325.5,445.39,491.0,87.95000000000005,1,2,1.0
1724157094835655900,1,302.2,442.22,515.8,91.80999999999995,1,2,1.0
1724157094894368600,1,302.5,438.01,501.99,100.19000000000005,1,2,1.0
1724157094965850600,1,305.4,429.27,508.5,107.99000000000001,1,2,1.0
1724157095017930200,1,302.5,417.6,516.48,122.59000000000003,1,2,1.0
1724157095101394900,1,311.83,418.55,507.77000000000004,122.15000000000003,1,2,1.0
1724157095153437700,1,312.4,419.3,508.80000000000007,120.90000000000003,1,2,1.0
1724157095210199800,1,329.1,420.8,470.9,122.99999999999994,1,2,1.0
1724157095280081600,1,326.55,421.83,494.95,120.87000000000006,1,2,1.0
1724157095341067600,1,338.5,420.2,459.70000000000005,121.69999999999999,1,2,1.0
1724157095418746400,1,333.07,414.83,462.14000000000004,127.25000000000006,1,2,1.0
1724157095467732200,1,331.73,411.61,469.09000000000003,128.63,1,2,1.0
1724157095540701100,1,328.3,408.4,489.7,133.82000000000005,1,2,1.0
1724157095614131900,1,332.7,411.46,469.58,134.24000000000007,1,2,1.0
1724157095677764500,1,323.6,406.62,487.79999999999995,133.02999999999997,1,2,1.0
1724157095727799300,1,330.18,411.74,481.82,129.18999999999994,1,2,1.0
1724157095795963400,1,325.1,417.59,495.1,124.91000000000003,1,2,1.0
1724157095855257100,1,326.0,415.45,492.4,125.12000000000006,1,2,1.0
1724157095913671200,1,325.7,416.7,494.2,122.50000000000006,1,2,1.0
1724157095982911100,1,350.6,423.41,469.79999999999995,120.19,1,2,1.0
1724157096049960000,1,368.5,425.6,451.79999999999995,117.29999999999995,1,2,1.0
1724157096160790800,1,379.18,425.07,440.11999999999995,116.43,1,2,1.0
1724157096215159800,1,359.31,428.86,459.79,112.53999999999996,1,2,1.0
1724157096266360300,1,372.4,440.83,442.77,97.95999999999998,1,2,1.0
1724157096326954000,1,373.73,442.59,443.47,96.00000000000006,1,2,1.0
1724157096374673700,1,369.99,435.7,449.90999999999997,96.85999999999996,1,2,1.0
1724157096427510900,1,368.25,446.0,445.54999999999995,87.5,1,2,1.0
1724157096628982000,1,364.67,446.73,448.73999999999995,86.94999999999993,1,2,1.0
1724157096644722200,1,363.79,443.95,453.23999999999995,90.59999999999997,1,2,1.0
1724157096702798300,1,344.45,445.84,471.17,88.53000000000003,1,2,1.0
1724157096749392400,1,291.7,439.74,524.5999999999999,92.52999999999997,1,2,1.0
1724157096813193100,1,294.0,436.77,518.48,99.80000000000007,1,2,1.0
1724157096846895100,1,372.01,450.31,441.63,87.15000000000003,1,2,1.0
1724157096894267400,1,369.05,452.08,441.95,85.06,1,2,1.0
1724157096945302000,1,295.9,441.3,517.0,95.83999999999997,1,2,1.0
1724157097010329500,1,349.36,454.63,463.30999999999995,87.31000000000006,1,2,1.0
1724157097070846500,1,296.3,442.74,510.40000000000003,98.24000000000001,1,2,1.0
1724157097136649600,1,295.3,442.99,511.50999999999993,97.5,1,2,1.0
1724157097203574800,1,295.3,442.99,511.50999999999993,97.5,1,2,1.0
1724157097265544100,1,300.1,447.6,501.72,95.76999999999998,1,2,1.0
1724157097322830300,1,299.1,447.3,497.72,98.94999999999999,1,2,1.0
1724157097397317300,1,302.9,447.9,494.47,98.01999999999998,1,2,1.0
1724157097454933300,1,301.5,447.3,491.12,101.32,1,2,1.0
1724157097514069800,1,322.6,466.6,472.11,83.70999999999992,1,2,1.0
1724157097582529100,1,320.2,462.69,476.8,88.88000000000005,1,2,1.0
1724157097645457300,1,322.3,466.1,479.3,87.89999999999998,1,2,1.0
1724157097712982600,1,349.59,470.57,447.31,83.50000000000006,1,2,1.0
1724157097774693900,1,343.15,475.2,453.23,80.53000000000003,1,2,1.0
1724157097836584300,1,343.25,475.38,443.4,80.96000000000004,1,2,1.0
1724157097902946800,1,347.2,479.08,448.28000000000003,78.11000000000007,1,2,1.0
1724157097974624700,1,331.7,472.94,462.47999999999996,84.18,1,2,1.0
1724157098037126200,1,355.99,481.16,432.91999999999996,79.63999999999993,1,2,1.0
1724157098101852100,1,358.93,482.92,439.17,79.12999999999994,1,2,1.0
1724157098158796400,1,353.55,484.12,441.55,77.25999999999999,1,2,1.0
1724157098217875800,1,338.83,481.72,453.46999999999997,79.95999999999992,1,2,1.0
1724157098284002400,1,346.11,484.05,448.18999999999994,78.46999999999997,1,2,1.0
1724157098349200800,1,343.6,488.5,452.19999999999993,74.88999999999999,1,2,1.0
1724157098414858200,1,344.4,489.8,449.4,75.07999999999998,1,2,1.0
1724157098477511300,1,349.29,485.98,436.41,79.46000000000004,1,2,1.0
1724157098549622000,1,396.8,484.9,396.99999999999994,81.88999999999999,1,2,1.0
1724157098615042400,1,418.23,491.89,365.54999999999995,74.93000000000006,1,2,1.0
1724157098667257300,1,353.98,485.14,438.62,81.86000000000001,1,2,1.0
1724157098734623700,1,346.14,486.78,447.26,81.74000000000001,1,2,1.0
1724157098804688500,1,349.35,484.32,444.35,84.43,1,2,1.0
1724157098878034700,1,417.84,494.44,367.06,73.28000000000003,1,2,1.0
1724157098926593700,1,424.9,492.76,370.4,76.56000000000006,1,2,1.0
1724157098987664500,1,355.9,489.48,429.5,77.88,1,2,1.0
1724157099057875500,1,355.23,491.35,431.56999999999994,76.56999999999994,1,2,1.0
1724157099118229500,1,358.72,492.36,429.17999999999995,75.22000000000003,1,2,1.0
1724157099185205000,1,364.24,494.01,422.26,73.95000000000005,1,2,1.0
1724157099246366300,1,360.87,493.73,423.33000000000004,74.63,1,2,1.0
1724157099310639700,1,358.1,494.82,427.1,73.71999999999997,1,2,1.0
1724157099377806400,1,364.51,495.41,418.69000000000005,73.13999999999993,1,2,1.0
1724157099437372800,1,362.41,496.06,420.59,74.24999999999994,1,2,1.0
1724157099503720700,1,361.9,489.99,415.4,79.95000000000005,1,2,1.0
1724157099562573400,1,360.49,495.0,420.11,76.08000000000004,1,2,1.0
1724157099626982500,1,359.5,496.43,420.1,72.62999999999994,1,2,1.0
1724157099692898700,1,402.8,493.55,378.3,77.44,1,2,1.0
1724157099761131100,1,406.7,496.11,373.59999999999997,72.54999999999995,1,2,1.0
1724157099826190400,1,384.98,495.51,391.78999999999996,74.32000000000005,1,2,1.0
1724157099891431400,1,385.62,497.87,388.91999999999996,72.16999999999996,1,2,1.0
1724157100085423200,1,361.97,497.62,417.03,71.15999999999997,1,2,1.0
1724157100098029800,1,363.8,487.78,414.90000000000003,80.85000000000002,1,2,1.0
1724157100161843100,1,367.27,495.98,414.13,72.94999999999993,1,2,1.0
1724157100205168700,1,372.08,496.33,406.71999999999997,75.96999999999997,1,2,1.0
1724157100251532500,1,372.2,494.91,409.50000000000006,77.48999999999995,1,2,1.0
1724157100312841700,1,404.7,491.94,376.3,78.06,1,2,1.0
1724157100358989600,1,378.8,493.2,401.7,77.90000000000003,1,2,1.0
1724157100406611900,1,390.53,492.78,391.6700000000001,77.82000000000005,1,2,1.0
1724157100464360000,1,411.99,493.39,370.51,76.90999999999997,1,2,1.0
1724157100534104800,1,384.4,495.27,397.1,71.13,1,2,1.0
1724157100594321200,1,376.83,496.5,408.37000000000006,74.29999999999995,1,2,1.0
1724157100653865100,1,375.01,498.94,408.78999999999996,71.45999999999998,1,2,1.0
1724157100716713500,1,377.14,498.13,407.15999999999997,70.76999999999998,1,2,1.0
1724157100790132500,1,378.42,495.31,404.08,75.48999999999995,1,2,1.0
1724157100852404400,1,430.24,499.86,354.36,70.03999999999996,1,2,1.0
1724157100924584300,1,374.3,500.17,397.99999999999994,70.32999999999998,1,2,1.0
1724157100990194300,1,372.1,498.63,415.9,71.37,1,2,1.0
1724157101044213100,1,385.7,498.07,400.09999999999997,72.13000000000005,1,2,1.0
1724157101098100500,1,364.6,495.65,419.5,74.14999999999998,1,2,1.0
1724157101164961900,1,391.79,498.02,390.91,72.58000000000004,1,2,1.0
1724157101241569500,1,403.16,496.82,380.23999999999995,72.88000000000005,1,2,1.0
1724157101303011300,1,369.3,496.55,417.49999999999994,74.55000000000001,1,2,1.0
1724157101367163600,1,368.81,498.87,416.48999999999995,68.92999999999995,1,2,1.0
1724157101419644500,1,380.26,498.7,405.44000000000005,71.40000000000003,1,2,1.0
1724157101492320900,1,379.13,499.18,408.66999999999996,71.82,1,2,1.0
1724157101558728600,1,377.53,500.06,407.37,68.23999999999995,1,2,1.0
1724157101614335600,1,378.79,499.65,406.21,71.14999999999998,1,2,1.0
1724157101681729400,1,376.87,499.9,411.63,70.39999999999998,1,2,1.0
1724157101740458400,1,372.19,499.02,418.41,68.58000000000004,1,2,1.0
1724157101805760500,1,403.75,498.67,384.75,68.43,1,2,1.0
1724157101875095700,1,386.82,500.7,402.88000000000005,65.40000000000003,1,2,1.0
1724157101943003100,1,366.36,497.68,424.03999999999996,68.11999999999995,1,2,1.0
1724157101995601100,1,400.79,499.47,391.21,66.23000000000002,1,2,1.0
1724157102078662300,1,376.53,499.01,409.37,63.190000000000055,1,2,1.0
1724157102127113800,1,377.75,500.89,416.85,61.40999999999997,1,2,1.0
1724157102196267600,1,376.47,499.43,420.03,61.96999999999997,1,2,1.0
1724157102250454300,1,388.09,499.24,408.51000000000005,61.360000000000014,1,2,1.0
1724157102321537400,1,370.69,498.47,426.71,59.129999999999995,1,2,1.0
1724157102387549800,1,378.97,497.52,419.92999999999995,62.48000000000002,1,2,1.0
1724157102516468500,1,370.8,498.26,411.99999999999994,60.74000000000001,1,2,1.0
1724157102560358000,1,389.87,497.33,411.23,61.37000000000006,1,2,1.0
1724157102619677100,1,400.24,498.1,383.98,59.91999999999996,1,2,1.0
1724157102667245900,1,369.93,497.9,432.67,59.89999999999998,1,2,1.0
1724157102727994100,1,374.82,497.23,427.68,59.66999999999996,1,2,1.0
1724157102775864700,1,390.84,495.59,395.66,58.86000000000007,1,2,1.0
1724157102833236100,1,367.43,496.61,420.57,59.789999999999964,1,2,1.0
1724157102890518100,1,368.45,495.66,420.01000000000005,57.079999999999984,1,2,1.0
1724157102956952400,1,374.95,497.33,412.16,59.61000000000007,1,2,1.0
1724157103025605500,1,380.08,495.95,411.77000000000004,58.29000000000002,1,2,1.0
1724157103084932200,1,368.71,496.86,422.66,58.360000000000014,1,2,1.0
1724157103145882200,1,392.79,498.03,401.88999999999993,54.85000000000002,1,2,1.0
1724157103238186000,1,359.0,493.46,437.5,62.839999999999975,1,2,1.0
1724157103275223900,1,388.46,495.07,409.94,59.03000000000003,1,2,1.0
1724157103338101100,1,398.1,496.13,403.4,58.16999999999996,1,2,1.0
1724157103406572600,1,391.3,495.14,408.17,58.360000000000014,1,2,1.0
1724157103483829300,1,359.45,491.75,440.85999999999996,62.33000000000004,1,2,1.0
1724157103530000900,1,356.7,491.75,443.60999999999996,62.33000000000004,1,2,1.0
1724157103597750700,1,358.02,490.2,443.45000000000005,60.44,1,2,1.0
1724157103658497100,1,359.1,492.57,447.0,61.829999999999984,1,2,1.0
1724157103726749200,1,357.66,488.57,432.04,64.22999999999996,1,2,1.0
1724157103786095000,1,358.96,489.44,448.04,62.45999999999998,1,2,1.0
1724157103863275800,1,360.82,492.13,447.97999999999996,60.97000000000003,1,2,1.0
1724157103920379800,1,356.33,493.2,437.96999999999997,58.50000000000006,1,2,1.0
1724157103986305400,1,369.62,498.04,438.28,50.95999999999998,1,2,1.0
1724157104042047600,1,363.5,491.7,447.4,58.400000000000034,1,2,1.0
1724157104117374800,1,362.18,496.42,451.82,53.079999999999984,1,2,1.0
1724157104180620300,1,363.84,496.94,445.26000000000005,51.85999999999996,1,2,1.0
1724157104241193200,1,366.9,496.39,445.20000000000005,50.710000000000036,1,2,1.0
1724157104306932300,1,369.06,495.81,443.94,55.089999999999975,1,2,1.0
1724157104361572100,1,370.31,493.76,434.19,57.34000000000003,1,2,1.0
1724157104434217700,1,370.33,493.43,433.27000000000004,57.46999999999997,1,2,1.0
1724157104492784200,1,373.03,493.92,441.47,56.68000000000001,1,2,1.0
1724157104555565200,1,374.15,496.02,442.95000000000005,54.680000000000064,1,2,1.0
1724157104651940500,1,377.7,492.32,410.7,58.28000000000003,1,2,1.0
1724157104685032000,1,374.71,490.68,412.79,58.920000000000016,1,2,1.0
1724157104746576500,1,374.81,494.53,413.19,56.26999999999998,1,2,1.0
1724157104813697500,1,379.18,496.18,407.59,56.22999999999996,1,2,1.0
1724157104887895800,1,381.16,494.48,403.56,59.77999999999997,1,2,1.0
1724157104949828900,1,389.9,497.62,401.4,53.98000000000002,1,2,1.0
1724157105007232000,1,390.65,491.06,390.9,61.45999999999998,1,2,1.0
1724157105073174800,1,387.24,495.25,399.45000000000005,54.33000000000004,1,2,1.0
1724157105141270600,1,367.84,497.99,417.84,55.860000000000014,1,2,1.0
1724157105199509500,1,383.66,498.79,402.28000000000003,54.599999999999966,1,2,1.0
1724157105289059000,1,378.7,494.64,402.92,56.370000000000005,1,2,1.0
1724157105331021300,1,389.29,492.54,391.71,60.589999999999975,1,2,1.0
1724157105411118900,1,383.93,494.48,400.71999999999997,58.93999999999994,1,2,1.0
1724157105516622000,1,385.61,496.17,400.84000000000003,54.509999999999934,1,2,1.0
1724157105577655900,1,402.02,496.97,382.33000000000004,54.27999999999997,1,2,1.0
1724157105638229200,1,388.27,500.12,400.07000000000005,49.559999999999945,1,2,1.0
1724157105726750500,1,382.2,499.13,414.2,50.26999999999998,1,2,1.0
1724157105759828100,1,385.7,500.52,411.29,47.89999999999998,1,2,1.0
1724157105812025500,1,390.3,500.52,399.09999999999997,47.379999999999995,1,2,1.0
1724157105864081800,1,394.4,502.97,403.80000000000007,46.02999999999997,1,2,1.0
1724157105925406700,1,399.51,502.39,383.52,47.56000000000006,1,2,1.0
1724157105989795700,1,396.56,503.69,388.97999999999996,43.88000000000005,1,2,1.0
1724157106055089000,1,394.4,502.82,396.80000000000007,46.68000000000001,1,2,1.0
1724157106102125200,1,393.83,500.07,383.26000000000005,47.29000000000002,1,2,1.0
1724157106154039900,1,397.03,503.84,389.99,46.62000000000006,1,2,1.0
1724157106222037900,1,394.57,503.37,390.50000000000006,47.539999999999964,1,2,1.0
1724157106283673400,1,400.6,504.07,386.4,45.93000000000001,1,2,1.0
1724157106347721600,1,398.59,508.67,387.11000000000007,42.829999999999984,1,2,1.0
1724157106420304600,1,396.09,509.08,384.83,42.70999999999998,1,2,1.0
1724157106481950300,1,397.81,510.72,381.21999999999997,40.44999999999993,1,2,1.0
1724157106541814000,1,397.59,510.21,387.3,44.480000000000075,1,2,1.0
1724157106606258600,1,402.72,513.98,385.5799999999999,39.22000000000003,1,2,1.0
1724157106679785900,1,407.48,515.51,376.86,36.950000000000045,1,2,1.0
1724157106736270200,1,408.93,516.83,389.57,36.569999999999936,1,2,1.0
1724157106794671600,1,407.78,520.7,377.4200000000001,31.5,1,2,1.0
1724157106863101200,1,410.27,523.06,370.23,31.340000000000032,1,2,1.0
1724157106935026000,1,412.43,521.65,373.67,31.75,1,2,1.0
1724157106990176100,1,408.66,523.96,371.66,29.149999999999977,1,2,1.0
1724157107054307500,1,418.42,521.67,363.59999999999997,33.31000000000006,1,2,1.0
1724157107115860800,1,447.54,522.22,331.60999999999996,33.559999999999945,1,2,1.0
1724157107183064200,1,418.57,523.57,362.43,31.449999999999932,1,2,1.0
1724157107242532500,1,418.55,522.97,361.60999999999996,34.819999999999936,1,2,1.0
1724157107316887500,1,416.52,526.08,360.44000000000005,29.68999999999994,1,2,1.0
1724157107389654800,1,414.4,525.99,365.71000000000004,30.93999999999994,1,2,1.0
1724157107440395100,1,417.61,524.44,364.39,36.559999999999945,1,2,1.0
1724157107522526000,1,418.45,529.26,366.05,31.139999999999986,1,2,1.0
1724157107571510800,1,423.94,529.07,358.35999999999996,30.42999999999995,1,2,1.0
1724157107648420500,1,429.86,528.44,358.14,31.659999999999968,1,2,1.0
1724157107825736200,1,425.3,526.69,359.99999999999994,34.40999999999997,1,2,1.0
1724157107843222600,1,428.72,531.3,362.5799999999999,31.0,1,2,1.0
1724157107888325000,1,424.94,529.01,363.76000000000005,31.99000000000001,1,2,1.0
1724157107953749700,1,429.9,532.06,360.9,29.980000000000018,1,2,1.0
1724157108004361200,1,429.23,533.8,366.37,29.33000000000004,1,2,1.0
1724157108040638400,1,432.61,530.15,361.78999999999996,32.129999999999995,1,2,1.0
1724157108106209800,1,430.26,532.29,366.24,31.850000000000023,1,2,1.0
1724157108149106200,1,428.57,530.1,369.13000000000005,33.32999999999993,1,2,1.0
1724157108203912800,1,431.24,526.86,366.05999999999995,38.43999999999994,1,2,1.0
1724157108271149000,1,433.65,525.21,364.05000000000007,41.389999999999986,1,2,1.0
1724157108334847800,1,430.37,528.21,355.03,39.289999999999964,1,2,1.0
1724157108395498100,1,430.77,535.43,358.03,29.840000000000032,1,2,1.0
1724157108460103200,1,436.05,534.31,352.05,31.260000000000105,1,2,1.0
1724157108523717900,1,435.94,527.99,355.46,38.5,1,2,1.0
1724157108589677500,1,437.6,533.73,355.19999999999993,33.77999999999997,1,2,1.0
1724157108654162400,1,436.35,526.25,356.44999999999993,42.76999999999998,1,2,1.0
1724157108715465700,1,434.07,528.51,355.22999999999996,38.58000000000004,1,2,1.0
1724157108789288400,1,438.51,527.17,351.19000000000005,42.79000000000008,1,2,1.0
1724157108850009000,1,436.85,524.01,361.85,44.66999999999996,1,2,1.0
1724157108908723600,1,440.55,525.24,354.05,45.51999999999998,1,2,1.0
1724157108977153000,1,440.62,533.3,356.17999999999995,38.09000000000003,1,2,1.0
1724157109043497600,1,434.6,528.07,361.69999999999993,43.059999999999945,1,2,1.0
1724157109102124100,1,438.47,529.88,355.3299999999999,42.47000000000003,1,2,1.0
1724157109178101500,1,439.4,530.0,353.1,41.89999999999998,1,2,1.0
1724157109226215600,1,440.79,528.06,350.81,44.84000000000003,1,2,1.0
1724157109296092600,1,441.79,526.9,348.91,49.34000000000003,1,2,1.0
1724157109357970600,1,443.86,528.95,349.64,45.44999999999993,1,2,1.0
1724157109420014900,1,448.63,535.76,344.57000000000005,42.74000000000001,1,2,1.0
1724157109491424400,1,441.3,535.76,351.40000000000003,42.74000000000001,1,2,1.0
1724157109560839800,1,442.4,540.92,336.30000000000007,35.210000000000036,1,2,1.0
1724157109613677200,1,444.33,542.4,333.77000000000004,33.879999999999995,1,2,1.0
1724157109677239600,1,445.02,541.89,331.88,34.47000000000003,1,2,1.0
1724157109744240200,1,443.05,543.1,331.45,32.50999999999999,1,2,1.0
1724157109805918200,1,440.86,541.07,335.35,32.93999999999994,1,2,1.0
1724157109869468600,1,444.3,541.96,329.33,35.34999999999991,1,2,1.0
1724157109933706400,1,443.79,544.29,330.16,33.139999999999986,1,2,1.0
1724157110000298400,1,447.13,542.99,324.37,34.460000000000036,1,2,1.0
1724157110061558200,1,435.23,534.24,341.84000000000003,42.200000000000045,1,2,1.0
1724157110123505800,1,437.36,539.03,336.53999999999996,38.16000000000008,1,2,1.0
1724157110186713200,1,447.99,541.15,332.40999999999997,37.04000000000008,1,2,1.0
1724157110250667900,1,438.6,541.84,336.90999999999997,34.93999999999994,1,2,1.0
1724157110317352200,1,434.85,541.04,341.35,34.66000000000008,1,2,1.0
1724157110384612600,1,435.88,544.37,333.72,31.899999999999977,1,2,1.0
1724157110444391200,1,436.87,545.17,328.73,32.930000000000064,1,2,1.0
1724157110519822600,1,438.13,543.94,330.20000000000005,34.3599999999999,1,2,1.0
1724157110574129000,1,443.18,544.81,327.96999999999997,35.190000000000055,1,2,1.0
1724157110685823200,1,444.53,546.31,323.25,30.99000000000001,1,2,1.0
1724157110739253800,1,443.43,545.14,328.96999999999997,32.25999999999999,1,2,1.0
1724157110803405100,1,453.27,543.83,316.0,34.75,1,2,1.0
1724157110837083600,1,443.71,540.89,331.04,39.110000000000014,1,2,1.0
1724157110911969600,1,443.14,543.75,322.86,35.85000000000002,1,2,1.0
1724157110959757700,1,441.64,543.73,322.65999999999997,34.26999999999998,1,2,1.0
1724157111037622000,1,445.1,541.83,323.34000000000003,37.17999999999995,1,2,1.0
1724157111088937700,1,446.08,544.73,321.47999999999996,35.870000000000005,1,2,1.0
1724157111155440600,1,441.67,544.05,327.15000000000003,35.55000000000007,1,2,1.0
1724157111219081800,1,442.67,543.13,316.04,34.75,1,2,1.0
1724157111301193300,1,446.62,541.49,317.33000000000004,37.33000000000004,1,2,1.0
1724157111353073100,1,453.18,540.22,316.18,38.64999999999998,1,2,1.0
1724157111402487400,1,441.42,541.05,325.18,37.85000000000002,1,2,1.0
1724157111471892600,1,446.7,539.87,325.71,42.83000000000004,1,2,1.0
1724157111529047300,1,443.27,540.67,332.36,37.690000000000055,1,2,1.0
1724157111601649200,1,447.49,539.71,321.70000000000005,39.27999999999997,1,2,1.0
1724157111662197000,1,446.72,540.52,323.28,39.47000000000003,1,2,1.0
1724157111723462300,1,447.03,540.89,331.27,41.700000000000045,1,2,1.0
1724157111799423100,1,451.09,541.62,322.1000000000001,38.72000000000003,1,2,1.0
1724157111856409500,1,448.69,542.52,320.25000000000006,36.620000000000005,1,2,1.0
1724157111917263700,1,447.41,540.09,321.79,39.07999999999993,1,2,1.0
1724157111981797600,1,448.01,539.89,304.90999999999997,41.200000000000045,1,2,1.0
1724157112045412500,1,446.2,540.72,326.55,39.52999999999997,1,2,1.0
1724157112116870600,1,439.42,540.2,345.78000000000003,38.25999999999999,1,2,1.0
1724157112195272200,1,440.67,541.24,344.53000000000003,37.65999999999997,1,2,1.0
1724157112235750700,1,442.19,540.16,325.75000000000006,40.50999999999999,1,2,1.0
1724157112313540100,1,435.18,539.01,337.90000000000003,39.77999999999997,1,2,1.0
1724157112373891100,1,436.95,538.71,343.96999999999997,38.379999999999995,1,2,1.0
1724157112433332800,1,439.46,539.84,340.06,38.75,1,2,1.0
1724157112493750000,1,441.21,537.02,329.00000000000006,41.82000000000005,1,2,1.0
1724157112561791200,1,439.6,536.99,326.86,40.64999999999998,1,2,1.0
1724157112619624700,1,439.15,537.66,320.25,38.75,1,2,1.0
1724157112686259000,1,436.33,535.1,342.63000000000005,42.82999999999993,1,2,1.0
1724157112751447800,1,435.76,538.6,346.15999999999997,37.07999999999993,1,2,1.0
1724157112809980800,1,430.7,538.06,352.81,37.15000000000009,1,2,1.0
1724157112875110100,1,433.81,537.09,354.08,38.360000000000014,1,2,1.0
1724157112943279700,1,435.17,534.71,349.11999999999995,40.90999999999997,1,2,1.0
1724157113003955300,1,435.99,536.18,343.54999999999995,38.81000000000006,1,2,1.0
1724157113099415600,1,438.18,535.06,347.78000000000003,39.91000000000008,1,2,1.0
1724157113143888900,1,430.74,532.64,358.17999999999995,41.360000000000014,1,2,1.0
1724157113212150800,1,432.56,532.61,355.74999999999994,40.93999999999994,1,2,1.0
1724157113259493200,1,437.05,533.32,342.74999999999994,40.18999999999994,1,2,1.0
1724157113322640100,1,432.48,533.24,341.02,42.14999999999998,1,2,1.0
1724157113388837500,1,426.42,533.17,356.22999999999996,41.05000000000007,1,2,1.0
1724157113455110800,1,427.92,532.81,353.72999999999996,40.13000000000011,1,2,1.0
1724157113516661600,1,431.22,532.23,350.5799999999999,40.93999999999994,1,2,1.0
1724157113593705700,1,424.43,531.5,357.65000000000003,42.10000000000002,1,2,1.0
1724157113684018400,1,429.84,530.61,351.74000000000007,41.59000000000003,1,2,1.0
1724157113742606100,1,432.78,532.12,340.26,41.08000000000004,1,2,1.0
1724157113794399300,1,434.03,532.52,330.1,40.49000000000001,1,2,1.0
1724157113845454900,1,432.29,532.51,341.31,39.59000000000003,1,2,1.0
1724157113910133500,1,440.24,531.72,326.11,40.27999999999997,1,2,1.0
1724157113964103100,1,437.67,531.27,345.46999999999997,41.930000000000064,1,2,1.0
1724157114027899100,1,438.02,529.4,346.21000000000004,43.10000000000002,1,2,1.0
1724157114094071600,1,431.1,528.63,351.04999999999995,41.25999999999999,1,2,1.0
1724157114160755000,1,433.47,529.54,340.79999999999995,40.700000000000045,1,2,1.0
1724157114224005400,1,440.13,528.31,336.15,39.770000000000095,1,2,1.0
1724157114286395900,1,444.24,527.54,336.77,45.860000000000014,1,2,1.0
1724157114351824200,1,432.17,526.08,351.84999999999997,44.91999999999996,1,2,1.0
1724157114417450500,1,432.55,529.33,349.95,38.39999999999998,1,2,1.0
1724157114481439400,1,441.17,528.12,345.62999999999994,42.059999999999945,1,2,1.0
1724157114550185900,1,438.24,527.09,355.80999999999995,43.289999999999964,1,2,1.0
1724157114616944100,1,435.91,528.56,363.3999999999999,41.010000000000105,1,2,1.0
1724157114681591500,1,438.26,524.51,358.86,46.950000000000045,1,2,1.0
1724157114731174600,1,439.38,524.97,344.02,45.049999999999955,1,2,1.0
1724157114801552300,1,441.54,524.74,341.7699999999999,45.72000000000003,1,2,1.0
1724157114858095800,1,440.37,523.78,357.91999999999996,46.379999999999995,1,2,1.0
1724157114922172600,1,433.6,523.6,367.16999999999996,45.32999999999993,1,2,1.0
1724157114988988200,1,437.1,520.72,362.44999999999993,50.789999999999964,1,2,1.0
1724157115051735800,1,441.21,519.07,355.33,52.59999999999991,1,2,1.0
1724157115117093200,1,440.26,520.22,360.02,50.039999999999964,1,2,1.0
1724157115185985200,1,439.18,518.72,360.16,52.799999999999955,1,2,1.0
1724157115241997500,1,446.88,521.27,348.24,50.210000000000036,1,2,1.0
1724157115319412100,1,442.1,516.96,356.84000000000003,55.01999999999998,1,2,1.0
1724157115380599200,1,439.2,515.66,363.37000000000006,55.25999999999999,1,2,1.0
1724157115444195800,1,442.11,519.78,364.81999999999994,55.83000000000004,1,2,1.0
1724157115504720200,1,444.17,520.53,364.92,54.35000000000002,1,2,1.0
1724157115562536600,1,439.5,519.7,373.80999999999995,53.93999999999994,1,2,1.0
1724157115632965500,1,444.99,515.42,368.22,61.450000000000045,1,2,1.0
1724157115694044300,1,441.82,520.31,369.32,55.90000000000009,1,2,1.0
1724157115766027400,1,441.57,519.13,367.51000000000005,56.50999999999999,1,2,1.0
1724157115825833700,1,440.7,515.01,368.89000000000004,61.99000000000001,1,2,1.0
1724157115882542300,1,446.04,511.25,363.65000000000003,65.49000000000001,1,2,1.0
1724157115965233300,1,445.08,509.37,361.28000000000003,66.99000000000001,1,2,1.0
1724157116017625100,1,444.5,511.29,362.94000000000005,65.32999999999998,1,2,1.0
1724157116086488300,1,439.44,523.1,363.16,48.69999999999993,1,2,1.0
1724157116138632200,1,440.48,525.48,348.62,46.620000000000005,1,2,1.0
1724157116206171500,1,436.93,522.83,367.57,51.33999999999992,1,2,1.0
1724157116270372100,1,440.17,524.37,363.43,48.52999999999997,1,2,1.0
1724157116333415900,1,444.17,523.11,348.18,45.620000000000005,1,2,1.0
1724157116399589900,1,431.74,522.49,366.08000000000004,46.50999999999999,1,2,1.0
1724157116461598200,1,432.72,525.08,368.28,43.69999999999993,1,2,1.0
1724157116525592000,1,429.53,528.85,368.93000000000006,37.02999999999997,1,2,1.0
1724157116598979800,1,434.48,526.19,363.44999999999993,41.489999999999895,1,2,1.0
1724157116654695700,1,436.26,527.94,361.52,40.67999999999995,1,2,1.0
1724157116724888400,1,438.4,526.94,363.97,40.979999999999905,1,2,1.0
1724157116784654100,1,437.3,524.3,365.82,45.10000000000002,1,2,1.0
1724157116850581200,1,432.47,523.65,371.05999999999995,44.85000000000002,1,2,1.0
1724157116918162600,1,433.59,524.63,367.4800000000001,44.16999999999996,1,2,1.0
1724157116975262500,1,432.79,524.6,369.25999999999993,44.299999999999955,1,2,1.0
1724157117039210300,1,433.37,525.15,373.96000000000004,42.72000000000003,1,2,1.0
1724157117106537200,1,436.42,523.98,366.94,44.15999999999997,1,2,1.0
1724157117169817300,1,449.91,526.07,342.0199999999999,41.129999999999995,1,2,1.0
1724157117228921100,1,435.07,521.73,378.67,44.110000000000014,1,2,1.0
1724157117307356200,1,432.46,521.88,380.9800000000001,44.97000000000003,1,2,1.0
1724157117357964800,1,429.42,519.19,385.18,48.44999999999993,1,2,1.0
1724157117425617100,1,433.06,525.11,368.23999999999995,41.059999999999945,1,2,1.0
1724157117485058000,1,431.77,523.19,373.47,42.86999999999989,1,2,1.0
1724157117549180800,1,424.43,525.96,379.41,40.64999999999998,1,2,1.0
1724157117617108900,1,432.77,525.5,377.03,41.110000000000014,1,2,1.0
1724157117681005200,1,431.86,524.5,351.21000000000004,42.0,1,2,1.0
1724157117739080500,1,423.45,523.73,361.65000000000003,42.50999999999999,1,2,1.0
1724157117809083400,1,439.06,522.99,339.35999999999996,42.42999999999995,1,2,1.0
1724157117869064800,1,439.17,524.79,358.33,43.180000000000064,1,2,1.0
1724157117933215200,1,433.23,522.41,369.37,44.07000000000005,1,2,1.0
1724157117998693100,1,434.01,517.89,368.28999999999996,48.81000000000006,1,2,1.0
1724157118079336100,1,433.65,523.11,367.88,42.51999999999998,1,2,1.0
1724157118126728000,1,439.02,523.29,359.24,45.200000000000045,1,2,1.0
1724157118246094200,1,436.08,524.16,363.64000000000004,42.41000000000008,1,2,1.0
1724157118317513100,1,429.06,523.64,366.72999999999996,42.97000000000003,1,2,1.0
1724157118374687300,1,425.45,522.81,373.99000000000007,40.010000000000105,1,2,1.0
1724157118441545200,1,426.78,523.21,372.12,41.75999999999999,1,2,1.0
1724157118497109900,1,424.6,523.29,376.01,43.0,1,2,1.0
1724157118515092200,1,436.86,522.96,362.24,42.559999999999945,1,2,1.0
1724157118583954500,1,435.95,521.77,357.53000000000003,46.34000000000003,1,2,1.0
1724157118642869700,1,418.57,521.73,360.31,43.319999999999936,1,2,1.0
1724157118699170900,1,429.15,520.62,360.63,45.27999999999997,1,2,1.0
1724157118767191200,1,431.09,519.78,368.51000000000005,46.120000000000005,1,2,1.0
1724157118894729500,1,425.1,520.37,387.7099999999999,44.50999999999999,1,2,1.0
1724157118971887600,1,426.28,519.83,369.76,46.19999999999993,1,2,1.0
1724157119019374100,1,423.95,518.88,373.43,45.210000000000036,1,2,1.0
1724157119093962000,1,424.01,521.15,374.70000000000005,44.25999999999999,1,2,1.0
1724157119145352100,1,421.91,520.95,384.19,45.64999999999998,1,2,1.0
1724157119196387500,1,423.58,519.92,344.50000000000006,46.58000000000004,1,2,1.0
1724157119258487400,1,424.49,519.89,370.75,45.76999999999998,1,2,1.0
1724157119312619900,1,424.34,516.67,375.19,49.40000000000009,1,2,1.0
1724157119360480300,1,428.55,518.03,363.41,46.24000000000001,1,2,1.0
1724157119406090000,1,427.51,516.59,375.16999999999996,48.110000000000014,1,2,1.0
1724157119467573200,1,427.12,518.21,381.24,45.549999999999955,1,2,1.0
1724157119538860300,1,420.93,518.13,389.28000000000003,45.0,1,2,1.0
1724157119596888500,1,419.94,516.73,391.63000000000005,46.66999999999996,1,2,1.0
1724157119660770000,1,421.75,519.12,345.14,45.879999999999995,1,2,1.0
1724157119722817400,1,417.75,516.5,351.71000000000004,50.799999999999955,1,2,1.0
1724157119796043300,1,420.74,518.39,360.23,49.50999999999999,1,2,1.0
1724157119855432400,1,420.13,516.3,393.21000000000004,45.66000000000008,1,2,1.0
1724157119917606900,1,420.97,514.41,394.44999999999993,49.79000000000008,1,2,1.0
1724157119981152100,1,424.96,516.37,374.8,48.23000000000002,1,2,1.0
1724157120046614000,1,419.35,514.26,387.62,50.84000000000003,1,2,1.0
1724157120116068500,1,425.59,516.47,353.21999999999997,48.73000000000002,1,2,1.0
1724157120180363700,1,423.8,513.05,378.10999999999996,49.74000000000001,1,2,1.0
1724157120235885700,1,415.8,512.95,375.53000000000003,49.25,1,2,1.0
1724157120300757300,1,415.39,513.48,398.13,50.91999999999996,1,2,1.0
1724157120364879100,1,420.34,512.75,391.19,51.049999999999955,1,2,1.0
1724157120426993800,1,418.58,509.64,388.33,51.5,1,2,1.0
1724157120490753900,1,415.58,509.75,379.21,51.190000000000055,1,2,1.0
1724157120556451100,1,413.67,510.78,389.98999999999995,49.75,1,2,1.0
1724157120621814900,1,415.74,513.59,401.55999999999995,49.20999999999992,1,2,1.0
1724157120684234000,1,411.8,511.13,394.8,48.97000000000003,1,2,1.0
1724157120751878500,1,411.19,509.11,412.60999999999996,49.51999999999998,1,2,1.0
1724157120813056000,1,414.1,510.73,394.0,49.069999999999936,1,2,1.0
1724157120878075000,1,413.84,509.72,386.19,47.67999999999995,1,2,1.0
1724157120939508700,1,408.51,511.2,390.04999999999995,46.31999999999999,1,2,1.0
1724157121026828500,1,405.24,510.85,395.26,49.94999999999993,1,2,1.0
1724157121083851000,1,402.01,508.24,406.02,50.960000000000036,1,2,1.0
1724157121130403100,1,399.76,508.08,409.9,47.80000000000001,1,2,1.0
1724157121195429200,1,399.16,507.09,412.36999999999995,48.079999999999984,1,2,1.0
1724157121259222500,1,401.37,505.99,411.96000000000004,49.17999999999995,1,2,1.0
1724157121327367500,1,403.59,508.35,404.12000000000006,46.01999999999998,1,2,1.0
1724157121390734000,1,405.47,503.08,407.27,50.94,1,2,1.0
1724157121452910400,1,406.59,508.93,400.08,45.02000000000004,1,2,1.0
1724157121525518500,1,411.1,505.82,409.02,47.599999999999966,1,2,1.0
1724157121601485700,1,410.26,502.97,408.61,50.40999999999997,1,2,1.0
1724157121649453400,1,407.71,502.63,404.00000000000006,50.539999999999964,1,2,1.0
1724157121708504400,1,413.41,501.06,398.43,51.14000000000004,1,2,1.0
1724157121774153500,1,414.19,501.39,401.81,50.370000000000005,1,2,1.0
1724157121837582100,1,415.75,501.46,400.99,49.829999999999984,1,2,1.0
1724157121897799600,1,413.3,503.23,402.7,47.57999999999993,1,2,1.0
1724157121965152700,1,412.0,503.27,408.92999999999995,47.24000000000001,1,2,1.0
1724157122029840100,1,420.21,500.67,398.41,50.910000000000025,1,2,1.0
1724157122095897800,1,416.65,499.31,405.02,51.30000000000001,1,2,1.0
1724157122160734100,1,410.36,500.04,410.34000000000003,50.44999999999999,1,2,1.0
1724157122218735900,1,408.61,499.89,410.37,49.64999999999998,1,2,1.0
1724157122288457000,1,410.8,497.03,411.47999999999996,54.360000000000014,1,2,1.0
1724157122359291600,1,415.19,497.75,409.15000000000003,53.120000000000005,1,2,1.0
1724157122475972700,1,410.01,498.78,414.58000000000004,51.64999999999998,1,2,1.0
1724157122529736600,1,412.36,497.6,414.91999999999996,53.379999999999995,1,2,1.0
1724157122580030900,1,413.36,499.2,413.34000000000003,50.650000000000034,1,2,1.0
1724157122652652700,1,412.85,496.2,418.35,54.70999999999998,1,2,1.0
1724157122715064400,1,419.89,494.95,414.81000000000006,55.71999999999997,1,2,1.0
1724157122759466400,1,422.41,494.7,411.48999999999995,56.64000000000004,1,2,1.0
1724157122812070900,1,412.47,494.2,403.3299999999999,55.490000000000066,1,2,1.0
1724157122866896000,1,432.34,494.91,403.56,56.69999999999999,1,2,1.0
1724157122926912200,1,415.44,493.83,420.23999999999995,58.80000000000001,1,2,1.0
1724157122986917600,1,414.78,493.47,426.45000000000005,58.33999999999992,1,2,1.0
1724157123070995800,1,422.58,494.46,418.04,59.30000000000001,1,2,1.0
1724157123117274800,1,412.91,491.14,428.22999999999996,61.25999999999999,1,2,1.0
1724157123180187700,1,413.5,487.48,429.5,65.80999999999995,1,2,1.0
1724157123274830400,1,424.79,488.41,416.92,63.86999999999995,1,2,1.0
1724157123312358600,1,412.71,487.78,429.79,65.76999999999998,1,2,1.0
1724157123375781500,1,417.1,488.33,426.88,65.82,1,2,1.0
1724157123444642400,1,424.98,490.4,405.62,64.09000000000003,1,2,1.0
1724157123506773300,1,419.37,487.99,403.40999999999997,65.90999999999997,1,2,1.0
1724157123565085900,1,412.0,489.26,414.13,65.91999999999996,1,2,1.0
1724157123635361200,1,421.6,483.71,405.1,71.34999999999997,1,2,1.0
1724157123704640700,1,435.01,483.62,393.33000000000004,66.78999999999996,1,2,1.0
1724157123754069000,1,421.46,487.83,392.40000000000003,67.11000000000007,1,2,1.0
1724157123817774200,1,419.72,484.22,395.8299999999999,69.38,1,2,1.0
1724157123885667600,1,420.96,485.18,384.12000000000006,68.76000000000005,1,2,1.0
1724157123949582100,1,420.87,485.25,372.65,68.15999999999997,1,2,1.0
1724157124152120300,1,417.9,487.64,392.48,66.75,1,2,1.0
1724157124176693600,1,426.54,486.76,380.15000000000003,68.88,1,2,1.0
1724157124229840900,1,424.23,489.27,413.17999999999995,66.36000000000001,1,2,1.0
1724157124275537300,1,429.81,485.37,402.57,71.63999999999999,1,2,1.0
1724157124318160800,1,422.44,488.65,374.88000000000005,68.22000000000003,1,2,1.0
1724157124380656600,1,421.37,490.71,410.24,65.90000000000003,1,2,1.0
1724157124427859500,1,429.71,485.07,400.50000000000006,70.44999999999999,1,2,1.0
1724157124470818300,1,425.95,487.71,416.84,67.52000000000004,1,2,1.0
1724157124530091500,1,422.04,489.02,401.71,66.09000000000003,1,2,1.0
1724157124593271000,1,419.3,487.86,387.67,68.28999999999996,1,2,1.0
1724157124655096100,1,423.97,486.66,394.74,69.39999999999992,1,2,1.0
1724157124720361500,1,423.8,492.86,403.39000000000004,64.79999999999995,1,2,1.0
1724157124779545500,1,423.74,491.28,395.90999999999997,61.92000000000007,1,2,1.0
1724157124851375700,1,424.65,489.31,399.37,65.93,1,2,1.0
1724157124909154800,1,427.22,490.38,393.06999999999994,66.15999999999997,1,2,1.0
1724157124970146000,1,424.0,487.98,409.71000000000004,69.10000000000002,1,2,1.0
1724157125043316300,1,427.42,488.78,400.84,67.50999999999999,1,2,1.0
1724157125102694900,1,426.53,491.4,406.72,65.15999999999997,1,2,1.0
1724157125170411700,1,425.66,491.21,414.97999999999996,64.57999999999998,1,2,1.0
1724157125233238900,1,422.19,496.65,409.56,57.67000000000007,1,2,1.0
1724157125295729700,1,416.59,496.82,415.7,56.23999999999995,1,2,1.0
1724157125358954300,1,421.92,494.7,411.08,60.47999999999996,1,2,1.0
1724157125435358900,1,419.44,496.16,417.67,59.29000000000002,1,2,1.0
1724157125486187300,1,416.48,495.16,418.15999999999997,59.920000000000016,1,2,1.0
1724157125548171600,1,417.8,496.91,414.10999999999996,56.68000000000001,1,2,1.0
1724157125613305500,1,417.95,501.54,411.62000000000006,52.11999999999995,1,2,1.0
1724157125681502600,1,414.32,505.55,399.84,46.04000000000002,1,2,1.0
1724157125742025100,1,417.1,503.74,391.1,47.59000000000003,1,2,1.0
1724157125803890000,1,413.61,508.4,406.31999999999994,42.49000000000001,1,2,1.0
1724157125869393600,1,413.96,503.36,389.16,47.25,1,2,1.0
1724157125936910000,1,412.1,507.59,394.42999999999995,43.14000000000004,1,2,1.0
1724157125998200100,1,408.58,501.56,399.71999999999997,48.849999999999966,1,2,1.0
1724157126065215200,1,413.71,502.75,402.21999999999997,47.789999999999964,1,2,1.0
1724157126137341400,1,419.12,506.99,379.15,44.710000000000036,1,2,1.0
1724157126199806600,1,417.75,503.83,400.0,46.06999999999999,1,2,1.0
1724157126259449300,1,413.49,500.77,394.14,48.50999999999999,1,2,1.0
1724157126318027500,1,411.7,500.49,388.55,49.18999999999994,1,2,1.0
1724157126444319000,1,413.56,500.65,397.23999999999995,48.860000000000014,1,2,1.0
1724157126493461600,1,421.49,501.91,398.99,47.420000000000016,1,2,1.0
1724157126539442300,1,411.51,500.73,401.21000000000004,47.89999999999998,1,2,1.0
1724157126595186800,1,391.1,498.75,419.34000000000003,51.950000000000045,1,2,1.0
1724157126662042000,1,409.7,501.34,398.12000000000006,46.35000000000008,1,2,1.0
1724157126701421600,1,410.78,501.76,384.01,46.23000000000002,1,2,1.0
1724157126762592500,1,410.29,501.54,400.3,47.70999999999998,1,2,1.0
1724157126833586300,1,410.86,500.9,393.81999999999994,46.72000000000003,1,2,1.0
1724157126901032500,1,394.95,501.45,400.35999999999996,44.96999999999997,1,2,1.0
1724157126960171800,1,385.44,503.54,421.58,42.74999999999994,1,2,1.0
1724157127070335400,1,389.2,505.43,421.33,39.62999999999994,1,2,1.0
1724157127130691500,1,389.2,499.9,401.2,47.0,1,2,1.0
1724157127173504700,1,393.3,499.57,390.8,46.839999999999975,1,2,1.0
1724157127240736900,1,396.5,499.24,403.16999999999996,46.67999999999995,1,2,1.0
1724157127296923600,1,399.84,498.17,401.41,45.81999999999999,1,2,1.0
1724157127340842800,1,398.27,501.94,414.22,41.339999999999975,1,2,1.0
1724157127405557900,1,399.39,501.63,415.51,40.50999999999999,1,2,1.0
1724157127466568900,1,386.9,500.12,405.4,43.629999999999995,1,2,1.0
1724157127534528100,1,396.24,498.45,401.48,46.39000000000004,1,2,1.0
1724157127598155600,1,389.28,496.04,419.44000000000005,48.71999999999997,1,2,1.0
1724157127658993600,1,395.31,496.32,404.59,49.579999999999984,1,2,1.0
1724157127725365500,1,403.56,496.87,373.28000000000003,48.00999999999999,1,2,1.0
1724157127790530100,1,402.64,497.46,384.46000000000004,47.06,1,2,1.0
1724157127852323600,1,409.5,500.38,382.5,44.710000000000036,1,2,1.0
1724157127914979600,1,405.33,500.22,386.87000000000006,40.74000000000001,1,2,1.0
1724157127979363100,1,402.62,503.14,401.79999999999995,39.05000000000007,1,2,1.0
1724157128047949200,1,402.41,499.38,395.17,42.26999999999998,1,2,1.0
1724157128109010900,1,399.49,503.34,400.12,35.89000000000004,1,2,1.0
1724157128180575400,1,399.85,504.25,400.97,35.450000000000045,1,2,1.0
1724157128241009000,1,408.73,503.39,389.61,35.59000000000003,1,2,1.0
1724157128309106100,1,396.59,501.35,403.94,38.0,1,2,1.0
1724157128362391100,1,398.55,502.34,405.04,37.56999999999999,1,2,1.0
1724157128430958700,1,398.66,503.26,400.71,35.99000000000001,1,2,1.0
1724157128494645900,1,391.8,502.99,411.2,37.18999999999994,1,2,1.0
1724157128573122200,1,405.2,498.7,403.31,42.579999999999984,1,2,1.0
1724157128620083200,1,402.24,500.35,398.83000000000004,39.92999999999995,1,2,1.0
1724157128695463000,1,401.76,501.81,399.70000000000005,36.52000000000004,1,2,1.0
1724157128760540700,1,399.6,501.78,411.3299999999999,39.620000000000005,1,2,1.0
1724157128823538700,1,405.36,502.68,400.77,36.69999999999999,1,2,1.0
1724157128882977700,1,405.18,501.35,402.57,37.42999999999995,1,2,1.0
1724157128945380700,1,402.0,500.5,407.64,41.799999999999955,1,2,1.0
1724157129005148400,1,403.7,498.58,401.47999999999996,42.81999999999999,1,2,1.0
1724157129073797700,1,404.9,495.61,399.75,44.89999999999998,1,2,1.0
1724157129133194100,1,398.9,494.59,407.2900000000001,44.400000000000034,1,2,1.0
1724157129201882900,1,406.1,492.63,413.90999999999997,51.50999999999999,1,2,1.0
1724157129260366600,1,412.71,493.33,409.00000000000006,51.839999999999975,1,2,1.0
1724157129324267900,1,409.55,495.81,407.79,50.170000000000016,1,2,1.0
1724157129393876800,1,409.7,497.88,412.68,48.460000000000036,1,2,1.0
1724157129459993600,1,407.1,494.26,410.35,52.10000000000002,1,2,1.0
1724157129520138100,1,402.2,495.73,412.71,49.49000000000001,1,2,1.0
1724157129584651600,1,408.51,496.77,390.18000000000006,49.49000000000001,1,2,1.0
1724157129653498900,1,406.07,497.26,366.60999999999996,46.65999999999997,1,2,1.0
1724157129717896000,1,410.36,495.87,400.90999999999997,50.620000000000005,1,2,1.0
1724157129773042000,1,410.08,494.62,409.52000000000004,52.51999999999998,1,2,1.0
1724157129835564100,1,415.54,492.52,401.7699999999999,51.81000000000006,1,2,1.0
1724157129914501900,1,426.44,493.55,394.33,54.69999999999999,1,2,1.0
1724157129962744900,1,419.34,490.67,394.6000000000001,57.27000000000004,1,2,1.0
1724157130031638900,1,414.32,495.67,407.21,53.11999999999995,1,2,1.0
1724157130107410200,1,416.15,493.39,399.61,55.200000000000045,1,2,1.0
1724157130156399700,1,418.61,495.28,382.64,54.42000000000007,1,2,1.0
1724157130242722700,1,426.68,491.72,393.78000000000003,57.77999999999997,1,2,1.0
1724157130284255200,1,419.77,490.06,404.45000000000005,60.80000000000001,1,2,1.0
1724157130350280700,1,417.69,488.2,411.19,61.52000000000004,1,2,1.0
1724157130415549000,1,420.46,491.53,407.53000000000003,58.81000000000006,1,2,1.0
1724157130490339200,1,421.54,490.19,407.93,61.839999999999975,1,2,1.0
1724157130542406300,1,418.39,489.34,407.56000000000006,61.660000000000025,1,2,1.0
1724157130606433200,1,414.43,488.98,411.79,61.74000000000001,1,2,1.0
1724157130672309700,1,413.61,488.66,396.84000000000003,61.89999999999992,1,2,1.0
1724157130731908200,1,413.08,486.36,413.89000000000004,63.76999999999998,1,2,1.0
1724157130795915300,1,414.22,488.44,413.65,61.329999999999984,1,2,1.0
1724157130867793000,1,425.73,487.62,403.96000000000004,64.60000000000002,1,2,1.0
1724157130923258500,1,420.45,489.53,406.72999999999996,63.60000000000002,1,2,1.0
1724157130990879500,1,414.06,487.39,414.08,64.11000000000001,1,2,1.0
1724157131053830200,1,412.59,488.11,416.2300000000001,62.24000000000001,1,2,1.0
1724157131117461400,1,419.6,484.13,408.56999999999994,68.12,1,2,1.0
1724157131180577700,1,418.21,486.64,412.78000000000003,64.52999999999997,1,2,1.0
1724157131241839700,1,423.4,485.35,410.25,66.12,1,2,1.0
1724157131313542600,1,417.57,489.69,414.3,60.70999999999998,1,2,1.0
1724157131374937300,1,416.24,492.36,418.30999999999995,60.44999999999993,1,2,1.0
1724157131453725300,1,425.48,491.05,410.77,60.579999999999984,1,2,1.0
1724157131515441400,1,436.73,491.85,395.62,58.629999999999995,1,2,1.0
1724157131566701000,1,416.79,493.23,419.48999999999995,59.64999999999998,1,2,1.0
1724157131627892200,1,413.5,493.72,425.12,59.309999999999945,1,2,1.0
1724157131690349100,1,419.89,491.98,416.23,61.34000000000003,1,2,1.0
1724157131897476600,1,412.4,493.42,429.35,60.670000000000016,1,2,1.0
1724157131914672300,1,422.47,491.18,420.8299999999999,61.079999999999984,1,2,1.0
1724157131972121800,1,422.54,489.39,420.06,62.89999999999998,1,2,1.0
1724157132014937600,1,416.87,484.35,427.88,69.11000000000001,1,2,1.0
1724157132076613700,1,419.66,484.27,418.79,66.38999999999999,1,2,1.0
1724157132123513200,1,432.47,483.5,400.74,66.63999999999999,1,2,1.0
1724157132165149000,1,406.7,484.53,424.78000000000003,67.27999999999997,1,2,1.0
1724157132226626300,1,412.3,484.71,423.8,65.24000000000007,1,2,1.0
1724157132299782100,1,417.34,485.93,424.89000000000004,66.64000000000004,1,2,1.0
1724157132347287300,1,416.38,484.41,426.56000000000006,69.74999999999994,1,2,1.0
1724157132428418300,1,412.11,484.92,421.30999999999995,66.91000000000003,1,2,1.0
1724157132465208800,1,414.61,484.31,431.35,67.60999999999996,1,2,1.0
1724157132521679200,1,440.92,486.75,398.06,64.26999999999998,1,2,1.0
1724157132616198700,1,414.8,479.8,434.09999999999997,72.19999999999999,1,2,1.0
1724157132655107800,1,429.45,482.21,423.34,68.88000000000005,1,2,1.0
1724157132719057800,1,432.02,489.96,415.31000000000006,61.52000000000004,1,2,1.0
1724157132784639200,1,439.1,490.08,408.43999999999994,59.650000000000034,1,2,1.0
1724157132844016400,1,411.76,495.55,404.99,54.55000000000001,1,2,1.0
1724157132911249700,1,423.58,496.21,382.12000000000006,55.329999999999984,1,2,1.0
1724157132971348800,1,423.2,493.2,425.3,58.22999999999996,1,2,1.0
1724157133037095200,1,429.78,496.48,407.58000000000004,54.48000000000002,1,2,1.0
1724157133108957000,1,424.39,493.43,423.76,56.579999999999984,1,2,1.0
1724157133175370900,1,414.07,496.48,417.83,52.819999999999936,1,2,1.0
1724157133232727400,1,408.23,497.63,404.17999999999995,50.75,1,2,1.0
1724157133294271300,1,413.44,497.07,421.90000000000003,51.78000000000003,1,2,1.0
1724157133355450400,1,414.8,498.41,400.53000000000003,53.259999999999934,1,2,1.0
1724157133423166200,1,413.74,498.58,382.74,50.94,1,2,1.0
1724157133491424000,1,403.5,497.93,407.70000000000005,53.68000000000001,1,2,1.0
1724157133554909700,1,412.41,498.76,368.79,54.26999999999998,1,2,1.0
1724157133621418000,1,431.83,494.3,407.46999999999997,60.660000000000025,1,2,1.0
1724157133677004200,1,422.33,495.48,403.84999999999997,58.34000000000003,1,2,1.0
1724157133741997300,1,424.25,490.66,371.58000000000004,63.849999999999966,1,2,1.0
1724157133806313700,1,418.49,496.07,394.80999999999995,59.75000000000006,1,2,1.0
1724157133870028200,1,417.9,494.57,388.31000000000006,61.94999999999999,1,2,1.0
1724157133950917800,1,419.96,494.24,388.96999999999997,64.26999999999998,1,2,1.0
1724157134007267400,1,425.28,496.51,350.22,61.0,1,2,1.0
1724157134080993100,1,440.55,489.87,339.24999999999994,68.26999999999998,1,2,1.0
1724157134125068200,1,439.61,493.77,361.84000000000003,63.52999999999997,1,2,1.0
1724157134189636300,1,445.39,494.21,358.21000000000004,65.45999999999998,1,2,1.0
1724157134260818900,1,429.87,493.88,333.91999999999996,65.47000000000003,1,2,1.0
1724157134317100400,1,422.44,495.51,361.16,64.52999999999997,1,2,1.0
1724157134388468200,1,409.76,494.48,385.74,63.69999999999993,1,2,1.0
1724157134443886700,1,413.74,498.94,375.28999999999996,60.849999999999966,1,2,1.0
1724157134513310800,1,402.71,496.92,401.49000000000007,60.759999999999934,1,2,1.0
1724157134570663200,1,418.53,495.57,421.07000000000005,63.849999999999966,1,2,1.0
1724157134645582000,1,406.0,494.87,417.0,62.72000000000003,1,2,1.0
1724157134698962100,1,407.0,493.56,417.0,63.94999999999999,1,2,1.0
1724157134764524900,1,408.61,494.45,418.51,63.349999999999966,1,2,1.0
1724157134828240100,1,407.5,494.03,420.39,63.73000000000002,1,2,1.0
1724157134897371700,1,410.37,490.44,379.90999999999997,67.48999999999995,1,2,1.0
1724157134960376900,1,409.15,494.05,354.98,62.19999999999999,1,2,1.0
1724157135022049900,1,410.65,493.61,366.56000000000006,61.620000000000005,1,2,1.0
1724157135086454300,1,413.5,492.67,375.37,63.70999999999998,1,2,1.0
1724157135151795500,1,415.85,493.3,387.38,62.81999999999999,1,2,1.0
1724157135259594700,1,416.81,497.75,384.05,57.799999999999955,1,2,1.0
1724157135305924700,1,416.64,499.09,396.90999999999997,56.839999999999975,1,2,1.0
1724157135349358900,1,415.73,496.8,373.52,58.98999999999995,1,2,1.0
1724157135415702300,1,419.94,496.25,372.52000000000004,59.10000000000002,1,2,1.0
1724157135474610700,1,413.9,493.08,375.6,62.420000000000016,1,2,1.0
1724157135533133100,1,416.59,494.33,393.55,62.410000000000025,1,2,1.0
1724157135594833900,1,424.15,493.6,396.18000000000006,63.559999999999945,1,2,1.0
1724157135662967000,1,422.58,492.04,368.29,63.88999999999993,1,2,1.0
1724157135732156300,1,421.42,492.07,379.46,64.51000000000005,1,2,1.0
1724157135792416900,1,420.92,490.69,382.84999999999997,66.90000000000003,1,2,1.0
1724157135854184700,1,426.0,494.2,381.51,61.19999999999999,1,2,1.0
1724157135929616900,1,423.1,493.92,402.51,61.36999999999995,1,2,1.0
1724157135979289700,1,424.24,495.75,406.65999999999997,60.60000000000002,1,2,1.0
1724157136044380800,1,426.02,493.55,395.45000000000005,63.79000000000002,1,2,1.0
1724157136109071100,1,422.59,494.34,358.14000000000004,62.06999999999999,1,2,1.0
1724157136173303100,1,421.43,496.1,351.76000000000005,60.10000000000002,1,2,1.0
1724157136236704500,1,424.74,492.49,351.31999999999994,66.38,1,2,1.0
1724157136298940400,1,423.88,489.41,383.49,69.82999999999998,1,2,1.0
1724157136363949000,1,427.66,490.53,383.57,70.45000000000005,1,2,1.0
1724157136429051800,1,425.19,491.45,412.57,69.33999999999997,1,2,1.0
1724157136495677000,1,424.54,492.59,358.43,67.87000000000006,1,2,1.0
1724157136563974500,1,429.69,491.78,360.96,67.97000000000003,1,2,1.0
1724157136628737700,1,433.61,493.59,358.69999999999993,66.40000000000003,1,2,1.0
1724157136683603900,1,435.0,489.5,389.0,71.0,1,2,1.0
1724157136747362100,1,428.58,489.79,388.09,71.74999999999994,1,2,1.0
1724157136811230300,1,431.52,489.2,395.9,73.60999999999996,1,2,1.0
1724157136894486800,1,440.23,492.91,386.21000000000004,65.05000000000001,1,2,1.0
1724157136943464800,1,425.66,491.2,400.61999999999995,69.62000000000006,1,2,1.0
1724157137003162500,1,431.26,490.5,395.82000000000005,71.25999999999999,1,2,1.0
1724157137071985200,1,431.83,491.91,394.79,71.60999999999996,1,2,1.0
1724157137130119900,1,431.96,488.02,395.55,74.70000000000005,1,2,1.0
1724157137202895300,1,432.0,487.84,385.15,76.39000000000004,1,2,1.0
1724157137262152800,1,427.99,490.89,373.02,71.05000000000007,1,2,1.0
1724157137323701300,1,428.76,495.71,372.07000000000005,66.00000000000006,1,2,1.0
1724157137391056900,1,446.68,485.75,380.48999999999995,70.75999999999999,1,2,1.0
1724157137460146400,1,432.73,485.8,393.27,75.98999999999995,1,2,1.0
1724157137516348600,1,427.11,485.91,379.28,76.63999999999993,1,2,1.0
1724157137587677700,1,444.5,485.96,361.47,76.88000000000005,1,2,1.0
1724157137663160800,1,426.0,487.65,399.24,76.54000000000008,1,2,1.0
1724157137729306200,1,435.69,490.39,378.84999999999997,72.05000000000007,1,2,1.0
1724157137783740800,1,419.47,491.36,389.53,70.5,1,2,1.0
1724157137836572500,1,428.65,490.64,371.85,72.64999999999998,1,2,1.0
1724157137902688500,1,433.99,491.47,395.03,72.24000000000001,1,2,1.0
1724157137969396800,1,430.86,490.92,387.53,74.08999999999997,1,2,1.0
1724157138028899600,1,434.4,493.19,388.87,68.47999999999996,1,2,1.0
1724157138103655400,1,420.98,489.57,405.92999999999995,72.18,1,2,1.0
1724157138158678000,1,426.16,483.81,402.0199999999999,81.05000000000001,1,2,1.0
1724157138226256300,1,434.22,485.83,404.97,76.63000000000005,1,2,1.0
1724157138285520300,1,424.6,491.47,416.0,70.76999999999998,1,2,1.0
1724157138349532000,1,436.44,489.39,394.86999999999995,73.61000000000001,1,2,1.0
1724157138413268700,1,427.48,484.29,409.81999999999994,78.98999999999995,1,2,1.0
1724157138483874200,1,424.6,485.05,382.63,78.35999999999996,1,2,1.0
1724157138539608000,1,436.0,487.12,372.54999999999995,77.05999999999995,1,2,1.0
1724157138602851300,1,428.57,485.9,406.58,76.39999999999998,1,2,1.0
1724157138677931200,1,429.39,485.11,405.80000000000007,77.52999999999997,1,2,1.0
1724157138733164700,1,431.39,485.46,405.11,77.63000000000005,1,2,1.0
1724157138800684000,1,430.57,485.34,405.53000000000003,79.70999999999998,1,2,1.0
1724157138861093400,1,429.4,482.89,398.61,81.12,1,2,1.0
1724157138926404100,1,429.02,495.23,342.78,69.31999999999994,1,2,1.0
1724157138993631900,1,427.17,505.61,349.96,57.49000000000001,1,2,1.0
1724157139069874500,1,428.42,501.07,346.65000000000003,62.89000000000004,1,2,1.0
1724157139117948400,1,433.53,480.75,407.06000000000006,83.60000000000002,1,2,1.0
1724157139200914600,1,438.98,481.4,396.37,84.84000000000003,1,2,1.0
1724157139253322300,1,435.33,501.43,338.19,64.55000000000001,1,2,1.0
1724157139311729500,1,438.29,475.6,418.07,86.81999999999994,1,2,1.0
1724157139376033100,1,424.8,474.37,433.12999999999994,88.70000000000005,1,2,1.0
1724157139438573000,1,421.49,497.74,376.81999999999994,65.65999999999997,1,2,1.0
1724157139641410800,1,444.34,496.3,362.94,66.64000000000004,1,2,1.0
1724157139654555200,1,429.95,475.52,423.51000000000005,87.0,1,2,1.0
1724157139715248100,1,428.97,476.52,426.92999999999995,85.34000000000003,1,2,1.0
1724157139769082400,1,428.65,486.0,427.75,75.44000000000005,1,2,1.0
1724157139818604500,1,422.24,474.54,446.65,93.61999999999995,1,2,1.0
1724157139870902200,1,422.67,497.72,355.78000000000003,61.67999999999995,1,2,1.0
1724157139912018500,1,435.76,498.04,346.70000000000005,62.519999999999925,1,2,1.0
1724157139968078700,1,422.56,500.28,349.04,57.72000000000003,1,2,1.0
1724157140021872400,1,418.65,502.05,348.45000000000005,55.94,1,2,1.0
1724157140084562500,1,414.42,501.4,351.61999999999995,53.60000000000002,1,2,1.0
1724157140146262200,1,416.98,499.79,370.34000000000003,57.089999999999975,1,2,1.0
1724157140204253500,1,418.44,497.44,418.14000000000004,61.10999999999996,1,2,1.0
1724157140283720300,1,443.47,496.41,388.23,59.829999999999984,1,2,1.0
1724157140342211000,1,441.75,496.82,390.27,58.589999999999975,1,2,1.0
1724157140401872100,1,378.5,496.72,456.65999999999997,55.91999999999996,1,2,1.0
1724157140459979800,1,385.0,493.63,442.29999999999995,59.64999999999998,1,2,1.0
1724157140535012700,1,385.6,493.71,414.25,57.46999999999997,1,2,1.0
1724157140604409900,1,385.7,493.38,423.38000000000005,59.90999999999997,1,2,1.0
1724157140669075500,1,410.3,493.75,369.7,58.40999999999997,1,2,1.0
1724157140725562100,1,409.97,493.26,366.5899999999999,60.10000000000002,1,2,1.0
1724157140783657800,1,391.83,497.17,412.62000000000006,52.099999999999966,1,2,1.0
1724157140856504700,1,410.44,491.2,434.06,59.93000000000001,1,2,1.0
1724157140908174200,1,389.36,489.36,430.58000000000004,61.68999999999994,1,2,1.0
1724157140973563000,1,392.38,487.33,394.74,63.160000000000025,1,2,1.0
1724157141039135400,1,390.87,493.76,432.54999999999995,55.75,1,2,1.0
1724157141102957700,1,394.11,491.37,428.83000000000004,56.960000000000036,1,2,1.0
1724157141164821600,1,396.78,489.41,381.58000000000004,57.73999999999995,1,2,1.0
1724157141226932400,1,400.12,491.1,383.43999999999994,56.809999999999945,1,2,1.0
1724157141310919700,1,404.34,489.33,376.8,58.670000000000016,1,2,1.0
1724157141356320600,1,402.83,489.94,381.16,57.45999999999998,1,2,1.0
1724157141421990600,1,402.28,489.1,420.5,58.35000000000002,1,2,1.0
1724157141498748300,1,399.2,489.5,424.50000000000006,58.77999999999997,1,2,1.0
1724157141547738600,1,399.81,487.02,447.98999999999995,60.690000000000055,1,2,1.0
1724157141612202900,1,401.1,489.44,424.72,59.22999999999996,1,2,1.0
1724157141683804700,1,406.41,477.17,404.97999999999996,70.22999999999996,1,2,1.0
1724157141747052500,1,404.5,484.73,403.87,62.049999999999955,1,2,1.0
1724157141805133800,1,407.64,486.72,386.85,59.17999999999995,1,2,1.0
1724157141868482800,1,407.93,481.6,395.49999999999994,66.74000000000001,1,2,1.0
1724157141933825100,1,408.26,487.79,379.70000000000005,61.05000000000001,1,2,1.0
1724157142007386100,1,407.01,480.38,381.62,66.92999999999995,1,2,1.0
1724157142202165300,1,411.47,480.88,428.92999999999995,67.34000000000003,1,2,1.0
1724157142217349200,1,415.28,484.35,385.02,64.09000000000003,1,2,1.0
1724157142271653900,1,416.06,482.03,404.54,65.59000000000003,1,2,1.0
1724157142339073800,1,414.06,480.8,369.79,68.40000000000003,1,2,1.0
1724157142381552300,1,415.14,480.53,382.36,66.88999999999999,1,2,1.0
1724157142422751200,1,413.81,481.76,383.44,66.47000000000003,1,2,1.0
1724157142473683900,1,413.7,480.4,375.84,68.60000000000002,1,2,1.0
1724157142529688400,1,414.89,481.12,392.77,66.99000000000001,1,2,1.0
1724157142577117600,1,415.34,477.58,419.92,72.27000000000004,1,2,1.0
1724157142634452600,1,416.82,473.45,415.18,77.80000000000001,1,2,1.0
1724157142702052200,1,424.98,477.61,374.01,69.55999999999995,1,2,1.0
1724157142764541100,1,425.96,475.32,374.8,72.70999999999998,1,2,1.0
1724157142838447600,1,415.29,477.71,391.98999999999995,74.40000000000003,1,2,1.0
1724157142900586600,1,418.96,473.18,370.59999999999997,79.79000000000002,1,2,1.0
1724157142959349000,1,418.31,473.52,389.92,79.39999999999998,1,2,1.0
1724157143019826000,1,422.27,466.37,375.5,86.75999999999999,1,2,1.0
1724157143091226800,1,416.8,474.46,381.79,79.57,1,2,1.0
1724157143147575900,1,417.99,474.11,377.09000000000003,79.01999999999998,1,2,1.0
1724157143250677700,1,423.38,474.39,372.97,79.49000000000001,1,2,1.0
1724157143314685200,1,423.02,473.54,405.49,82.59999999999997,1,2,1.0
1724157143379333300,1,424.16,470.31,393.18,84.18,1,2,1.0
1724157143432261800,1,421.24,468.84,399.89,86.85000000000008,1,2,1.0
1724157143468308200,1,426.8,474.69,432.94,81.60999999999996,1,2,1.0
1724157143534738800,1,426.4,476.32,377.31000000000006,79.68,1,2,1.0
1724157143609557400,1,424.6,470.79,392.49,86.60999999999996,1,2,1.0
1724157143658764900,1,427.84,467.1,386.67,89.47000000000003,1,2,1.0
1724157143736021100,1,432.6,466.37,374.9599999999999,91.23000000000002,1,2,1.0
1724157143806108800,1,427.15,471.89,380.30000000000007,86.00999999999999,1,2,1.0
1724157143851105700,1,438.8,473.91,372.75999999999993,79.88999999999993,1,2,1.0
1724157143923845800,1,427.66,473.09,373.23999999999995,84.89000000000004,1,2,1.0
1724157143979481400,1,423.44,468.5,385.34999999999997,90.25999999999999,1,2,1.0
1724157144049850000,1,428.24,467.28,387.46000000000004,91.01999999999998,1,2,1.0
1724157144116756700,1,425.8,468.38,412.46999999999997,91.72000000000003,1,2,1.0
1724157144172649700,1,424.7,465.12,412.35999999999996,97.17999999999995,1,2,1.0
1724157144242017000,1,425.7,462.36,431.41,96.03999999999996,1,2,1.0
1724157144313230600,1,427.2,463.28,414.40000000000003,96.01999999999998,1,2,1.0
1724157144373333100,1,428.82,464.49,401.68,95.53999999999996,1,2,1.0
1724157144432698900,1,432.49,465.66,421.46000000000004,95.43,1,2,1.0
1724157144497494900,1,433.8,459.83,421.98999999999995,100.27000000000004,1,2,1.0
1724157144556919400,1,435.7,456.22,375.90000000000003,107.49000000000001,1,2,1.0
1724157144619958700,1,435.07,460.17,389.14000000000004,102.38999999999993,1,2,1.0
1724157144694590000,1,434.33,465.58,419.09999999999997,97.34999999999997,1,2,1.0
1724157144755054200,1,441.54,464.52,413.2699999999999,97.09000000000003,1,2,1.0
1724157144816127700,1,432.05,467.75,424.44,95.55999999999995,1,2,1.0
1724157144879865100,1,431.01,457.78,426.58000000000004,107.0,1,2,1.0
1724157144948583800,1,438.58,463.4,375.12000000000006,103.96000000000004,1,2,1.0
1724157145009097200,1,432.33,494.9,281.17,69.85000000000002,1,2,1.0
1724157145072582700,1,439.8,497.0,265.3,78.20000000000005,1,2,1.0
1724157145134156100,1,436.27,462.7,427.43000000000006,103.09999999999997,1,2,1.0
1724157145134156100,2,446.3,563.33,29.930000000000007,15.169999999999959,1,1,1.0
1724157145209835100,1,438.3,462.94,418.59999999999997,111.66000000000003,1,2,1.0
1724157145209835100,2,444.7,560.4,24.689999999999998,16.700000000000045,1,1,1.0
1724157145266155100,1,442.9,459.04,378.37,110.45999999999998,1,2,1.0
1724157145266155100,2,447.0,559.37,36.889999999999986,17.710000000000036,1,1,1.0
1724157145328676100,1,447.3,457.8,376.59999999999997,120.59999999999997,1,2,1.0
1724157145328676100,2,448.97,560.36,36.879999999999995,17.699999999999932,1,1,1.0
1724157145389340300,1,427.9,460.93,396.93000000000006,103.67000000000002,1,2,1.0
1724157145389340300,2,447.23,561.27,44.25,16.57000000000005,1,1,1.0
1724157145459961200,1,436.4,460.2,389.80000000000007,108.80000000000001,1,2,1.0
1724157145459961200,3,509.41,608.78,19.96999999999997,31.450000000000045,1,1,1.0
1724157145459961200,2,449.4,564.67,50.150000000000034,16.129999999999995,1,1,1.0
1724157145656535100,1,457.3,452.17,397.2,109.72999999999996,1,2,1.0
1724157145656535100,3,509.41,606.2,19.96999999999997,34.02999999999997,1,1,1.0
1724157145656535100,2,450.3,562.12,48.829999999999984,19.58000000000004,1,1,1.0
1724157145675324500,1,432.6,451.35,402.84000000000003,117.64999999999998,1,2,1.0
1724157145675324500,3,514.93,600.67,19.980000000000018,39.530000000000086,1,1,1.0
1724157145675324500,2,450.3,557.9,48.80000000000001,23.800000000000068,1,1,1.0
1724157145735753600,1,429.0,462.6,403.5,102.0,1,2,1.0
1724157145735753600,3,513.2,592.17,25.1099999999999,35.73000000000002,1,1,1.0
1724157145735753600,2,450.3,557.9,55.599999999999966,23.800000000000068,1,1,1.0
1724157145779924800,1,444.37,452.87,431.53,115.49000000000001,1,2,1.0
1724157145779924800,3,517.17,592.2,27.65000000000009,35.32999999999993,1,1,1.0
1724157145779924800,4,470.68,590.93,28.099999999999966,15.300000000000068,1,1,1.0
1724157145779924800,2,457.4,555.7,49.52000000000004,25.699999999999932,1,1,1.0
1724157145828056100,1,441.1,450.97,392.79999999999995,120.13,1,2,1.0
1724157145828056100,3,508.8,586.5,44.86999999999995,43.799999999999955,1,1,1.0
1724157145828056100,4,476.6,595.18,16.22999999999996,9.82000000000005,1,1,1.0
1724157145828056100,2,454.2,556.5,53.30000000000001,29.100000000000023,1,1,1.0
1724157145892619100,1,440.5,449.95,405.79999999999995,117.83999999999997,1,2,1.0
1724157145892619100,3,515.06,582.6,49.54000000000008,41.85000000000002,1,1,1.0
1724157145892619100,4,480.32,595.92,22.480000000000018,14.180000000000064,1,1,1.0
1724157145892619100,2,454.65,558.4,62.139999999999986,24.180000000000064,1,1,1.0
1724157145932744900,1,445.93,451.29,398.07,117.97999999999996,1,2,1.0
1724157145932744900,3,513.7,580.46,53.01999999999998,47.539999999999964,1,1,1.0
1724157145932744900,4,480.8,588.8,33.69999999999999,22.200000000000045,1,1,1.0
1724157145932744900,2,457.97,557.9,62.360000000000014,26.800000000000068,1,1,1.0
1724157145982826700,1,436.92,487.73,257.97999999999996,79.50999999999999,1,2,1.0
1724157145982826700,3,518.35,576.2,59.549999999999955,48.620000000000005,1,1,1.0
1724157145982826700,4,483.78,589.23,33.700000000000045,22.199999999999932,1,1,1.0
1724157145982826700,2,461.1,561.0,45.0,26.700000000000045,1,1,1.0
1724157146031717900,1,440.54,450.2,429.06,121.42000000000002,1,2,1.0
1724157146031717900,3,521.7,575.52,62.059999999999945,46.08000000000004,1,1,1.0
1724157146031717900,4,488.27,587.53,32.76999999999998,25.370000000000005,1,1,1.0
1724157146031717900,2,460.89,560.4,44.379999999999995,29.190000000000055,1,1,1.0
1724157146094892500,1,442.26,453.14,438.29999999999995,118.30000000000007,1,2,1.0
1724157146094892500,3,530.1,576.13,71.90999999999997,40.26999999999998,1,1,1.0
1724157146094892500,4,486.5,587.58,37.32000000000005,25.319999999999936,1,1,1.0
1724157146094892500,2,462.06,557.2,46.639999999999986,35.83999999999992,1,1,1.0
1724157146164943500,1,435.1,446.1,448.1,125.14999999999998,1,2,1.0
1724157146164943500,3,531.46,575.4,70.83999999999992,37.34000000000003,1,1,1.0
1724157146164943500,4,489.2,586.49,38.839999999999975,29.309999999999945,1,1,1.0
1724157146164943500,2,468.99,557.9,39.20999999999998,31.450000000000045,1,1,1.0
1724157146222272400,1,441.5,455.2,423.46000000000004,115.09999999999997,1,2,1.0
1724157146222272400,3,545.8,572.84,59.620000000000005,33.65999999999997,1,1,1.0
1724157146222272400,4,492.33,584.71,51.62000000000006,31.860000000000014,1,1,1.0
1724157146222272400,2,471.33,557.26,30.08000000000004,39.73000000000002,1,1,1.0
1724157146299106900,1,440.0,452.4,419.30999999999995,119.80000000000007,1,2,1.0
1724157146299106900,3,551.4,570.71,62.940000000000055,33.68999999999994,1,1,1.0
1724157146299106900,4,494.03,586.4,55.870000000000005,31.870000000000005,1,1,1.0
1724157146299106900,2,469.1,558.0,36.69999999999999,40.799999999999955,1,1,1.0
1724157146350537000,1,439.2,447.9,422.50000000000006,123.00999999999999,1,2,1.0
1724157146350537000,3,557.8,570.71,66.32000000000005,30.289999999999964,1,1,1.0
1724157146350537000,4,502.2,586.7,55.30000000000001,25.159999999999968,1,1,1.0
1724157146350537000,2,470.7,558.8,34.69999999999999,39.200000000000045,1,1,1.0
1724157146413803300,1,435.18,448.01,436.11999999999995,123.36000000000001,1,2,1.0
1724157146413803300,3,564.2,571.57,69.26999999999998,30.329999999999927,1,1,1.0
1724157146413803300,4,504.14,584.75,56.90999999999997,25.809999999999945,1,1,1.0
1724157146413803300,2,472.22,555.2,39.47999999999996,44.289999999999964,1,1,1.0
1724157146481874200,1,444.04,482.37,332.56,91.50999999999999,1,2,1.0
1724157146481874200,3,567.5,571.14,77.87,23.860000000000014,1,1,1.0
1724157146481874200,4,506.07,582.8,58.53000000000003,26.460000000000036,1,1,1.0
1724157146481874200,2,473.08,552.7,45.71999999999997,48.07999999999993,1,1,1.0
1724157146544533100,1,447.14,481.9,329.38,90.72000000000003,1,2,1.0
1724157146544533100,3,569.48,571.4,91.41999999999996,24.700000000000045,1,1,1.0
1724157146544533100,4,508.01,583.2,56.389999999999986,24.75,1,1,1.0
1724157146544533100,2,473.93,554.9,39.670000000000016,47.15999999999997,1,1,1.0
1724157146612437800,1,441.1,484.5,262.4599999999999,87.10000000000002,1,2,1.0
1724157146612437800,3,586.83,573.2,85.46999999999991,29.899999999999977,1,1,1.0
1724157146612437800,4,516.99,585.97,55.809999999999945,19.159999999999968,1,1,1.0
1724157146612437800,2,474.79,567.1,32.10999999999996,36.25,1,1,1.0
1724157146681493500,1,435.11,453.5,447.89,119.25999999999999,1,2,1.0
1724157146681493500,3,589.93,570.52,83.57000000000005,32.08000000000004,1,1,1.0
1724157146681493500,4,521.67,584.7,50.73000000000002,19.159999999999968,1,1,1.0
1724157146681493500,2,476.55,565.9,31.399999999999977,39.30000000000007,1,1,1.0
1724157146733595100,1,438.49,452.39,444.28999999999996,123.31000000000006,1,2,1.0
1724157146733595100,3,598.7,572.97,78.53999999999996,26.92999999999995,1,1,1.0
1724157146733595100,4,528.09,586.4,57.50999999999999,16.899999999999977,1,1,1.0
1724157146733595100,2,480.7,570.2,29.670000000000016,35.0,1,1,1.0
1724157146800962300,1,438.3,480.73,355.56,98.76999999999998,1,2,1.0
1724157146800962300,3,599.86,574.27,86.34000000000003,26.730000000000018,1,1,1.0
1724157146800962300,4,519.76,587.79,65.65999999999997,15.610000000000014,1,1,1.0
1724157146800962300,2,483.2,573.46,28.400000000000034,33.33999999999992,1,1,1.0
1724157146863312500,1,442.55,481.45,349.82,96.55000000000001,1,2,1.0
1724157146863312500,3,601.2,574.25,94.29999999999995,30.149999999999977,1,1,1.0
1724157146863312500,4,517.6,582.3,68.19999999999993,23.300000000000068,1,1,1.0
1724157146863312500,2,481.19,577.38,30.370000000000005,32.51999999999998,1,1,1.0
1724157146924211600,1,436.44,478.36,334.47999999999996,103.03999999999996,1,2,1.0
1724157146924211600,3,600.18,576.07,101.12,30.329999999999927,1,1,1.0
1724157146924211600,4,518.0,582.91,80.10000000000002,19.690000000000055,1,1,1.0
1724157146924211600,2,485.06,575.37,30.140000000000043,36.33000000000004,1,1,1.0
1724157147005340800,1,444.7,479.32,345.65000000000003,102.97999999999996,1,2,1.0
1724157147005340800,3,600.0,572.14,110.0,37.15999999999997,1,1,1.0
1724157147005340800,4,525.4,582.4,70.80000000000007,20.0,1,1,1.0
1724157147005340800,2,489.0,574.2,31.899999999999977,38.24000000000001,1,1,1.0
1724157147053587800,1,446.45,482.39,345.84999999999997,103.31000000000006,1,2,1.0
1724157147053587800,3,630.15,575.22,87.05000000000007,35.57999999999993,1,1,1.0
1724157147053587800,4,560.8,588.04,42.82000000000005,15.830000000000041,1,1,1.0
1724157147053587800,2,494.18,570.8,40.81999999999999,39.360000000000014,1,1,1.0
1724157147132492700,1,447.67,479.93,322.12999999999994,106.57,1,2,1.0
1724157147132492700,3,661.39,581.76,58.90999999999997,28.24000000000001,1,1,1.0
1724157147132492700,4,570.6,589.31,43.19999999999993,13.290000000000077,1,1,1.0
1724157147132492700,2,493.6,572.5,37.5,42.799999999999955,1,1,1.0
1724157147186813200,1,444.85,479.02,317.89,94.58000000000004,1,2,1.0
1724157147186813200,3,674.06,582.7,49.74000000000001,25.5,1,1,1.0
1724157147186813200,4,594.0,583.36,21.08000000000004,15.830000000000041,1,1,1.0
1724157147186813200,5,678.56,539.52,16.190000000000055,10.159999999999968,1,1,1.0
1724157147186813200,2,495.2,572.5,40.19999999999999,45.0,1,1,1.0
1724157147258537100,1,443.73,480.36,349.98,94.34000000000003,1,2,1.0
1724157147258537100,3,678.27,583.07,42.52999999999997,26.329999999999927,1,1,1.0
1724157147258537100,4,598.29,585.22,20.710000000000036,12.579999999999927,1,1,1.0
1724157147258537100,6,460.37,567.19,33.839999999999975,23.909999999999968,1,1,1.0
1724157147258537100,2,495.7,570.47,40.30000000000001,47.42999999999995,1,1,1.0
1724157147322412900,1,449.93,478.36,366.34999999999997,100.5,1,2,1.0
1724157147322412900,3,685.28,582.5,40.72000000000003,25.799999999999955,1,1,1.0
1724157147322412900,4,606.7,582.09,20.729999999999905,16.709999999999923,1,1,1.0
1724157147322412900,5,679.42,534.82,28.480000000000018,19.129999999999995,1,1,1.0
1724157147322412900,6,460.0,567.54,41.04000000000002,24.25999999999999,1,1,1.0
1724157147322412900,2,496.33,583.88,26.54000000000002,35.51999999999998,1,1,1.0
1724157147374728300,1,445.35,482.99,334.42999999999995,87.61000000000001,1,2,1.0
1724157147374728300,3,694.56,585.77,32.54000000000008,20.230000000000018,1,1,1.0
1724157147374728300,4,598.75,587.45,34.64999999999998,12.449999999999932,1,1,1.0
1724157147374728300,5,686.3,536.3,30.300000000000068,21.90000000000009,1,1,1.0
1724157147374728300,6,462.6,565.0,46.39999999999998,29.100000000000023,1,1,1.0
1724157147374728300,2,492.29,593.4,37.009999999999934,23.440000000000055,1,1,1.0
1724157147443944000,1,450.81,482.18,358.79,91.57999999999998,1,2,1.0
1724157147443944000,3,699.63,586.58,27.139999999999986,20.649999999999977,1,1,1.0
1724157147443944000,5,683.2,536.0,46.27999999999997,30.980000000000018,1,1,1.0
1724157147443944000,6,465.11,568.52,41.65999999999997,25.680000000000064,1,1,1.0
1724157147443944000,2,498.72,595.0,32.120000000000005,24.07000000000005,1,1,1.0
1724157147537418700,1,445.32,480.66,347.29,92.28000000000003,1,2,1.0
1724157147537418700,3,705.59,586.16,22.50999999999999,17.24000000000001,1,1,1.0
1724157147537418700,5,696.8,539.6,36.210000000000036,27.049999999999955,1,1,1.0
1724157147537418700,6,466.4,568.42,45.39000000000004,28.379999999999995,1,1,1.0
1724157147537418700,2,498.88,594.9,35.41999999999996,24.920000000000073,1,1,1.0
1724157147567750100,1,444.65,477.62,322.11,94.96000000000004,1,2,1.0
1724157147567750100,5,701.9,538.5,37.42000000000007,33.27999999999997,1,1,1.0
1724157147567750100,6,466.9,569.97,48.370000000000005,30.329999999999927,1,1,1.0
1724157147567750100,2,502.4,596.1,34.200000000000045,25.319999999999936,1,1,1.0
1724157147639685200,1,441.66,480.02,339.7699999999999,92.30000000000007,1,2,1.0
1724157147639685200,5,707.1,537.5,37.77999999999997,33.110000000000014,1,1,1.0
1724157147639685200,6,470.1,569.11,49.73000000000002,27.590000000000032,1,1,1.0
1724157147639685200,2,499.32,597.4,43.579999999999984,25.25999999999999,1,1,1.0
1724157147695220900,1,441.46,478.85,360.45,94.02999999999997,1,2,1.0
1724157147695220900,5,714.0,541.01,36.89999999999998,34.789999999999964,1,1,1.0
1724157147695220900,6,471.96,568.55,56.339999999999975,29.350000000000023,1,1,1.0
1724157147695220900,2,498.01,597.25,46.960000000000036,23.899999999999977,1,1,1.0
1724157147767902300,1,435.24,478.83,387.23,94.59999999999997,1,2,1.0
1724157147767902300,5,716.21,550.72,39.289999999999964,27.779999999999973,1,1,1.0
1724157147767902300,6,470.83,567.84,64.63000000000005,32.860000000000014,1,1,1.0
1724157147767902300,2,501.1,595.1,50.299999999999955,29.699999999999932,1,1,1.0
1724157147829355100,1,433.12,475.16,333.15999999999997,98.48999999999995,1,2,1.0
1724157147829355100,5,712.0,546.66,44.60000000000002,30.639999999999986,1,1,1.0
1724157147829355100,6,472.34,568.93,61.31,30.970000000000027,1,1,1.0
1724157147829355100,2,504.0,597.71,47.41999999999996,29.68999999999994,1,1,1.0
1724157147885272000,1,436.7,480.44,331.50000000000006,94.85999999999996,1,2,1.0
1724157147885272000,5,728.67,550.35,31.230000000000018,27.149999999999977,1,1,1.0
1724157147885272000,6,475.7,566.0,64.40000000000003,36.74000000000001,1,1,1.0
1724157147885272000,2,504.7,596.24,50.45999999999998,32.75999999999999,1,1,1.0
1724157147967789600,1,434.1,478.75,344.6,96.0,1,2,1.0
1724157147967789600,5,730.41,548.93,30.50999999999999,27.290000000000077,1,1,1.0
1724157147967789600,6,482.6,566.35,64.93999999999994,37.14999999999998,1,1,1.0
1724157147967789600,2,506.3,600.64,46.49999999999994,29.460000000000036,1,1,1.0
1724157148019821200,1,431.7,473.72,358.27000000000004,101.20999999999992,1,2,1.0
1724157148019821200,5,728.27,548.62,32.48000000000002,26.799999999999955,1,1,1.0
1724157148019821200,6,485.0,566.66,75.30999999999995,38.74000000000001,1,1,1.0
1724157148019821200,7,468.03,562.69,37.08000000000004,25.539999999999964,1,1,1.0
1724157148019821200,2,508.1,598.9,42.51999999999998,30.0,1,1,1.0
1724157148081153500,1,435.51,476.53,359.68000000000006,99.82000000000005,1,2,1.0
1724157148081153500,5,731.73,547.33,29.059999999999945,23.43999999999994,1,1,1.0
1724157148081153500,6,487.12,566.58,74.41999999999996,37.39999999999998,1,1,1.0
1724157148081153500,7,481.8,567.17,24.180000000000007,12.330000000000041,1,1,1.0
1724157148081153500,2,507.95,600.3,41.400000000000034,31.020000000000095,1,1,1.0
1724157148140494000,1,440.94,469.72,416.28000000000003,106.49000000000001,1,2,1.0
1724157148140494000,5,732.37,547.65,31.629999999999995,23.149999999999977,1,1,1.0
1724157148140494000,6,484.11,566.23,84.03999999999996,40.77999999999997,1,1,1.0
1724157148140494000,7,481.5,565.4,26.80000000000001,18.200000000000045,1,1,1.0
1724157148140494000,2,510.19,600.92,38.920000000000016,33.09000000000003,1,1,1.0
1724157148206147400,1,437.22,472.56,360.28,103.84999999999997,1,2,1.0
1724157148206147400,5,733.0,547.33,34.200000000000045,23.16999999999996,1,1,1.0
1724157148206147400,6,500.2,566.88,85.38000000000005,32.51999999999998,1,1,1.0
1724157148206147400,7,477.4,565.1,31.5,26.120000000000005,1,1,1.0
1724157148206147400,2,514.56,603.05,34.0,30.75,1,1,1.0
1724157148275706000,1,442.93,474.28,359.55,101.73000000000002,1,2,1.0
1724157148275706000,6,508.6,566.8,78.10000000000002,27.379999999999995,1,1,1.0
1724157148275706000,7,487.95,565.1,21.850000000000023,17.909999999999968,1,1,1.0
1724157148275706000,2,510.7,604.08,36.28000000000003,33.219999999999914,1,1,1.0
1724157148333075400,1,442.32,472.1,361.7,102.25999999999999,1,2,1.0
1724157148333075400,6,512.6,566.38,66.54999999999995,23.91999999999996,1,1,1.0
1724157148333075400,7,491.47,566.0,18.629999999999995,13.490000000000009,1,1,1.0
1724157148333075400,2,513.09,608.7,33.00999999999999,29.84999999999991,1,1,1.0
1724157148398140400,1,441.71,470.83,363.24000000000007,102.97999999999996,1,2,1.0
1724157148398140400,6,511.9,564.95,73.38,27.84999999999991,1,1,1.0
1724157148398140400,7,507.3,555.74,39.44999999999999,16.159999999999968,1,1,1.0
1724157148398140400,2,514.78,614.95,31.82000000000005,22.299999999999955,1,1,1.0
1724157148464513400,1,444.36,471.89,343.36,103.09000000000003,1,2,1.0
1724157148464513400,6,519.5,564.57,74.92999999999995,27.029999999999973,1,1,1.0
1724157148464513400,7,530.3,558.8,11.550000000000068,9.350000000000023,1,1,1.0
1724157148464513400,2,514.4,615.98,35.59000000000003,24.090000000000032,1,1,1.0
1724157148530590600,1,442.72,472.55,349.30999999999995,105.09999999999997,1,2,1.0
1724157148530590600,6,529.8,562.48,67.53000000000009,29.319999999999936,1,1,1.0
1724157148530590600,7,536.22,560.7,25.949999999999932,13.669999999999959,1,1,1.0
1724157148530590600,2,514.3,615.93,40.0,23.870000000000005,1,1,1.0
1724157148593862000,1,444.82,474.42,351.83,102.19,1,2,1.0
1724157148593862000,6,533.7,558.76,66.99000000000001,32.039999999999964,1,1,1.0
1724157148593862000,8,494.52,607.15,19.5,14.0,1,1,1.0
1724157148593862000,7,536.9,559.34,28.700000000000045,16.360000000000014,1,1,1.0
1724157148593862000,2,517.7,617.24,29.399999999999977,26.129999999999995,1,1,1.0
1724157148655631000,1,445.86,472.79,399.03999999999996,103.62999999999994,1,2,1.0
1724157148655631000,6,539.04,562.91,68.0,29.389999999999986,1,1,1.0
1724157148655631000,8,498.28,606.81,19.5,17.3900000000001,1,1,1.0
1724157148655631000,7,537.24,561.73,31.460000000000036,13.669999999999959,1,1,1.0
1724157148655631000,2,520.1,613.0,28.309999999999945,28.120000000000005,1,1,1.0
1724157148716401800,1,448.93,468.0,344.07,109.5,1,2,1.0
1724157148716401800,6,526.6,559.88,101.25,35.91999999999996,1,1,1.0
1724157148716401800,8,499.3,605.1,26.329999999999984,21.100000000000023,1,1,1.0
1724157148716401800,7,531.78,559.34,35.22000000000003,16.059999999999945,1,1,1.0
1724157148716401800,2,520.1,621.23,26.93999999999994,24.870000000000005,1,1,1.0
1724157148782117100,1,444.34,470.96,332.74000000000007,105.66000000000003,1,2,1.0
1724157148782117100,6,523.0,562.5,100.65999999999997,31.0,1,1,1.0
1724157148782117100,8,500.3,603.05,28.749999999999943,24.550000000000068,1,1,1.0
1724157148782117100,7,542.02,561.39,37.98000000000002,13.009999999999991,1,1,1.0
1724157148782117100,2,522.08,622.2,25.339999999999918,24.0,1,1,1.0
1724157148844393200,1,450.17,474.86,342.59999999999997,102.13999999999999,1,2,1.0
1724157148844393200,6,578.9,563.0,95.96000000000004,31.539999999999964,1,1,1.0
1724157148844393200,8,502.6,605.26,31.590000000000032,23.74000000000001,1,1,1.0
1724157148844393200,7,537.4,560.7,41.60000000000002,22.699999999999932,1,1,1.0
1724157148844393200,2,524.05,629.53,23.75999999999999,19.5,1,1,1.0
1724157148910505100,1,450.31,470.31,402.19,108.57,1,2,1.0
1724157148910505100,6,581.7,560.6,97.66999999999996,32.82999999999993,1,1,1.0
1724157148910505100,8,503.8,605.1,32.19999999999999,25.0,1,1,1.0
1724157148910505100,7,542.8,561.05,38.60000000000002,19.350000000000023,1,1,1.0
1724157148910505100,2,528.17,631.82,23.75999999999999,19.5,1,1,1.0
1724157148978311900,1,450.44,471.48,353.39000000000004,106.78999999999996,1,2,1.0
1724157148978311900,6,589.7,563.8,50.58999999999992,22.730000000000018,1,1,1.0
1724157148978311900,8,503.4,605.26,36.98000000000002,28.24000000000001,1,1,1.0
1724157148978311900,7,548.17,561.39,43.129999999999995,18.81000000000006,1,1,1.0
1724157148978311900,2,529.67,629.02,24.700000000000045,20.120000000000005,1,1,1.0
1724157149038023800,1,455.3,466.59,318.98999999999995,112.58999999999997,1,2,1.0
1724157149038023800,6,594.2,563.1,72.88,26.059999999999945,1,1,1.0
1724157149038023800,8,506.7,604.8,35.660000000000025,29.0,1,1,1.0
1724157149038023800,7,533.49,564.12,59.08000000000004,22.879999999999995,1,1,1.0
1724157149038023800,2,529.21,631.3,24.699999999999932,20.120000000000005,1,1,1.0
1724157149099701900,1,453.12,465.23,390.17999999999995,114.55999999999995,1,2,1.0
1724157149099701900,6,595.51,564.04,81.57000000000005,27.660000000000082,1,1,1.0
1724157149099701900,8,507.2,604.87,36.339999999999975,27.92999999999995,1,1,1.0
1724157149099701900,9,464.57,571.26,24.470000000000027,24.470000000000027,1,1,1.0
1724157149099701900,7,547.49,560.36,67.30999999999995,26.93999999999994,1,1,1.0
1724157149099701900,2,530.1,631.84,27.17999999999995,16.159999999999968,1,1,1.0
1724157149164088900,1,452.28,462.58,391.4200000000001,117.18,1,2,1.0
1724157149164088900,6,587.3,566.3,81.3900000000001,22.770000000000095,1,1,1.0
1724157149164088900,8,511.3,600.51,40.849999999999966,33.289999999999964,1,1,1.0
1724157149164088900,9,464.57,571.3,30.730000000000018,24.430000000000064,1,1,1.0
1724157149164088900,7,548.17,559.68,62.23000000000002,28.32000000000005,1,1,1.0
1724157149164088900,2,532.5,633.12,24.860000000000014,14.879999999999995,1,1,1.0
1724157149236219200,1,453.2,468.26,353.05,111.13999999999999,1,2,1.0
1724157149236219200,6,593.3,565.1,83.08000000000004,23.18999999999994,1,1,1.0
1724157149236219200,8,513.0,599.98,41.14999999999998,34.91999999999996,1,1,1.0
1724157149236219200,9,468.56,573.6,35.339999999999975,23.299999999999955,1,1,1.0
1724157149236219200,7,545.1,560.02,62.60000000000002,23.879999999999995,1,1,1.0
1724157149236219200,2,533.4,633.29,22.50999999999999,14.710000000000036,1,1,1.0
1724157149297885600,1,452.8,468.08,393.17,112.12000000000006,1,2,1.0
1724157149297885600,6,599.3,564.06,79.68000000000006,27.020000000000095,1,1,1.0
1724157149297885600,8,515.1,596.8,44.17999999999995,38.10000000000002,1,1,1.0
1724157149297885600,9,465.7,574.17,31.370000000000005,24.430000000000064,1,1,1.0
1724157149297885600,7,543.39,560.02,65.00999999999999,25.879999999999995,1,1,1.0
1724157149372434300,1,452.0,472.44,373.22,108.76000000000005,1,2,1.0
1724157149372434300,6,602.6,561.1,79.52999999999997,29.699999999999932,1,1,1.0
1724157149372434300,8,518.3,595.98,47.57000000000005,42.22000000000003,1,1,1.0
1724157149372434300,9,469.11,572.46,37.599999999999966,30.139999999999986,1,1,1.0
1724157149372434300,7,544.42,558.32,60.180000000000064,24.17999999999995,1,1,1.0
1724157149437843800,1,450.8,470.72,372.8,111.48000000000002,1,2,1.0
1724157149437843800,6,598.6,562.9,85.80999999999995,27.460000000000036,1,1,1.0
1724157149437843800,8,522.4,594.92,50.30000000000007,42.879999999999995,1,1,1.0
1724157149437843800,9,471.39,573.03,37.60000000000002,34.67000000000007,1,1,1.0
1724157149437843800,7,547.83,560.71,60.18999999999994,24.17999999999995,1,1,1.0
1724157149490306600,1,447.18,471.1,374.92,111.01999999999998,1,2,1.0
1724157149490306600,6,603.0,562.5,83.62,25.299999999999955,1,1,1.0
1724157149490306600,8,531.2,595.28,43.33999999999992,35.01999999999998,1,1,1.0
1724157149490306600,9,466.27,569.05,37.60000000000002,34.05000000000007,1,1,1.0
1724157149490306600,7,545.8,556.6,67.0,24.529999999999973,1,1,1.0
1724157149548657200,1,453.2,468.48,341.21999999999997,109.51999999999998,1,2,1.0
1724157149548657200,6,616.8,564.3,76.75,23.50999999999999,1,1,1.0
1724157149548657200,8,532.1,593.4,49.870000000000005,30.700000000000045,1,1,1.0
1724157149548657200,9,470.3,573.03,40.39999999999998,28.970000000000027,1,1,1.0
1724157149548657200,7,558.09,556.94,57.110000000000014,24.559999999999945,1,1,1.0
1724157149617268900,1,454.78,464.87,345.23,115.24000000000001,1,2,1.0
1724157149617268900,6,618.7,564.4,82.63,24.74000000000001,1,1,1.0
1724157149617268900,8,531.8,596.09,54.73000000000002,31.709999999999923,1,1,1.0
1724157149617268900,9,470.3,574.2,43.80000000000001,28.370000000000005,1,1,1.0
1724157149617268900,7,574.49,562.4,54.710000000000036,22.899999999999977,1,1,1.0
1724157149681074800,1,455.56,465.38,353.72999999999996,115.08000000000004,1,2,1.0
1724157149681074800,6,627.9,564.2,78.56000000000006,25.0,1,1,1.0
1724157149681074800,8,532.8,594.13,48.30000000000007,26.970000000000027,1,1,1.0
1724157149681074800,9,474.11,573.8,40.59000000000003,34.59000000000003,1,1,1.0
1724157149681074800,7,574.28,562.54,56.32000000000005,21.460000000000036,1,1,1.0
1724157149745016300,1,453.77,463.24,385.85,118.10000000000002,1,2,1.0
1724157149745016300,6,639.4,567.8,72.39999999999998,23.100000000000023,1,1,1.0
1724157149745016300,8,537.46,596.72,46.789999999999964,19.779999999999973,1,1,1.0
1724157149745016300,9,474.32,570.72,39.28000000000003,36.07999999999993,1,1,1.0
1724157149745016300,7,576.8,564.03,60.0,21.07000000000005,1,1,1.0
1724157149845786200,1,454.0,468.48,357.4,111.62,1,2,1.0
1724157149845786200,6,640.42,567.74,76.08000000000004,23.059999999999945,1,1,1.0
1724157149845786200,8,539.3,594.22,60.23000000000002,23.579999999999927,1,1,1.0
1724157149845786200,9,475.41,570.85,39.69,35.14999999999998,1,1,1.0
1724157149845786200,7,561.12,562.62,78.98000000000002,23.980000000000018,1,1,1.0
1724157149869696600,1,451.61,461.63,381.65999999999997,119.94000000000005,1,2,1.0
1724157149869696600,6,641.5,567.7,81.39999999999998,25.899999999999977,1,1,1.0
1724157149869696600,8,553.97,591.1,41.92999999999995,24.230000000000018,1,1,1.0
1724157149869696600,9,472.1,580.35,47.22000000000003,28.049999999999955,1,1,1.0
1724157149869696600,7,571.66,563.32,79.34000000000003,25.379999999999995,1,1,1.0
1724157149932155200,1,461.29,462.36,357.7699999999999,118.74000000000001,1,2,1.0
1724157149932155200,6,655.66,565.86,71.49000000000001,27.92999999999995,1,1,1.0
1724157149932155200,8,552.94,590.1,51.15999999999997,23.980000000000018,1,1,1.0
1724157149932155200,9,472.54,575.25,51.95999999999998,31.75,1,1,1.0
1724157149932155200,7,568.1,564.5,81.39999999999998,24.799999999999955,1,1,1.0
1724157149998889400,1,453.43,464.91,366.17,117.25999999999993,1,2,1.0
1724157149998889400,6,674.11,570.2,56.02999999999997,24.870000000000005,1,1,1.0
1724157149998889400,8,571.2,590.77,35.64999999999998,13.930000000000064,1,1,1.0
1724157149998889400,9,476.92,579.7,43.78000000000003,34.43999999999994,1,1,1.0
1724157149998889400,7,581.46,566.04,79.24000000000001,26.56000000000006,1,1,1.0
1724157150064047000,1,450.55,463.27,355.84999999999997,117.83000000000004,1,2,1.0
1724157150064047000,6,676.5,568.1,59.89999999999998,27.299999999999955,1,1,1.0
1724157150064047000,8,572.76,591.11,39.56000000000006,17.529999999999973,1,1,1.0
1724157150064047000,9,475.51,584.2,46.07000000000005,33.799999999999955,1,1,1.0
1724157150064047000,7,588.07,564.0,84.82999999999993,31.299999999999955,1,1,1.0
1724157150126352800,1,451.66,466.25,335.38999999999993,115.32000000000005,1,2,1.0
1724157150126352800,6,683.06,564.95,57.54000000000008,31.049999999999955,1,1,1.0
1724157150126352800,8,580.28,590.77,38.82000000000005,13.730000000000018,1,1,1.0
1724157150126352800,9,479.3,583.22,45.48999999999995,33.27999999999997,1,1,1.0
1724157150126352800,7,598.53,563.32,76.37,32.379999999999995,1,1,1.0
1724157150187588800,1,456.36,462.8,340.65,116.82999999999998,1,2,1.0
1724157150187588800,6,687.86,565.6,51.24000000000001,28.600000000000023,1,1,1.0
1724157150187588800,8,578.9,589.06,35.08000000000004,12.730000000000018,1,1,1.0
1724157150187588800,9,479.6,578.93,47.67999999999995,36.870000000000005,1,1,1.0
1724157150187588800,7,595.1,562.65,77.19999999999993,33.14999999999998,1,1,1.0
1724157150254764600,1,456.91,464.72,360.86999999999995,115.38999999999999,1,2,1.0
1724157150254764600,6,689.14,565.09,52.75999999999999,27.209999999999923,1,1,1.0
1724157150254764600,8,584.71,590.39,30.18999999999994,8.610000000000014,1,1,1.0
1724157150254764600,9,482.53,579.86,51.23000000000002,32.94999999999993,1,1,1.0
1724157150254764600,10,641.91,546.68,25.889999999999986,15.440000000000055,1,1,1.0
1724157150254764600,7,600.19,562.36,77.6099999999999,33.93999999999994,1,1,1.0
1724157150316999500,1,457.27,457.79,336.93000000000006,121.84999999999997,1,2,1.0
1724157150316999500,6,688.38,563.89,52.620000000000005,28.909999999999968,1,1,1.0
1724157150316999500,8,587.44,589.06,27.559999999999945,13.040000000000077,1,1,1.0
1724157150316999500,9,480.62,579.75,56.72000000000003,32.64999999999998,1,1,1.0
1724157150316999500,10,650.57,546.68,25.629999999999995,16.220000000000027,1,1,1.0
1724157150316999500,7,601.33,565.59,71.06999999999994,29.909999999999968,1,1,1.0
1724157150316999500,11,499.05,558.74,24.489999999999952,18.809999999999945,1,1,1.0
1724157150381423700,1,443.68,454.99,372.92,126.06999999999994,1,2,1.0
1724157150381423700,6,691.07,570.16,52.729999999999905,21.840000000000032,1,1,1.0
1724157150381423700,9,483.9,581.23,57.05000000000007,31.370000000000005,1,1,1.0
1724157150381423700,10,648.88,549.53,23.120000000000005,14.370000000000005,1,1,1.0
1724157150381423700,7,600.12,566.78,75.27999999999997,29.82000000000005,1,1,1.0
1724157150381423700,11,497.26,555.1,34.34000000000003,24.539999999999964,1,1,1.0
1724157150448472400,1,450.91,454.59,346.38999999999993,126.19999999999999,1,2,1.0
1724157150448472400,6,706.43,577.68,39.770000000000095,12.620000000000005,1,1,1.0
1724157150448472400,9,485.42,580.16,65.58999999999997,32.5,1,1,1.0
1724157150448472400,10,645.54,547.58,34.360000000000014,15.819999999999936,1,1,1.0
1724157150448472400,7,603.9,567.2,73.89999999999998,32.39999999999998,1,1,1.0
1724157150448472400,11,496.8,555.0,37.11999999999995,23.100000000000023,1,1,1.0
1724157150510729000,1,453.3,459.13,339.44,115.66999999999996,1,2,1.0
1724157150510729000,6,712.58,575.29,33.319999999999936,14.31000000000006,1,1,1.0
1724157150510729000,9,482.6,580.44,67.69999999999993,32.19999999999993,1,1,1.0
1724157150510729000,10,653.19,549.88,35.90999999999997,16.41999999999996,1,1,1.0
1724157150510729000,7,603.0,567.63,73.20000000000005,31.66999999999996,1,1,1.0
1724157150510729000,11,497.2,554.5,43.660000000000025,24.299999999999955,1,1,1.0
1724157150582882900,1,448.1,456.55,361.29999999999995,119.35999999999996,1,2,1.0
1724157150582882900,6,713.95,574.94,33.319999999999936,14.319999999999936,1,1,1.0
1724157150582882900,9,489.5,582.03,65.76999999999998,29.07000000000005,1,1,1.0
1724157150582882900,10,644.21,548.37,43.789999999999964,20.33000000000004,1,1,1.0
1724157150582882900,7,602.5,568.25,81.20000000000005,33.25,1,1,1.0
1724157150582882900,11,496.7,555.48,49.85999999999996,29.91999999999996,1,1,1.0
1724157150641760600,1,441.9,452.84,364.55000000000007,113.66000000000003,1,2,1.0
1724157150641760600,6,726.58,574.26,21.719999999999914,12.940000000000055,1,1,1.0
1724157150641760600,9,513.4,579.75,45.89999999999998,19.25,1,1,1.0
1724157150641760600,10,644.01,547.2,50.789999999999964,22.199999999999932,1,1,1.0
1724157150641760600,7,612.5,565.55,86.60000000000002,42.450000000000045,1,1,1.0
1724157150641760600,11,489.0,553.7,60.299999999999955,31.199999999999932,1,1,1.0
1724157150641760600,12,482.99,597.64,37.97000000000003,17.480000000000018,1,1,1.0
1724157150700930600,1,452.9,456.07,363.65,122.94999999999999,1,2,1.0
1724157150700930600,6,725.22,570.16,19.67999999999995,16.040000000000077,1,1,1.0
1724157150700930600,9,519.4,581.5,43.25,17.0,1,1,1.0
1724157150700930600,10,654.62,549.64,44.48000000000002,24.610000000000014,1,1,1.0
1724157150700930600,7,630.19,564.1,68.40999999999997,43.5,1,1,1.0
1724157150700930600,11,476.2,549.1,75.50000000000006,46.89999999999998,1,1,1.0
1724157150700930600,12,485.97,598.01,37.97000000000003,17.480000000000018,1,1,1.0
1724157150773675400,1,455.93,457.95,337.35999999999996,119.58999999999997,1,2,1.0
1724157150773675400,6,732.39,573.24,14.210000000000036,12.659999999999968,1,1,1.0
1724157150773675400,9,521.2,581.1,51.19999999999993,16.799999999999955,1,1,1.0
1724157150773675400,10,652.35,551.19,47.94999999999993,24.1099999999999,1,1,1.0
1724157150773675400,7,629.07,564.66,75.32999999999993,43.940000000000055,1,1,1.0
1724157150773675400,11,475.6,549.9,75.39999999999998,47.30000000000007,1,1,1.0
1724157150773675400,12,486.99,594.4,35.68999999999994,21.720000000000027,1,1,1.0
1724157150828474200,1,451.9,453.82,380.80000000000007,126.18,1,2,1.0
1724157150828474200,6,732.39,573.24,14.210000000000036,12.659999999999968,1,1,1.0
1724157150828474200,9,527.4,581.8,45.80000000000007,16.600000000000023,1,1,1.0
1724157150828474200,10,648.26,546.83,53.34000000000003,20.870000000000005,1,1,1.0
1724157150828474200,7,647.42,571.51,54.370000000000005,38.81000000000006,1,1,1.0
1724157150828474200,11,471.7,552.6,82.19999999999999,42.69999999999993,1,1,1.0
1724157150828474200,12,489.1,593.33,33.14999999999998,21.969999999999914,1,1,1.0
1724157150895356800,1,449.9,462.51,343.83000000000004,112.78999999999996,1,2,1.0
1724157150895356800,9,535.31,582.6,43.99000000000001,16.019999999999982,1,1,1.0
1724157150895356800,10,652.92,551.83,53.389999999999986,17.069999999999936,1,1,1.0
1724157150895356800,7,643.78,569.79,65.12,37.31000000000006,1,1,1.0
1724157150895356800,11,474.0,546.6,76.29999999999995,50.0,1,1,1.0
1724157150895356800,12,485.7,597.18,35.26000000000005,19.40000000000009,1,1,1.0
1724157150979616500,1,445.57,449.31,352.19,127.19,1,2,1.0
1724157150979616500,9,530.1,582.07,47.799999999999955,14.029999999999973,1,1,1.0
1724157150979616500,10,647.27,552.48,61.25,18.319999999999936,1,1,1.0
1724157150979616500,7,646.58,573.04,58.319999999999936,34.16000000000008,1,1,1.0
1724157150979616500,11,496.8,550.5,65.19999999999999,38.299999999999955,1,1,1.0
1724157150979616500,12,488.7,597.24,36.990000000000066,20.659999999999968,1,1,1.0
1724157151020097700,1,448.22,452.13,359.78999999999996,126.63,1,2,1.0
1724157151020097700,9,535.38,582.45,30.720000000000027,12.75,1,1,1.0
1724157151020097700,10,646.9,553.09,71.80000000000007,21.409999999999968,1,1,1.0
1724157151020097700,7,649.6,578.19,60.66999999999996,34.20999999999992,1,1,1.0
1724157151020097700,11,499.2,551.6,68.91000000000003,30.699999999999932,1,1,1.0
1724157151020097700,12,487.7,596.56,40.52000000000004,22.940000000000055,1,1,1.0
1724157151104388500,1,451.33,444.45,340.53000000000003,128.71999999999997,1,2,1.0
1724157151104388500,10,661.04,551.55,61.66000000000008,28.550000000000068,1,1,1.0
1724157151104388500,7,644.51,573.06,65.09000000000003,37.940000000000055,1,1,1.0
1724157151104388500,11,506.2,553.02,63.50000000000006,25.879999999999995,1,1,1.0
1724157151104388500,12,495.5,593.3,37.629999999999995,26.600000000000023,1,1,1.0
1724157151148559500,1,447.64,445.33,359.96000000000004,131.79000000000002,1,2,1.0
1724157151148559500,10,643.3,547.1,79.20000000000005,24.600000000000023,1,1,1.0
1724157151148559500,7,632.97,572.79,80.90999999999997,39.42000000000007,1,1,1.0
1724157151148559500,11,497.06,552.6,69.17000000000002,30.17999999999995,1,1,1.0
1724157151148559500,12,495.1,591.83,37.72000000000003,29.269999999999982,1,1,1.0
1724157151223516700,1,459.28,446.52,368.98,120.88,1,2,1.0
1724157151223516700,10,643.91,546.61,79.09000000000003,33.389999999999986,1,1,1.0
1724157151223516700,7,632.53,572.15,82.17000000000007,39.950000000000045,1,1,1.0
1724157151223516700,11,500.23,552.1,65.38,30.779999999999973,1,1,1.0
1724157151223516700,12,493.2,587.11,44.76000000000005,31.68999999999994,1,1,1.0
1724157151285018800,1,459.37,440.13,355.63,126.26999999999998,1,2,1.0
1724157151285018800,10,642.84,545.62,83.05999999999995,34.58000000000004,1,1,1.0
1724157151285018800,7,633.3,570.8,81.30000000000007,40.30000000000007,1,1,1.0
1724157151285018800,11,498.0,549.4,76.38,26.5,1,1,1.0
1724157151285018800,12,490.3,594.31,41.97999999999996,23.99000000000001,1,1,1.0
1724157151338773900,1,434.58,442.77,382.13000000000005,129.52999999999997,1,2,1.0
1724157151338773900,10,647.2,545.63,80.5,31.16999999999996,1,1,1.0
1724157151338773900,7,629.82,569.12,88.07999999999993,40.17999999999995,1,1,1.0
1724157151338773900,11,499.0,548.9,84.03999999999996,33.700000000000045,1,1,1.0
1724157151338773900,12,490.1,594.01,38.75999999999999,23.789999999999964,1,1,1.0
1724157151425596500,1,452.3,437.75,336.49999999999994,130.04999999999995,1,2,1.0
1724157151425596500,13,498.69,553.22,26.77000000000004,28.089999999999918,1,1,1.0
1724157151425596500,10,645.4,545.2,87.20000000000005,25.899999999999977,1,1,1.0
1724157151425596500,7,631.72,568.0,84.98000000000002,42.700000000000045,1,1,1.0
1724157151425596500,11,522.7,547.7,64.88999999999999,20.09999999999991,1,1,1.0
1724157151425596500,12,489.4,589.3,43.200000000000045,28.8900000000001,1,1,1.0
1724157151474105200,1,427.04,437.84,372.09,130.26000000000005,1,2,1.0
1724157151474105200,13,489.76,552.4,43.34000000000003,32.31000000000006,1,1,1.0
1724157151474105200,10,668.54,549.82,65.16000000000008,24.479999999999905,1,1,1.0
1724157151474105200,7,644.5,576.7,74.25999999999999,33.59999999999991,1,1,1.0
1724157151474105200,14,543.9,525.7,38.10000000000002,22.229999999999905,1,1,1.0
1724157151474105200,11,537.33,544.8,50.870000000000005,21.31000000000006,1,1,1.0
1724157151474105200,12,482.36,593.83,55.789999999999964,25.029999999999973,1,1,1.0
1724157151570834900,1,423.35,435.7,403.9,134.88000000000005,1,2,1.0
1724157151570834900,13,496.14,550.65,45.889999999999986,28.529999999999973,1,1,1.0
1724157151570834900,10,663.26,552.59,77.94000000000005,27.309999999999945,1,1,1.0
1724157151570834900,7,643.9,577.8,76.13999999999999,31.370000000000005,1,1,1.0
1724157151570834900,14,549.3,523.02,38.08000000000004,24.180000000000064,1,1,1.0
1724157151570834900,11,544.13,543.55,53.870000000000005,22.980000000000018,1,1,1.0
1724157151570834900,12,486.76,589.91,56.64999999999998,29.769999999999982,1,1,1.0
1724157151606189100,1,464.93,432.71,324.57,124.42000000000002,1,2,1.0
1724157151606189100,13,499.11,552.4,41.18999999999994,30.620000000000005,1,1,1.0
1724157151606189100,15,515.69,537.92,41.64999999999998,21.290000000000077,1,1,1.0
1724157151606189100,10,677.7,553.02,69.5,30.480000000000018,1,1,1.0
1724157151606189100,7,617.43,573.76,105.81000000000006,33.879999999999995,1,1,1.0
1724157151606189100,14,551.4,524.05,38.05000000000007,19.65000000000009,1,1,1.0
1724157151606189100,11,543.14,542.9,62.74000000000001,20.450000000000045,1,1,1.0
1724157151606189100,12,492.85,588.91,53.65999999999997,30.940000000000055,1,1,1.0
1724157151665826100,1,425.82,430.33,363.59,134.51000000000005,1,2,1.0
1724157151665826100,13,494.81,565.4,44.160000000000025,21.019999999999982,1,1,1.0
1724157151665826100,15,516.96,540.47,41.65999999999997,21.289999999999964,1,1,1.0
1724157151665826100,10,693.05,551.15,54.75,32.85000000000002,1,1,1.0
1724157151665826100,7,659.38,576.95,63.789999999999964,28.75,1,1,1.0
1724157151665826100,14,551.1,522.33,41.45999999999992,19.969999999999914,1,1,1.0
1724157151665826100,11,556.11,540.3,60.99000000000001,18.40000000000009,1,1,1.0
1724157151665826100,12,493.09,590.66,58.64000000000004,28.540000000000077,1,1,1.0
1724157151724066500,1,430.6,422.76,383.35,137.34000000000003,1,2,1.0
1724157151724066500,13,487.6,568.02,24.060000000000002,26.480000000000018,1,1,1.0
1724157151724066500,15,511.5,536.64,57.74000000000001,34.860000000000014,1,1,1.0
1724157151724066500,10,693.7,551.96,52.39999999999998,32.43999999999994,1,1,1.0
1724157151724066500,7,665.23,575.11,59.16999999999996,28.870000000000005,1,1,1.0
1724157151724066500,14,553.6,522.73,41.50999999999999,17.66999999999996,1,1,1.0
1724157151724066500,11,571.44,540.9,53.3599999999999,17.0,1,1,1.0
1724157151724066500,12,493.45,592.6,62.69,25.159999999999968,1,1,1.0
1724157151790659000,1,432.3,435.02,353.33,126.38,1,2,1.0
1724157151790659000,13,513.3,562.12,47.10000000000002,22.17999999999995,1,1,1.0
1724157151790659000,15,488.8,535.79,83.83999999999997,40.41000000000008,1,1,1.0
1724157151790659000,10,683.61,545.57,61.59000000000003,36.129999999999995,1,1,1.0
1724157151790659000,7,661.95,575.5,64.94999999999993,30.899999999999977,1,1,1.0
1724157151790659000,14,560.8,521.52,40.60000000000002,17.670000000000073,1,1,1.0
1724157151790659000,11,575.79,539.22,52.00999999999999,17.67999999999995,1,1,1.0
1724157151790659000,12,490.93,592.38,78.15000000000003,23.779999999999973,1,1,1.0
1724157151853273500,1,437.69,432.45,377.39000000000004,124.64000000000004,1,2,1.0
1724157151853273500,15,491.5,537.92,76.47000000000003,38.58000000000004,1,1,1.0
1724157151853273500,10,702.39,550.5,44.00999999999999,28.5,1,1,1.0
1724157151853273500,7,676.67,574.2,51.930000000000064,32.39999999999998,1,1,1.0
1724157151853273500,14,559.33,521.66,40.59999999999991,17.670000000000073,1,1,1.0
1724157151853273500,11,579.02,536.04,51.58000000000004,20.160000000000082,1,1,1.0
1724157151853273500,12,508.23,589.53,66.50999999999999,28.410000000000082,1,1,1.0
1724157151921447300,1,430.76,428.7,385.99,133.90000000000003,1,2,1.0
1724157151921447300,15,521.55,537.07,53.6400000000001,22.09999999999991,1,1,1.0
1724157151921447300,10,701.51,553.23,51.49000000000001,26.16999999999996,1,1,1.0
1724157151921447300,7,679.0,576.28,47.10000000000002,28.920000000000073,1,1,1.0
1724157151921447300,14,558.62,520.07,43.35000000000002,17.459999999999923,1,1,1.0
1724157151921447300,11,591.25,537.69,50.85000000000002,18.209999999999923,1,1,1.0
1724157151921447300,12,526.28,587.74,71.98000000000002,26.019999999999982,1,1,1.0
1724157151992860200,1,430.78,426.64,365.0400000000001,137.56000000000006,1,2,1.0
1724157151992860200,15,522.83,537.9,65.56999999999994,22.970000000000027,1,1,1.0
1724157151992860200,10,681.69,555.87,73.40999999999997,23.529999999999973,1,1,1.0
1724157151992860200,7,681.03,579.56,48.57000000000005,22.440000000000055,1,1,1.0
1724157151992860200,14,563.72,519.64,43.35000000000002,17.470000000000027,1,1,1.0
1724157151992860200,11,605.47,538.28,40.73000000000002,16.32000000000005,1,1,1.0
1724157151992860200,12,518.48,585.63,70.65999999999997,28.31000000000006,1,1,1.0
1724157152044477800,1,425.95,431.96,391.65000000000003,127.04000000000002,1,2,1.0
1724157152044477800,15,519.0,535.78,65.57000000000005,22.970000000000027,1,1,1.0
1724157152044477800,10,681.39,553.5,74.00999999999999,24.899999999999977,1,1,1.0
1724157152044477800,7,682.17,581.22,47.930000000000064,24.579999999999927,1,1,1.0
1724157152044477800,14,565.42,519.64,43.35000000000002,17.470000000000027,1,1,1.0
1724157152044477800,11,619.39,539.63,36.73000000000002,14.330000000000041,1,1,1.0
1724157152044477800,12,527.1,586.77,72.36000000000001,26.74000000000001,1,1,1.0
1724157152110384000,1,422.92,430.8,409.05,122.89000000000004,1,2,1.0
1724157152110384000,15,528.77,537.9,65.58000000000004,22.970000000000027,1,1,1.0
1724157152110384000,10,717.81,558.78,39.8900000000001,22.620000000000005,1,1,1.0
1724157152110384000,7,704.24,582.22,28.059999999999945,20.139999999999986,1,1,1.0
1724157152110384000,16,538.59,588.6,30.529999999999973,15.480000000000018,1,1,1.0
1724157152110384000,14,563.3,517.9,50.57000000000005,19.639999999999986,1,1,1.0
1724157152110384000,11,619.39,539.63,42.40999999999997,12.870000000000005,1,1,1.0
1724157152110384000,12,564.9,592.3,39.59000000000003,17.470000000000027,1,1,1.0
1724157152176379000,1,442.26,423.5,364.13,132.26999999999998,1,2,1.0
1724157152176379000,15,534.3,537.9,65.57000000000005,22.970000000000027,1,1,1.0
1724157152176379000,10,722.46,556.5,35.24000000000001,22.399999999999977,1,1,1.0
1724157152176379000,7,704.22,583.27,28.980000000000018,15.529999999999973,1,1,1.0
1724157152176379000,16,543.32,580.0,36.57999999999993,22.360000000000014,1,1,1.0
1724157152176379000,14,570.95,519.0,50.569999999999936,18.539999999999964,1,1,1.0
1724157152176379000,12,572.2,591.4,40.729999999999905,19.33000000000004,1,1,1.0
1724157152243774400,1,430.15,420.5,397.6700000000001,136.79999999999995,1,2,1.0
1724157152243774400,15,527.9,535.12,75.44000000000005,26.600000000000023,1,1,1.0
1724157152243774400,10,730.97,554.81,27.230000000000018,22.3900000000001,1,1,1.0
1724157152243774400,7,695.24,571.94,37.75999999999999,26.25999999999999,1,1,1.0
1724157152243774400,16,557.22,574.0,42.98000000000002,18.370000000000005,1,1,1.0
1724157152243774400,14,562.11,519.1,60.43999999999994,16.860000000000014,1,1,1.0
1724157152243774400,17,509.6,530.54,34.89999999999998,22.780000000000086,1,1,1.0
1724157152243774400,12,558.38,590.6,57.75999999999999,17.850000000000023,1,1,1.0
1724157152302000600,1,435.92,422.95,400.82,124.65000000000003,1,2,1.0
1724157152302000600,15,530.45,536.4,75.43999999999994,26.600000000000023,1,1,1.0
1724157152302000600,10,730.19,554.64,24.909999999999968,23.06000000000006,1,1,1.0
1724157152302000600,7,713.34,582.19,18.959999999999923,15.309999999999945,1,1,1.0
1724157152302000600,16,553.17,573.64,42.99000000000001,18.360000000000014,1,1,1.0
1724157152302000600,14,554.99,518.7,72.25999999999999,17.409999999999968,1,1,1.0
1724157152302000600,17,498.7,528.24,47.44999999999999,29.360000000000014,1,1,1.0
1724157152302000600,12,555.85,589.4,64.29999999999995,18.74000000000001,1,1,1.0
1724157152367604700,1,427.4,409.9,427.4,147.5,1,2,1.0
1724157152367604700,15,534.9,533.28,72.10000000000002,25.620000000000005,1,1,1.0
1724157152367604700,10,714.14,559.45,47.56000000000006,16.649999999999977,1,1,1.0
1724157152367604700,7,715.73,585.26,17.269999999999982,12.539999999999964,1,1,1.0
1724157152367604700,16,573.38,577.7,29.41999999999996,13.199999999999932,1,1,1.0
1724157152367604700,14,569.57,515.56,70.65999999999997,17.690000000000055,1,1,1.0
1724157152367604700,17,498.0,528.07,53.25,32.32999999999993,1,1,1.0
1724157152367604700,12,571.0,588.9,55.039999999999964,16.970000000000027,1,1,1.0
1724157152442351000,1,440.56,416.64,405.14000000000004,132.19000000000005,1,2,1.0
1724157152442351000,15,538.71,535.4,69.99000000000001,20.5,1,1,1.0
1724157152442351000,10,737.71,560.15,24.49000000000001,13.350000000000023,1,1,1.0
1724157152442351000,7,717.43,585.95,16.270000000000095,11.849999999999909,1,1,1.0
1724157152442351000,16,569.34,573.7,35.25999999999999,19.039999999999964,1,1,1.0
1724157152442351000,14,565.01,515.48,90.49000000000001,21.220000000000027,1,1,1.0
1724157152442351000,17,496.19,529.2,53.25000000000006,29.549999999999955,1,1,1.0
1724157152442351000,12,587.51,586.65,39.889999999999986,19.25,1,1,1.0
1724157152493723500,1,428.7,417.38,407.17,137.62,1,2,1.0
1724157152493723500,15,540.03,533.92,78.18000000000006,21.139999999999986,1,1,1.0
1724157152493723500,10,744.12,562.45,23.379999999999995,11.049999999999955,1,1,1.0
1724157152493723500,16,581.83,567.5,46.969999999999914,19.360000000000014,1,1,1.0
1724157152493723500,14,585.5,516.8,55.5,20.6400000000001,1,1,1.0
1724157152493723500,17,500.3,527.22,53.259999999999934,31.879999999999995,1,1,1.0
1724157152559916600,1,441.31,412.91,318.48999999999995,137.38999999999993,1,2,1.0
1724157152559916600,15,542.22,530.78,68.39999999999998,25.58000000000004,1,1,1.0
1724157152559916600,10,730.94,561.32,31.959999999999923,12.979999999999905,1,1,1.0
1724157152559916600,18,543.63,507.7,34.52999999999997,16.740000000000066,1,1,1.0
1724157152559916600,16,584.43,567.25,61.98000000000002,19.75999999999999,1,1,1.0
1724157152559916600,14,582.03,513.33,74.07000000000005,22.870000000000005,1,1,1.0
1724157152559916600,17,499.8,525.08,54.74999999999994,31.91999999999996,1,1,1.0
1724157152631492300,1,425.2,411.31,388.00000000000006,143.08999999999997,1,2,1.0
1724157152631492300,15,556.03,528.89,65.51999999999998,24.889999999999986,1,1,1.0
1724157152631492300,10,740.56,564.63,21.940000000000055,9.769999999999982,1,1,1.0
1724157152631492300,18,541.9,507.02,49.23000000000002,20.480000000000018,1,1,1.0
1724157152631492300,16,590.61,564.66,56.77999999999997,20.680000000000064,1,1,1.0
1724157152631492300,14,594.36,511.85,57.14999999999998,24.860000000000014,1,1,1.0
1724157152631492300,17,491.9,528.05,67.42000000000007,35.85000000000002,1,1,1.0
1724157152694627500,1,424.02,411.56,412.06000000000006,139.08999999999997,1,2,1.0
1724157152694627500,15,553.94,528.67,70.43999999999994,22.290000000000077,1,1,1.0
1724157152694627500,10,754.16,559.24,15.440000000000055,9.360000000000014,1,1,1.0
1724157152694627500,18,533.02,509.4,70.08000000000004,18.440000000000055,1,1,1.0
1724157152694627500,16,598.3,566.21,64.30000000000007,20.579999999999927,1,1,1.0
1724157152694627500,14,598.22,516.77,58.58999999999992,21.610000000000014,1,1,1.0
1724157152694627500,17,497.0,527.55,59.51999999999998,38.450000000000045,1,1,1.0
1724157152751923200,1,433.0,403.7,334.1,147.38000000000005,1,2,1.0
1724157152751923200,15,569.37,526.3,56.92999999999995,26.600000000000023,1,1,1.0
1724157152751923200,19,492.02,607.11,12.700000000000045,8.029999999999973,1,1,1.0
1724157152751923200,18,533.02,509.4,61.180000000000064,18.440000000000055,1,1,1.0
1724157152751923200,16,622.84,564.1,54.98000000000002,19.399999999999977,1,1,1.0
1724157152751923200,14,602.6,514.33,65.39999999999998,23.870000000000005,1,1,1.0
1724157152751923200,17,493.71,527.1,63.79000000000002,35.76999999999998,1,1,1.0
1724157152815062100,1,420.1,405.51,343.36,145.39,1,2,1.0
1724157152815062100,15,566.06,526.37,58.31000000000006,23.07000000000005,1,1,1.0
1724157152815062100,10,747.8,550.41,30.460000000000036,13.680000000000064,1,1,1.0
1724157152815062100,19,490.8,603.3,14.800000000000011,15.100000000000023,1,1,1.0
1724157152815062100,18,542.9,505.75,51.0,23.149999999999977,1,1,1.0
1724157152815062100,16,628.89,564.56,52.430000000000064,19.010000000000105,1,1,1.0
1724157152815062100,14,603.1,516.6,67.10000000000002,20.299999999999955,1,1,1.0
1724157152815062100,17,493.9,527.3,61.0,33.10000000000002,1,1,1.0
1724157152815062100,20,480.91,518.66,34.56999999999999,26.280000000000086,1,1,1.0
1724157152876699600,1,410.8,406.19,348.71,136.51000000000005,1,2,1.0
1724157152876699600,15,565.7,527.9,65.64999999999998,23.629999999999995,1,1,1.0
1724157152876699600,19,490.4,601.06,17.03000000000003,16.1400000000001,1,1,1.0
1724157152876699600,18,531.1,502.78,70.60000000000002,24.32000000000005,1,1,1.0
1724157152876699600,16,629.51,562.19,59.200000000000045,23.75,1,1,1.0
1724157152876699600,14,613.68,515.68,58.42000000000007,21.920000000000073,1,1,1.0
1724157152876699600,17,506.25,527.1,54.25,25.069999999999936,1,1,1.0
1724157152876699600,20,477.8,518.7,41.49999999999994,27.969999999999914,1,1,1.0
1724157152942596000,1,422.2,402.92,377.3,148.68,1,2,1.0
1724157152942596000,15,583.51,527.67,44.77999999999997,20.81000000000006,1,1,1.0
1724157152942596000,19,487.5,597.4,29.200000000000045,21.200000000000045,1,1,1.0
1724157152942596000,18,548.4,502.05,52.860000000000014,24.749999999999943,1,1,1.0
1724157152942596000,16,632.15,562.32,73.98000000000002,24.799999999999955,1,1,1.0
1724157152942596000,14,633.76,520.5,37.940000000000055,18.899999999999977,1,1,1.0
1724157152942596000,17,515.84,526.57,39.51999999999998,15.979999999999905,1,1,1.0
1724157152942596000,20,478.84,520.8,35.26000000000005,24.1400000000001,1,1,1.0
1724157153005778500,1,396.58,403.8,423.92,141.60999999999996,1,2,1.0
1724157153005778500,15,592.39,533.11,44.31000000000006,18.149999999999977,1,1,1.0
1724157153005778500,19,488.14,594.6,33.15999999999997,21.5,1,1,1.0
1724157153005778500,18,544.7,502.86,66.88999999999999,26.43999999999994,1,1,1.0
1724157153005778500,16,638.65,565.4,72.27999999999997,22.07000000000005,1,1,1.0
1724157153005778500,14,633.94,521.22,40.95999999999992,17.079999999999927,1,1,1.0
1724157153005778500,17,522.04,527.98,24.860000000000014,11.720000000000027,1,1,1.0
1724157153005778500,20,479.69,517.35,48.06,28.309999999999945,1,1,1.0
1724157153077551300,1,417.45,402.31,354.53000000000003,147.63000000000005,1,2,1.0
1724157153077551300,19,490.02,592.3,38.77999999999997,24.00999999999999,1,1,1.0
1724157153077551300,18,548.5,502.47,65.58000000000004,25.230000000000018,1,1,1.0
1724157153077551300,16,658.8,565.78,66.78000000000009,23.769999999999982,1,1,1.0
1724157153077551300,14,644.37,521.97,50.52999999999997,16.829999999999927,1,1,1.0
1724157153077551300,17,515.31,527.8,31.590000000000032,17.57000000000005,1,1,1.0
1724157153077551300,20,479.69,513.2,58.20999999999998,32.45999999999992,1,1,1.0
1724157153132998500,1,407.9,399.19,360.20000000000005,146.31,1,2,1.0
1724157153132998500,19,488.72,590.8,42.07999999999993,24.6400000000001,1,1,1.0
1724157153132998500,18,554.17,501.55,67.38,26.369999999999948,1,1,1.0
1724157153132998500,16,672.91,567.52,58.73000000000002,22.399999999999977,1,1,1.0
1724157153132998500,14,645.0,521.65,53.710000000000036,14.649999999999977,1,1,1.0
1724157153132998500,17,533.2,527.09,24.99000000000001,12.219999999999914,1,1,1.0
1724157153132998500,20,468.89,512.6,71.50999999999999,37.5,1,1,1.0
1724157153197347700,1,428.6,399.21,325.80999999999995,138.08999999999997,1,2,1.0
1724157153197347700,21,521.56,499.44,48.60000000000002,21.80000000000001,1,1,1.0
1724157153197347700,19,488.3,588.8,49.099999999999966,27.100000000000023,1,1,1.0
1724157153197347700,18,558.59,502.49,90.86000000000001,28.799999999999955,1,1,1.0
1724157153197347700,16,684.95,567.13,54.620000000000005,25.16999999999996,1,1,1.0
1724157153197347700,14,649.34,520.45,42.15999999999997,17.049999999999955,1,1,1.0
1724157153197347700,20,462.55,519.2,65.84999999999997,33.389999999999986,1,1,1.0
1724157153274517600,1,397.9,400.25,360.24,145.54999999999995,1,2,1.0
1724157153274517600,21,521.56,497.1,54.54000000000008,24.600000000000023,1,1,1.0
1724157153274517600,19,488.9,584.6,51.60000000000002,28.090000000000032,1,1,1.0
1724157153274517600,18,575.3,502.26,63.55000000000007,28.730000000000018,1,1,1.0
1724157153274517600,16,682.95,565.2,56.0,26.769999999999982,1,1,1.0
1724157153274517600,14,663.1,521.49,42.39999999999998,15.409999999999968,1,1,1.0
1724157153274517600,20,474.92,520.3,43.97999999999996,30.200000000000045,1,1,1.0
1724157153341079800,1,395.3,394.92,361.47999999999996,143.18,1,2,1.0
1724157153341079800,21,525.65,496.65,54.54000000000008,24.590000000000032,1,1,1.0
1724157153341079800,19,488.6,583.9,59.39999999999998,29.100000000000023,1,1,1.0
1724157153341079800,18,584.44,501.81,53.049999999999955,28.72999999999996,1,1,1.0
1724157153341079800,16,694.0,571.58,53.0,20.41999999999996,1,1,1.0
1724157153341079800,14,684.48,522.16,20.539999999999964,13.990000000000009,1,1,1.0
1724157153341079800,22,515.01,524.48,30.49000000000001,19.110000000000014,1,1,1.0
1724157153341079800,20,475.8,515.95,39.69,29.789999999999964,1,1,1.0
1724157153390523400,1,413.87,399.26,349.23,146.64,1,2,1.0
1724157153390523400,21,525.65,496.65,62.690000000000055,24.590000000000032,1,1,1.0
1724157153390523400,19,500.37,579.9,49.92999999999995,28.340000000000032,1,1,1.0
1724157153390523400,18,577.71,504.71,64.36000000000001,23.27000000000004,1,1,1.0
1724157153390523400,16,695.12,556.93,50.27999999999997,38.370000000000005,1,1,1.0
1724157153390523400,14,684.0,522.28,21.600000000000023,13.990000000000009,1,1,1.0
1724157153390523400,22,503.4,523.97,42.690000000000055,21.799999999999955,1,1,1.0
1724157153390523400,20,472.7,512.6,51.19999999999999,32.39999999999998,1,1,1.0
1724157153451868600,1,413.3,398.17,346.59999999999997,145.12999999999994,1,2,1.0
1724157153451868600,21,525.65,496.65,70.85000000000002,24.590000000000032,1,1,1.0
1724157153451868600,19,495.3,578.4,63.650000000000034,38.30000000000007,1,1,1.0
1724157153451868600,18,579.3,509.6,69.67000000000007,17.49000000000001,1,1,1.0
1724157153451868600,16,704.48,562.03,41.819999999999936,30.769999999999982,1,1,1.0
1724157153451868600,22,501.3,523.07,46.170000000000016,23.729999999999905,1,1,1.0
1724157153451868600,20,473.8,511.72,54.06999999999999,34.77999999999997,1,1,1.0
1724157153524205100,1,411.2,398.83,344.82,143.99000000000007,1,2,1.0
1724157153524205100,21,525.65,496.65,73.10000000000002,24.590000000000032,1,1,1.0
1724157153524205100,19,496.9,576.9,72.39999999999998,38.89999999999998,1,1,1.0
1724157153524205100,18,587.12,509.1,70.85000000000002,23.16999999999996,1,1,1.0
1724157153524205100,16,710.85,567.98,36.25,21.019999999999982,1,1,1.0
1724157153524205100,22,497.59,522.9,57.20999999999998,28.610000000000014,1,1,1.0
1724157153524205100,20,475.6,513.48,49.39999999999998,30.620000000000005,1,1,1.0
1724157153583175700,1,405.28,397.31,354.5,144.19,1,2,1.0
1724157153583175700,21,525.65,496.65,75.35000000000002,24.590000000000032,1,1,1.0
1724157153583175700,19,497.4,575.6,77.10000000000002,40.69999999999993,1,1,1.0
1724157153583175700,18,599.6,509.6,62.39999999999998,23.799999999999955,1,1,1.0
1724157153583175700,16,709.15,569.26,34.55000000000007,20.139999999999986,1,1,1.0
1724157153583175700,22,501.74,519.0,51.25999999999999,36.34000000000003,1,1,1.0
1724157153583175700,20,476.7,511.06,48.740000000000066,33.23999999999995,1,1,1.0
1724157153643757300,1,408.9,398.47,405.87,128.80999999999995,1,2,1.0
1724157153643757300,23,466.53,584.39,19.55000000000001,11.899999999999977,1,1,1.0
1724157153643757300,21,536.55,496.19,75.35000000000002,24.599999999999966,1,1,1.0
1724157153643757300,19,512.23,574.0,70.56999999999994,30.17999999999995,1,1,1.0
1724157153643757300,18,603.3,507.3,61.30000000000007,28.999999999999943,1,1,1.0
1724157153643757300,22,513.5,521.35,50.14999999999998,22.949999999999932,1,1,1.0
1724157153643757300,20,498.12,509.8,34.58000000000004,20.319999999999993,1,1,1.0
1724157153722567100,1,416.0,401.2,348.70000000000005,138.50000000000006,1,2,1.0
1724157153722567100,23,468.23,584.82,19.549999999999955,11.899999999999977,1,1,1.0
1724157153722567100,21,546.99,495.28,63.50999999999999,24.600000000000023,1,1,1.0
1724157153722567100,19,511.75,573.0,78.64999999999998,27.17999999999995,1,1,1.0
1724157153722567100,18,616.39,506.38,58.50999999999999,32.41999999999996,1,1,1.0
1724157153722567100,22,516.6,519.1,52.84000000000003,19.980000000000018,1,1,1.0
1724157153722567100,20,481.37,505.4,42.02999999999997,33.32000000000005,1,1,1.0
1724157153784609700,1,428.98,399.82,335.12,131.28000000000003,1,2,1.0
1724157153784609700,23,461.43,581.42,31.069999999999993,16.980000000000018,1,1,1.0
1724157153784609700,21,562.47,499.82,63.19999999999993,19.30000000000001,1,1,1.0
1724157153784609700,19,524.3,570.8,74.5,22.300000000000068,1,1,1.0
1724157153784609700,18,627.37,508.5,54.42999999999995,35.440000000000055,1,1,1.0
1724157153784609700,22,516.3,520.0,58.23000000000002,17.480000000000018,1,1,1.0
1724157153784609700,20,495.25,510.7,29.049999999999955,20.52000000000004,1,1,1.0
1724157153835817100,1,426.53,399.3,334.18000000000006,130.59999999999997,1,2,1.0
1724157153835817100,23,464.83,583.97,27.670000000000016,14.029999999999973,1,1,1.0
1724157153835817100,21,566.16,500.75,68.48000000000002,18.75999999999999,1,1,1.0
1724157153835817100,19,527.9,569.9,74.60000000000002,21.800000000000068,1,1,1.0
1724157153835817100,18,632.4,516.4,48.30000000000007,27.0,1,1,1.0
1724157153835817100,22,536.3,521.1,43.41000000000008,16.18999999999994,1,1,1.0
1724157153835817100,20,489.53,509.6,45.620000000000005,24.75999999999999,1,1,1.0
1724157153902390400,1,405.8,402.35,355.61999999999995,138.25,1,2,1.0
1724157153902390400,23,462.7,579.72,29.0,19.579999999999927,1,1,1.0
1724157153902390400,21,559.35,501.66,77.14999999999998,18.759999999999934,1,1,1.0
1724157153902390400,19,535.1,569.1,67.79999999999995,24.799999999999955,1,1,1.0
1724157153902390400,18,633.5,513.2,46.89999999999998,32.0,1,1,1.0
1724157153902390400,22,528.45,520.8,54.049999999999955,17.360000000000014,1,1,1.0
1724157153902390400,20,483.8,508.5,62.19999999999999,29.0,1,1,1.0
1724157153967731800,1,404.3,401.81,360.59999999999997,138.98999999999995,1,2,1.0
1724157153967731800,23,466.1,582.69,30.299999999999955,17.50999999999999,1,1,1.0
1724157153967731800,21,569.74,501.19,75.89999999999998,19.089999999999975,1,1,1.0
1724157153967731800,19,553.9,566.0,59.0,22.799999999999955,1,1,1.0
1724157153967731800,18,639.6,520.4,41.610000000000014,23.31000000000006,1,1,1.0
1724157153967731800,22,539.59,521.4,60.82999999999993,16.870000000000005,1,1,1.0
1724157153967731800,20,489.71,505.1,61.37000000000006,25.230000000000018,1,1,1.0
1724157154033613000,1,413.9,399.32,350.0,140.68,1,2,1.0
1724157154033613000,23,468.23,580.57,37.56999999999999,20.529999999999973,1,1,1.0
1724157154033613000,21,583.17,500.33,72.43000000000006,23.46999999999997,1,1,1.0
1724157154033613000,19,566.3,566.2,48.40000000000009,23.84999999999991,1,1,1.0
1724157154033613000,18,649.15,517.94,25.350000000000023,17.459999999999923,1,1,1.0
1724157154033613000,22,539.4,520.1,55.370000000000005,18.970000000000027,1,1,1.0
1724157154033613000,24,444.76,534.46,45.25,37.17999999999995,1,1,1.0
1724157154033613000,20,488.3,503.81,60.56,28.05000000000001,1,1,1.0
1724157154093378900,1,410.3,398.57,355.2,142.82999999999998,1,2,1.0
1724157154093378900,23,473.98,585.16,35.68000000000001,19.190000000000055,1,1,1.0
1724157154093378900,21,597.83,499.8,74.96999999999991,27.400000000000034,1,1,1.0
1724157154093378900,19,562.9,564.1,65.70000000000005,27.699999999999932,1,1,1.0
1724157154093378900,18,656.41,522.48,33.49000000000001,26.120000000000005,1,1,1.0
1724157154093378900,22,535.3,515.3,61.56000000000006,25.030000000000086,1,1,1.0
1724157154093378900,24,442.46,536.59,49.27000000000004,34.02999999999997,1,1,1.0
1724157154093378900,20,481.36,504.1,59.74000000000001,30.870000000000005,1,1,1.0
1724157154156913900,1,409.9,399.24,425.11,140.46000000000004,1,2,1.0
1724157154156913900,23,480.9,584.91,27.920000000000016,17.49000000000001,1,1,1.0
1724157154156913900,21,596.14,500.55,81.90999999999997,31.170000000000016,1,1,1.0
1724157154156913900,19,563.8,563.8,70.5,29.0,1,1,1.0
1724157154156913900,18,658.46,524.3,33.48000000000002,26.120000000000005,1,1,1.0
1724157154156913900,22,536.4,513.5,64.56000000000006,30.379999999999995,1,1,1.0
1724157154156913900,24,444.63,538.9,59.110000000000014,32.15999999999997,1,1,1.0
1724157154156913900,20,480.37,504.2,75.32000000000005,29.430000000000007,1,1,1.0
1724157154222994700,1,411.67,398.96,358.79,142.23000000000008,1,2,1.0
1724157154222994700,23,470.98,581.79,49.34000000000003,23.519999999999982,1,1,1.0
1724157154222994700,21,598.52,499.29,82.22000000000003,33.31999999999999,1,1,1.0
1724157154222994700,19,563.5,563.1,75.70000000000005,30.399999999999977,1,1,1.0
1724157154222994700,22,568.54,518.36,40.92000000000007,23.309999999999945,1,1,1.0
1724157154222994700,24,443.53,536.65,51.22000000000003,35.25,1,1,1.0
1724157154222994700,20,487.66,507.64,72.38999999999993,24.690000000000055,1,1,1.0
1724157154286250300,1,408.0,395.31,370.1,146.29000000000002,1,2,1.0
1724157154286250300,23,469.71,582.15,49.599999999999966,22.720000000000027,1,1,1.0
1724157154286250300,21,589.9,500.15,88.60000000000002,32.870000000000005,1,1,1.0
1724157154286250300,19,567.6,563.8,76.69999999999993,22.200000000000045,1,1,1.0
1724157154286250300,22,561.44,522.19,52.75,20.36999999999989,1,1,1.0
1724157154286250300,24,445.51,536.91,47.30000000000001,31.82000000000005,1,1,1.0
1724157154286250300,20,484.34,506.9,79.63000000000005,26.800000000000068,1,1,1.0
1724157154347366700,1,406.2,393.33,349.43,148.07,1,2,1.0
1724157154347366700,23,476.7,579.53,44.78000000000003,26.149999999999977,1,1,1.0
1724157154347366700,21,623.16,504.92,62.34000000000003,35.579999999999984,1,1,1.0
1724157154347366700,19,556.9,563.5,102.39999999999998,25.5,1,1,1.0
1724157154347366700,25,569.06,504.45,44.8900000000001,12.479999999999961,1,1,1.0
1724157154347366700,22,569.36,522.5,55.48000000000002,20.970000000000027,1,1,1.0
1724157154347366700,24,448.59,540.53,45.03000000000003,27.75,1,1,1.0
1724157154347366700,20,468.5,507.58,97.24000000000001,34.81999999999999,1,1,1.0
1724157154424208500,1,409.3,398.9,367.57,142.10000000000002,1,2,1.0
1724157154424208500,23,477.31,577.69,46.30000000000001,27.639999999999986,1,1,1.0
1724157154424208500,21,623.55,503.21,62.22000000000003,30.510000000000048,1,1,1.0
1724157154424208500,19,569.3,560.38,85.90000000000009,22.620000000000005,1,1,1.0
1724157154424208500,25,567.9,505.65,48.450000000000045,12.480000000000018,1,1,1.0
1724157154424208500,22,556.03,518.87,75.16000000000008,27.980000000000018,1,1,1.0
1724157154424208500,24,441.28,545.1,39.120000000000005,29.579999999999927,1,1,1.0
1724157154424208500,20,459.76,506.4,100.13999999999999,34.83000000000004,1,1,1.0
1724157154477258800,1,437.99,400.6,318.76,119.41999999999996,1,2,1.0
1724157154477258800,23,478.76,579.11,50.24000000000001,26.840000000000032,1,1,1.0
1724157154477258800,21,647.08,506.9,43.469999999999914,32.370000000000005,1,1,1.0
1724157154477258800,19,587.1,557.05,75.5,26.75,1,1,1.0
1724157154477258800,25,579.2,504.93,52.99000000000001,13.170000000000016,1,1,1.0
1724157154477258800,22,542.09,525.91,88.50999999999999,22.980000000000018,1,1,1.0
1724157154477258800,24,441.5,542.2,47.04000000000002,31.199999999999932,1,1,1.0
1724157154477258800,20,482.3,505.1,93.59999999999997,32.89999999999998,1,1,1.0
1724157154539607300,1,441.2,391.1,316.59999999999997,128.27999999999997,1,2,1.0
1724157154539607300,23,474.67,580.03,54.660000000000025,24.879999999999995,1,1,1.0
1724157154539607300,21,640.77,506.4,50.710000000000036,33.450000000000045,1,1,1.0
1724157154539607300,19,584.9,560.15,80.75,26.360000000000014,1,1,1.0
1724157154539607300,25,579.2,504.93,56.09999999999991,18.46999999999997,1,1,1.0
1724157154539607300,22,534.86,526.04,101.03999999999996,24.99000000000001,1,1,1.0
1724157154539607300,24,435.1,542.66,61.66999999999996,30.74000000000001,1,1,1.0
1724157154539607300,20,483.7,507.4,89.50000000000006,32.610000000000014,1,1,1.0
1724157154605196000,1,439.9,392.07,308.39,125.58999999999997,1,2,1.0
1724157154605196000,23,475.01,580.14,65.10000000000002,23.110000000000014,1,1,1.0
1724157154605196000,21,653.93,509.81,47.450000000000045,32.60999999999996,1,1,1.0
1724157154605196000,19,598.97,557.6,73.92999999999995,25.889999999999986,1,1,1.0
1724157154605196000,25,583.5,502.62,48.299999999999955,17.480000000000018,1,1,1.0
1724157154605196000,22,570.66,526.09,70.84000000000003,25.480000000000018,1,1,1.0
1724157154605196000,24,438.8,538.69,54.889999999999986,36.50999999999999,1,1,1.0
1724157154605196000,20,493.16,509.4,85.23999999999995,26.0,1,1,1.0
1724157154687729100,1,433.14,406.82,310.26,117.07999999999998,1,2,1.0
1724157154687729100,23,477.22,580.05,67.83999999999992,22.75,1,1,1.0
1724157154687729100,21,655.95,510.67,47.569999999999936,35.339999999999975,1,1,1.0
1724157154687729100,19,614.85,556.59,68.16999999999996,27.50999999999999,1,1,1.0
1724157154687729100,25,586.59,506.36,39.70999999999992,12.93999999999994,1,1,1.0
1724157154687729100,22,557.4,520.3,88.37,32.8900000000001,1,1,1.0
1724157154687729100,24,440.3,537.02,55.349999999999966,44.08000000000004,1,1,1.0
1724157154687729100,20,471.3,507.15,109.16000000000003,25.75,1,1,1.0
1724157154741885500,1,426.5,404.3,318.70000000000005,120.99999999999994,1,2,1.0
1724157154741885500,23,480.4,576.82,69.84000000000003,27.779999999999973,1,1,1.0
1724157154741885500,21,655.66,511.43,54.780000000000086,36.839999999999975,1,1,1.0
1724157154741885500,19,600.31,555.14,82.29000000000008,29.75999999999999,1,1,1.0
1724157154741885500,25,596.03,504.6,36.67000000000007,15.299999999999955,1,1,1.0
1724157154741885500,22,593.7,527.65,58.24000000000001,26.57000000000005,1,1,1.0
1724157154741885500,24,431.6,537.47,58.56,46.42999999999995,1,1,1.0
1724157154741885500,20,481.1,507.3,99.5,28.69999999999999,1,1,1.0
1724157154811897100,1,428.78,403.73,313.65,124.87,1,2,1.0
1724157154811897100,23,491.71,574.83,78.52000000000004,33.18999999999994,1,1,1.0
1724157154811897100,21,659.08,514.2,53.25,36.75999999999999,1,1,1.0
1724157154811897100,19,605.77,556.55,81.63,43.75,1,1,1.0
1724157154811897100,25,599.87,507.07,38.42999999999995,13.430000000000007,1,1,1.0
1724157154811897100,22,599.6,530.5,73.19999999999993,29.399999999999977,1,1,1.0
1724157154811897100,24,443.1,529.77,46.31999999999999,53.83000000000004,1,1,1.0
1724157154811897100,20,485.8,508.7,85.41000000000003,20.95999999999998,1,1,1.0
1724157154858983600,1,396.2,402.8,359.40000000000003,135.09999999999997,1,2,1.0
1724157154858983600,23,490.3,574.8,67.49999999999994,32.680000000000064,1,1,1.0
1724157154858983600,21,662.72,518.04,52.799999999999955,33.440000000000055,1,1,1.0
1724157154858983600,19,617.08,557.48,71.31999999999994,25.819999999999936,1,1,1.0
1724157154858983600,25,598.5,504.54,36.50999999999999,14.859999999999957,1,1,1.0
1724157154858983600,22,598.2,532.44,87.99000000000001,32.559999999999945,1,1,1.0
1724157154858983600,24,449.1,535.71,44.889999999999986,47.49000000000001,1,1,1.0
1724157154858983600,20,467.41,510.2,112.21999999999997,26.000000000000057,1,1,1.0
1724157154929039700,1,424.75,398.5,320.66999999999996,116.20000000000005,1,2,1.0
1724157154929039700,23,490.03,571.4,82.47000000000003,38.52999999999997,1,1,1.0
1724157154929039700,21,656.37,514.15,67.30999999999995,40.04000000000008,1,1,1.0
1724157154929039700,19,626.44,559.43,68.65999999999997,20.07000000000005,1,1,1.0
1724157154929039700,25,598.3,503.1,33.60000000000002,18.0,1,1,1.0
1724157154929039700,22,597.81,539.07,73.99000000000001,22.42999999999995,1,1,1.0
1724157154929039700,24,446.75,533.12,42.360000000000014,48.17999999999995,1,1,1.0
1724157154929039700,20,479.9,512.6,99.63,18.699999999999932,1,1,1.0
1724157154990837900,1,402.3,383.94,327.47999999999996,152.85999999999996,1,2,1.0
1724157154990837900,23,491.66,575.9,82.63999999999993,33.39999999999998,1,1,1.0
1724157154990837900,21,666.77,519.44,54.39999999999998,36.299999999999955,1,1,1.0
1724157154990837900,19,626.29,558.46,78.56000000000006,21.059999999999945,1,1,1.0
1724157154990837900,25,600.59,504.0,29.00999999999999,10.799999999999955,1,1,1.0
1724157154990837900,22,600.95,531.97,70.34999999999991,28.029999999999973,1,1,1.0
1724157154990837900,24,444.4,530.54,39.82000000000005,48.860000000000014,1,1,1.0
1724157154990837900,20,498.15,512.1,77.35000000000002,20.100000000000023,1,1,1.0
1724157155051336600,1,406.7,383.6,329.50000000000006,156.19999999999993,1,2,1.0
1724157155051336600,23,497.8,574.3,83.40000000000003,27.5,1,1,1.0
1724157155051336600,21,681.9,529.32,45.80000000000007,31.279999999999973,1,1,1.0
1724157155051336600,19,633.99,556.74,77.30999999999995,22.460000000000036,1,1,1.0
1724157155051336600,25,598.04,502.14,35.25999999999999,13.56000000000006,1,1,1.0
1724157155051336600,22,615.77,531.97,57.129999999999995,26.42999999999995,1,1,1.0
1724157155051336600,24,441.9,541.54,28.689999999999998,38.16000000000008,1,1,1.0
1724157155051336600,20,464.4,509.49,102.61000000000001,22.269999999999982,1,1,1.0
1724157155116840100,1,399.1,383.22,341.6,154.48000000000002,1,2,1.0
1724157155116840100,23,507.9,574.2,74.96000000000004,20.199999999999932,1,1,1.0
1724157155116840100,21,688.45,526.86,39.70999999999992,34.210000000000036,1,1,1.0
1724157155116840100,19,651.9,552.1,75.37,42.67999999999995,1,1,1.0
1724157155116840100,25,603.67,501.18,27.530000000000086,14.619999999999948,1,1,1.0
1724157155116840100,22,602.51,536.26,57.129999999999995,26.430000000000064,1,1,1.0
1724157155116840100,24,442.5,536.74,51.110000000000014,40.360000000000014,1,1,1.0
1724157155116840100,20,490.0,511.99,83.70000000000005,19.909999999999968,1,1,1.0
1724157155184881000,1,413.25,383.26,325.75,148.21000000000004,1,2,1.0
1724157155184881000,23,520.45,574.1,74.96999999999991,20.909999999999968,1,1,1.0
1724157155184881000,21,691.41,532.46,39.34000000000003,37.789999999999964,1,1,1.0
1724157155184881000,19,656.8,556.2,62.30000000000007,27.659999999999968,1,1,1.0
1724157155184881000,22,606.02,538.99,60.77999999999997,29.110000000000014,1,1,1.0
1724157155184881000,24,442.7,535.94,49.98000000000002,40.8599999999999,1,1,1.0
1724157155184881000,20,491.14,511.21,83.65999999999997,20.990000000000066,1,1,1.0
1724157155244393600,1,411.51,384.81,329.18000000000006,144.95,1,2,1.0
1724157155244393600,23,521.85,569.72,77.26999999999998,24.289999999999964,1,1,1.0
1724157155244393600,21,703.31,538.8,32.09000000000003,28.050000000000068,1,1,1.0
1724157155244393600,19,664.16,554.55,61.379999999999995,31.25999999999999,1,1,1.0
1724157155244393600,22,622.79,538.21,53.50999999999999,30.49000000000001,1,1,1.0
1724157155244393600,24,446.3,533.9,40.81999999999999,38.5,1,1,1.0
1724157155244393600,20,508.88,512.91,79.72000000000003,27.090000000000032,1,1,1.0
1724157155313100800,1,396.62,384.5,352.28,149.11,1,2,1.0
1724157155313100800,23,528.9,570.08,72.06000000000006,25.5,1,1,1.0
1724157155313100800,21,699.84,536.17,41.17999999999995,33.57000000000005,1,1,1.0
1724157155313100800,19,671.8,557.1,60.66000000000008,29.579999999999927,1,1,1.0
1724157155313100800,22,599.39,538.6,72.31000000000006,29.899999999999977,1,1,1.0
1724157155313100800,24,440.9,531.16,37.08000000000004,36.24000000000001,1,1,1.0
1724157155313100800,20,531.31,516.4,69.3900000000001,22.399999999999977,1,1,1.0
1724157155382365300,1,405.47,385.98,339.79999999999995,141.62,1,2,1.0
1724157155382365300,23,538.4,568.2,70.06000000000006,25.019999999999982,1,1,1.0
1724157155382365300,21,704.51,545.1,34.789999999999964,23.360000000000014,1,1,1.0
1724157155382365300,19,666.1,555.7,68.17999999999995,30.17999999999995,1,1,1.0
1724157155382365300,22,599.78,537.43,72.31000000000006,29.90000000000009,1,1,1.0
1724157155382365300,24,438.7,547.0,29.460000000000036,21.899999999999977,1,1,1.0
1724157155382365300,20,517.25,516.72,82.45000000000005,20.779999999999973,1,1,1.0
1724157155436410800,1,402.98,384.32,339.01,144.79000000000002,1,2,1.0
1724157155436410800,23,539.39,572.0,76.5,20.110000000000014,1,1,1.0
1724157155436410800,21,710.0,546.8,32.700000000000045,23.360000000000014,1,1,1.0
1724157155436410800,19,686.1,558.6,54.789999999999964,33.139999999999986,1,1,1.0
1724157155436410800,22,633.38,542.49,53.210000000000036,29.879999999999995,1,1,1.0
1724157155436410800,24,439.1,535.7,41.31,33.69999999999993,1,1,1.0
1724157155436410800,20,520.68,515.07,54.40000000000009,16.92999999999995,1,1,1.0
1724157155508954500,1,391.9,382.66,352.47,148.33999999999997,1,2,1.0
1724157155508954500,23,550.41,572.0,66.74000000000001,19.799999999999955,1,1,1.0
1724157155508954500,21,713.44,551.0,22.459999999999923,17.889999999999986,1,1,1.0
1724157155508954500,26,611.48,543.04,44.97000000000003,19.530000000000086,1,1,1.0
1724157155508954500,19,695.0,559.4,47.379999999999995,25.200000000000045,1,1,1.0
1724157155508954500,22,651.48,549.43,47.85000000000002,31.700000000000045,1,1,1.0
1724157155508954500,20,522.85,517.11,68.66999999999996,18.49000000000001,1,1,1.0
1724157155570202000,1,395.8,382.95,344.16,151.25000000000006,1,2,1.0
1724157155570202000,23,555.74,572.2,69.02999999999997,18.139999999999986,1,1,1.0
1724157155570202000,21,709.97,551.96,47.52999999999997,20.539999999999964,1,1,1.0
1724157155570202000,26,628.74,538.5,27.25,23.620000000000005,1,1,1.0
1724157155570202000,19,708.41,567.19,37.57000000000005,20.149999999999977,1,1,1.0
1724157155570202000,22,660.5,553.52,57.299999999999955,36.680000000000064,1,1,1.0
1724157155570202000,27,449.03,495.44,42.77000000000004,38.30000000000001,1,1,1.0
1724157155570202000,20,517.7,514.24,73.69999999999993,20.960000000000036,1,1,1.0
1724157155630119500,1,409.11,382.19,329.29999999999995,143.29000000000002,1,2,1.0
1724157155630119500,23,567.78,572.4,54.92000000000007,19.0,1,1,1.0
1724157155630119500,21,713.44,557.8,42.059999999999945,14.900000000000091,1,1,1.0
1724157155630119500,26,631.47,541.68,27.25,23.620000000000005,1,1,1.0
1724157155630119500,19,699.87,561.5,50.08000000000004,26.149999999999977,1,1,1.0
1724157155630119500,22,678.34,564.55,56.75999999999999,29.050000000000068,1,1,1.0
1724157155630119500,27,459.45,496.6,30.150000000000034,35.65999999999997,1,1,1.0
1724157155630119500,20,528.57,515.11,53.92999999999995,20.590000000000032,1,1,1.0
1724157155700355200,1,391.62,384.6,349.78999999999996,143.92999999999995,1,2,1.0
1724157155700355200,23,571.88,573.3,67.32000000000005,20.3900000000001,1,1,1.0
1724157155700355200,21,710.89,555.6,48.00999999999999,20.5,1,1,1.0
1724157155700355200,26,631.47,541.68,36.82999999999993,29.020000000000095,1,1,1.0
1724157155700355200,19,697.1,560.4,46.299999999999955,25.200000000000045,1,1,1.0
1724157155700355200,22,669.13,563.58,68.97000000000003,29.41999999999996,1,1,1.0
1724157155700355200,27,457.96,499.9,36.14000000000004,41.64999999999998,1,1,1.0
1724157155700355200,20,531.46,515.29,53.539999999999964,20.00999999999999,1,1,1.0
1724157155757547800,1,389.01,382.68,350.26,147.24999999999994,1,2,1.0
1724157155757547800,23,580.61,573.1,65.34000000000003,19.67999999999995,1,1,1.0
1724157155757547800,21,728.32,559.1,22.979999999999905,17.850000000000023,1,1,1.0
1724157155757547800,26,633.28,544.4,39.51999999999998,25.800000000000068,1,1,1.0
1724157155757547800,19,704.2,560.32,40.569999999999936,27.279999999999973,1,1,1.0
1724157155757547800,22,671.27,565.24,62.02999999999997,29.75999999999999,1,1,1.0
1724157155757547800,27,451.64,498.4,33.860000000000014,46.139999999999986,1,1,1.0
1724157155757547800,20,534.09,516.13,49.309999999999945,18.16999999999996,1,1,1.0
1724157155838016100,1,390.3,379.87,353.43,149.73000000000002,1,2,1.0
1724157155838016100,23,595.06,573.1,52.1400000000001,19.399999999999977,1,1,1.0
1724157155838016100,21,729.36,558.42,22.74000000000001,20.08000000000004,1,1,1.0
1724157155838016100,26,629.2,542.59,44.5,27.110000000000014,1,1,1.0
1724157155838016100,19,702.5,556.05,36.89999999999998,32.85000000000002,1,1,1.0
1724157155838016100,22,690.63,568.05,44.16999999999996,28.65000000000009,1,1,1.0
1724157155838016100,27,456.1,492.8,42.39999999999998,47.650000000000034,1,1,1.0
1724157155838016100,20,531.94,514.09,61.75999999999999,20.110000000000014,1,1,1.0
1724157155895524200,1,387.64,380.82,353.01,149.07,1,2,1.0
1724157155895524200,23,599.92,573.27,51.280000000000086,18.930000000000064,1,1,1.0
1724157155895524200,21,729.56,558.61,17.6400000000001,19.289999999999964,1,1,1.0
1724157155895524200,26,631.01,544.4,41.789999999999964,26.200000000000045,1,1,1.0
1724157155895524200,22,689.28,568.45,46.01999999999998,26.84999999999991,1,1,1.0
1724157155895524200,27,461.68,493.2,40.920000000000016,46.14000000000004,1,1,1.0
1724157155895524200,20,541.52,517.39,39.08000000000004,16.110000000000014,1,1,1.0
1724157155949482900,1,388.28,379.44,348.44000000000005,149.56,1,2,1.0
1724157155949482900,23,606.47,573.26,50.129999999999995,22.139999999999986,1,1,1.0
1724157155949482900,21,733.61,567.04,14.389999999999986,10.259999999999991,1,1,1.0
1724157155949482900,26,630.33,545.09,41.789999999999964,26.18999999999994,1,1,1.0
1724157155949482900,22,691.57,565.67,44.629999999999995,28.730000000000018,1,1,1.0
1724157155949482900,27,443.83,493.6,59.47000000000003,42.75999999999999,1,1,1.0
1724157155949482900,20,539.0,514.49,42.10000000000002,22.210000000000036,1,1,1.0
1724157156014299600,1,390.3,379.56,344.72999999999996,148.04000000000002,1,2,1.0
1724157156014299600,23,614.41,575.37,41.99000000000001,18.83000000000004,1,1,1.0
1724157156014299600,26,629.65,545.77,41.79000000000008,26.190000000000055,1,1,1.0
1724157156014299600,22,706.76,574.31,34.639999999999986,20.290000000000077,1,1,1.0
1724157156014299600,27,445.69,494.34,56.110000000000014,30.160000000000025,1,1,1.0
1724157156014299600,20,539.9,514.29,40.10000000000002,23.31000000000006,1,1,1.0
1724157156085625500,1,415.7,378.7,320.59999999999997,144.90000000000003,1,2,1.0
1724157156085625500,23,628.19,578.69,35.90999999999997,18.00999999999999,1,1,1.0
1724157156085625500,26,629.2,543.04,44.09999999999991,31.160000000000082,1,1,1.0
1724157156085625500,22,709.91,576.92,25.690000000000055,18.879999999999995,1,1,1.0
1724157156085625500,27,437.51,493.2,64.29000000000002,30.930000000000007,1,1,1.0
1724157156085625500,20,539.2,514.61,34.309999999999945,11.490000000000009,1,1,1.0
1724157156143968700,1,412.8,374.66,336.3,144.73999999999995,1,2,1.0
1724157156143968700,23,619.13,579.25,63.47000000000003,17.850000000000023,1,1,1.0
1724157156143968700,26,625.11,539.86,47.289999999999964,35.24000000000001,1,1,1.0
1724157156143968700,22,707.31,575.21,27.090000000000032,20.089999999999918,1,1,1.0
1724157156143968700,27,440.5,497.66,65.01999999999998,23.839999999999975,1,1,1.0
1724157156215384100,1,386.3,375.28,362.22999999999996,153.42000000000007,1,2,1.0
1724157156215384100,23,625.47,578.7,63.23000000000002,20.299999999999955,1,1,1.0
1724157156215384100,26,627.64,534.77,49.5,42.190000000000055,1,1,1.0
1724157156215384100,27,436.8,495.43,63.879999999999995,27.170000000000016,1,1,1.0
1724157156273806600,1,386.89,377.84,353.32000000000005,148.71999999999997,1,2,1.0
1724157156273806600,23,648.84,582.95,39.45999999999992,20.649999999999977,1,1,1.0
1724157156273806600,26,631.68,535.76,47.8900000000001,48.06000000000006,1,1,1.0
1724157156273806600,27,437.9,495.06,67.25,23.04000000000002,1,1,1.0
1724157156334777500,1,387.82,376.27,351.06,146.14999999999998,1,2,1.0
1724157156334777500,23,652.15,580.78,47.25,21.519999999999982,1,1,1.0
1724157156334777500,26,615.74,535.82,71.77999999999997,52.20999999999992,1,1,1.0
1724157156334777500,28,487.7,593.77,23.44999999999999,18.950000000000045,1,1,1.0
1724157156334777500,27,437.9,497.29,69.11000000000001,23.810000000000002,1,1,1.0
1724157156396035300,1,387.12,391.5,356.51,133.32000000000005,1,2,1.0
1724157156396035300,23,669.28,587.32,32.32000000000005,16.579999999999927,1,1,1.0
1724157156396035300,26,645.62,540.32,40.90999999999997,43.84999999999991,1,1,1.0
1724157156396035300,28,486.96,595.25,23.450000000000045,16.75,1,1,1.0
1724157156396035300,27,436.8,495.43,73.93,29.369999999999948,1,1,1.0
1724157156459128700,1,384.51,378.88,358.79999999999995,145.12,1,2,1.0
1724157156459128700,23,669.83,587.48,31.370000000000005,15.919999999999959,1,1,1.0
1724157156459128700,26,638.38,545.82,52.120000000000005,40.27999999999997,1,1,1.0
1724157156459128700,28,483.6,592.28,32.379999999999995,19.720000000000027,1,1,1.0
1724157156459128700,27,437.5,496.18,75.83000000000004,28.21999999999997,1,1,1.0
1724157156536199500,1,384.0,376.61,355.77,147.24,1,2,1.0
1724157156536199500,23,664.73,586.63,31.370000000000005,15.919999999999959,1,1,1.0
1724157156536199500,26,647.72,557.0,49.97000000000003,29.299999999999955,1,1,1.0
1724157156536199500,28,482.15,593.4,37.55000000000007,19.409999999999968,1,1,1.0
1724157156536199500,27,436.0,497.29,81.41999999999996,26.410000000000025,1,1,1.0
1724157156611348700,1,388.86,375.43,348.58000000000004,150.2,1,2,1.0
1724157156611348700,26,579.3,551.5,119.49000000000001,37.67999999999995,1,1,1.0
1724157156611348700,28,481.71,593.0,43.29000000000002,20.289999999999964,1,1,1.0
1724157156611348700,27,439.35,494.69,75.85000000000002,25.70999999999998,1,1,1.0
1724157156663014500,1,402.05,374.79,337.99999999999994,154.73999999999995,1,2,1.0
1724157156663014500,26,582.7,552.6,121.13,40.68999999999994,1,1,1.0
1724157156663014500,28,487.64,591.6,41.460000000000036,19.579999999999927,1,1,1.0
1724157156663014500,27,437.1,495.1,69.91999999999996,25.299999999999955,1,1,1.0
1724157156724813200,1,400.63,375.37,340.51,150.61,1,2,1.0
1724157156724813200,26,638.2,561.6,81.09999999999991,41.19999999999993,1,1,1.0
1724157156724813200,28,490.45,591.9,38.75000000000006,21.649999999999977,1,1,1.0
1724157156724813200,27,453.8,493.61,49.870000000000005,24.18999999999994,1,1,1.0
1724157156790119100,1,392.13,375.74,350.64,155.04999999999995,1,2,1.0
1724157156790119100,26,634.6,560.7,76.19999999999993,38.0,1,1,1.0
1724157156790119100,28,488.22,589.2,42.98000000000002,23.50999999999999,1,1,1.0
1724157156790119100,27,438.55,492.9,56.14999999999998,36.06000000000006,1,1,1.0
1724157156846107500,1,386.21,374.98,357.15000000000003,151.54999999999995,1,2,1.0
1724157156846107500,26,647.0,562.6,66.29999999999995,37.10000000000002,1,1,1.0
1724157156846107500,28,484.77,589.5,48.129999999999995,23.440000000000055,1,1,1.0
1724157156846107500,27,439.3,492.16,56.139999999999986,36.05000000000001,1,1,1.0
1724157156909994600,1,383.06,375.48,355.28000000000003,153.18999999999994,1,2,1.0
1724157156909994600,26,659.5,563.2,54.59000000000003,34.89999999999998,1,1,1.0
1724157156909994600,28,490.61,591.6,41.68999999999994,22.029999999999973,1,1,1.0
1724157156909994600,27,440.41,492.53,56.14999999999998,36.05000000000007,1,1,1.0
1724157156978778500,1,384.8,374.81,355.18,156.08999999999997,1,2,1.0
1724157156978778500,26,659.6,570.9,56.039999999999964,29.200000000000045,1,1,1.0
1724157156978778500,28,492.62,589.3,39.98000000000002,27.680000000000064,1,1,1.0
1724157157064140700,1,382.7,374.07,362.00000000000006,154.72999999999996,1,2,1.0
1724157157064140700,26,661.3,572.0,50.110000000000014,23.33000000000004,1,1,1.0
1724157157064140700,28,502.8,588.9,29.80000000000001,27.420000000000073,1,1,1.0
1724157157110807300,1,411.1,373.0,335.09000000000003,140.0,1,2,1.0
1724157157110807300,26,656.6,569.5,63.84000000000003,28.24000000000001,1,1,1.0
1724157157110807300,28,504.32,582.9,55.88000000000005,30.950000000000045,1,1,1.0
1724157157165380700,1,383.5,373.49,360.32000000000005,150.61,1,2,1.0
1724157157165380700,26,669.5,574.5,54.17999999999995,28.879999999999995,1,1,1.0
1724157157165380700,28,508.33,581.7,57.670000000000016,28.59999999999991,1,1,1.0
1724157157249405400,1,399.33,373.35,345.19,145.25,1,2,1.0
1724157157249405400,26,680.6,574.4,42.48000000000002,27.340000000000032,1,1,1.0
1724157157249405400,28,511.89,582.0,54.00999999999999,23.220000000000027,1,1,1.0
1724157157295228800,1,403.26,372.58,343.54999999999995,141.82,1,2,1.0
1724157157295228800,26,680.2,575.7,38.719999999999914,25.409999999999968,1,1,1.0
1724157157295228800,28,515.24,585.22,44.97000000000003,15.240000000000009,1,1,1.0
1724157157364059500,1,400.2,372.36,340.39000000000004,139.03999999999996,1,2,1.0
1724157157364059500,26,682.9,573.9,42.440000000000055,28.110000000000014,1,1,1.0
1724157157364059500,28,518.96,583.36,46.039999999999964,15.240000000000009,1,1,1.0
1724157157432104400,1,399.52,374.63,342.78,138.37,1,2,1.0
1724157157432104400,26,696.17,583.37,30.430000000000064,19.92999999999995,1,1,1.0
1724157157432104400,28,526.0,582.62,40.49000000000001,10.779999999999973,1,1,1.0
1724157157432104400,29,512.86,532.63,18.620000000000005,14.5,1,1,1.0
1724157157494274200,1,403.52,374.65,355.99,138.75,1,2,1.0
1724157157494274200,26,696.29,585.84,28.610000000000014,17.360000000000014,1,1,1.0
1724157157494274200,28,523.03,582.25,46.07000000000005,10.779999999999973,1,1,1.0
1724157157494274200,29,509.9,527.1,26.800000000000068,24.899999999999977,1,1,1.0
1724157157564443800,1,406.74,374.69,351.05999999999995,135.81,1,2,1.0
1724157157564443800,26,689.62,582.78,35.27999999999997,20.32000000000005,1,1,1.0
1724157157564443800,29,511.4,523.75,26.790000000000077,28.950000000000045,1,1,1.0
1724157157627028700,1,389.8,377.51,356.53000000000003,151.39,1,2,1.0
1724157157627028700,26,706.62,590.0,24.17999999999995,11.0,1,1,1.0
1724157157627028700,29,510.2,526.02,29.430000000000007,30.58000000000004,1,1,1.0
1724157157681501400,1,391.1,377.1,359.94999999999993,149.5,1,2,1.0
1724157157681501400,29,511.3,528.25,28.69999999999999,30.950000000000045,1,1,1.0
1724157157752588800,1,387.7,373.99,362.94,153.71000000000004,1,2,1.0
1724157157752588800,26,708.75,586.6,19.450000000000045,12.699999999999932,1,1,1.0
1724157157752588800,29,511.0,529.28,26.840000000000032,32.01999999999998,1,1,1.0
1724157157809873800,1,381.9,371.37,369.33000000000004,155.73000000000002,1,2,1.0
1724157157809873800,29,510.2,529.42,28.62000000000006,32.879999999999995,1,1,1.0
1724157157869818300,1,385.8,372.31,438.08,149.08999999999997,1,2,1.0
1724157157869818300,29,510.38,516.0,31.120000000000005,50.14999999999998,1,1,1.0
1724157157944360900,1,406.43,371.12,415.07,140.07999999999998,1,2,1.0
1724157157944360900,29,504.63,538.2,28.24000000000001,29.839999999999918,1,1,1.0
1724157157999409200,1,405.62,381.35,379.08000000000004,133.75,1,2,1.0
1724157157999409200,29,503.5,537.26,31.610000000000014,33.84000000000003,1,1,1.0
1724157158071468000,1,384.16,381.23,379.59999999999997,142.59000000000003,1,2,1.0
1724157158071468000,29,503.37,534.88,32.629999999999995,36.27999999999997,1,1,1.0
1724157158126783000,1,404.45,378.64,354.71999999999997,137.06000000000006,1,2,1.0
1724157158126783000,29,500.6,532.66,36.41999999999996,40.74000000000001,1,1,1.0
1724157158192690500,1,388.6,380.6,368.79999999999995,142.89999999999998,1,2,1.0
1724157158192690500,29,490.3,533.9,51.56999999999999,45.80000000000007,1,1,1.0
1724157158251639700,1,384.2,379.55,444.7,139.84999999999997,1,2,1.0
1724157158251639700,29,498.3,531.3,43.49999999999994,46.90000000000009,1,1,1.0
1724157158321995500,1,426.2,380.65,337.49000000000007,137.51999999999998,1,2,1.0
1724157158321995500,29,496.0,538.3,40.710000000000036,42.0,1,1,1.0
1724157158387015100,1,431.6,368.54,332.38,132.35999999999996,1,2,1.0
1724157158387015100,29,490.72,535.8,49.27999999999997,48.450000000000045,1,1,1.0
1724157158445560400,1,369.2,369.8,403.67,152.40000000000003,1,2,1.0
1724157158445560400,29,476.6,532.22,72.64999999999998,67.07999999999993,1,1,1.0
1724157158511261600,1,367.6,368.64,409.88,151.36,1,2,1.0
1724157158511261600,29,484.1,536.07,63.69999999999993,57.32999999999993,1,1,1.0
1724157158585229000,1,369.5,373.29,410.39,142.41000000000003,1,2,1.0
1724157158585229000,29,476.3,541.8,52.49999999999994,58.5,1,1,1.0
1724157158649010600,1,372.45,370.22,398.51000000000005,143.90999999999997,1,2,1.0
1724157158649010600,29,476.2,535.94,57.910000000000025,63.559999999999945,1,1,1.0
1724157158707718600,1,367.4,363.65,384.40999999999997,147.75,1,2,1.0
1724157158707718600,29,474.2,550.09,44.849999999999966,50.20999999999992,1,1,1.0
1724157158769330300,1,365.1,366.45,383.81999999999994,145.55,1,2,1.0
1724157158769330300,29,473.2,546.55,45.150000000000034,53.05000000000007,1,1,1.0
1724157158769330300,30,453.23,494.86,47.89999999999998,26.069999999999936,1,1,1.0
1724157158832927200,1,384.11,365.09,366.44999999999993,146.59000000000003,1,2,1.0
1724157158832927200,29,471.02,545.4,64.38,54.31000000000006,1,1,1.0
1724157158832927200,30,450.94,495.72,42.64999999999998,29.079999999999927,1,1,1.0
1724157158904418000,1,376.63,364.2,363.78999999999996,148.7,1,2,1.0
1724157158904418000,29,471.8,542.3,62.99999999999994,58.30000000000007,1,1,1.0
1724157158904418000,30,445.38,495.23,47.53000000000003,32.309999999999945,1,1,1.0
1724157158961381100,1,383.66,364.95,360.46,142.17000000000002,1,2,1.0
1724157158961381100,29,472.15,547.0,67.35000000000002,51.299999999999955,1,1,1.0
1724157158961381100,30,433.52,496.37,68.39000000000004,34.27999999999997,1,1,1.0
1724157159026988900,1,383.42,365.13,361.63999999999993,144.45999999999998,1,2,1.0
1724157159026988900,29,471.4,543.9,67.5,57.200000000000045,1,1,1.0
1724157159026988900,31,460.68,535.03,21.930000000000007,32.680000000000064,1,1,1.0
1724157159026988900,30,435.54,493.98,70.68,35.75999999999999,1,1,1.0
1724157159090400400,1,365.0,363.83,381.05999999999995,137.37,1,2,1.0
1724157159090400400,29,473.33,547.0,65.46999999999997,51.60000000000002,1,1,1.0
1724157159090400400,31,457.2,551.8,23.25999999999999,18.5,1,1,1.0
1724157159090400400,30,435.9,497.67,63.33000000000004,33.48999999999995,1,1,1.0
1724157159162725700,1,361.4,363.09,384.80000000000007,138.91000000000003,1,2,1.0
1724157159162725700,29,474.01,540.5,60.59000000000003,58.07000000000005,1,1,1.0
1724157159162725700,31,454.6,544.06,25.859999999999957,30.540000000000077,1,1,1.0
1724157159162725700,30,433.2,497.78,69.71000000000004,33.680000000000064,1,1,1.0
1724157159223012400,1,404.96,363.64,343.26000000000005,139.08000000000004,1,2,1.0
1724157159223012400,29,474.14,553.8,62.460000000000036,44.5,1,1,1.0
1724157159223012400,31,456.7,539.76,29.78000000000003,33.940000000000055,1,1,1.0
1724157159223012400,30,429.61,494.02,75.53999999999996,37.539999999999964,1,1,1.0
1724157159292057300,1,397.88,363.05,349.92999999999995,138.95999999999998,1,2,1.0
1724157159292057300,29,471.7,546.7,61.400000000000034,54.59999999999991,1,1,1.0
1724157159292057300,31,450.3,551.37,25.860000000000014,28.33000000000004,1,1,1.0
1724157159292057300,30,433.67,492.78,73.30000000000001,37.72000000000003,1,1,1.0
1724157159364494200,1,389.1,365.28,355.59000000000003,135.62,1,2,1.0
1724157159364494200,29,473.4,549.18,59.77999999999997,52.92000000000007,1,1,1.0
1724157159364494200,31,449.9,544.49,32.28000000000003,36.110000000000014,1,1,1.0
1724157159364494200,30,434.03,488.97,73.81,43.66999999999996,1,1,1.0
